Timestamp,Offset_m,Heading_deg,Steer_deg,Speed_PWM,Raw_Speed
1770113671.898637,-0.2647,-6.54,181,415,41.6
1770113671.9813771,-0.2674,-6.94,192,402,40.3
1770113672.079265,-0.2681,-6.96,192,402,40.2
1770113672.1521122,-0.2646,-6.69,184,411,41.1
1770113672.2539961,-0.2631,-6.26,174,424,42.4
1770113672.3438625,-0.2670,-6.77,188,408,40.8
1770113672.4470818,-0.2668,-6.76,187,408,40.9
1770113672.5410924,-0.2624,-6.21,173,426,42.6
1770113672.6438308,-0.2633,-6.46,179,418,41.8
1770113672.7468662,-0.2607,-6.06,169,430,43.0
1770113672.849821,-0.2668,-6.90,190,404,40.4
1770113672.9526017,-0.2627,-6.27,174,424,42.4
1770113673.055476,-0.2624,-6.23,173,425,42.5
1770113673.148219,-0.2637,-6.30,175,423,42.3
1770113673.2511759,-0.2637,-6.76,185,408,40.9
1770113673.354055,-0.2653,-6.87,189,405,40.5
1770113673.4570508,-0.2674,-6.98,192,401,40.2
1770113673.5601933,-0.2661,-6.91,190,403,40.4
1770113673.662879,-0.2680,-6.95,192,402,40.2
1770113673.7556372,-0.2605,-6.14,170,428,42.8
1770113673.8585224,-0.2688,-7.05,195,399,39.9
1770113673.961389,-0.2639,-6.26,175,424,42.4
1770113674.0644422,-0.2658,-6.65,184,412,41.2
1770113674.1673343,-0.2609,-6.20,172,426,42.6
1770113674.2601588,-0.2674,-6.86,190,405,40.5
1770113674.3629682,-0.2675,-6.87,190,405,40.5
1770113674.4659712,-0.2627,-6.47,179,417,41.8
1770113674.5689604,-0.2667,-6.85,189,405,40.6
1770113674.6721337,-0.2671,-7.01,193,400,40.1
1770113674.7751126,-0.2660,-6.79,187,407,40.8
1770113674.8780532,-0.2642,-6.43,179,419,41.9
1770113674.9707484,-0.2633,-6.43,178,419,41.9
1770113675.0736752,-0.2627,-6.16,172,427,42.8
1770113675.1765447,-0.2628,-6.39,177,420,42.1
1770113675.2796476,-0.2620,-6.30,175,423,42.3
1770113675.3828554,-0.2662,-6.76,187,408,40.9
1770113675.4854345,-0.2628,-6.42,178,419,41.9
1770113675.5783467,-0.2667,-6.87,190,405,40.5
1770113675.6811337,-0.2624,-6.30,175,423,42.3
1770113675.784067,-0.2644,-6.79,187,407,40.8
1770113675.8872747,-0.2642,-6.57,182,414,41.5
1770113675.9909348,-0.2605,-6.32,174,422,42.3
1770113676.083674,-0.2611,-6.31,174,422,42.3
1770113676.1871278,-0.2659,-6.91,190,404,40.4
1770113676.2900786,-0.2595,-6.12,169,428,42.9
1770113676.3928757,-0.2662,-6.75,187,408,40.9
1770113676.495774,-0.2661,-6.88,189,405,40.5
1770113676.5985694,-0.2608,-6.26,173,424,42.5
1770113676.6914012,-0.2633,-6.53,180,416,41.6
1770113676.7942336,-0.2606,-6.24,173,425,42.5
1770113676.8971865,-0.2609,-6.31,174,423,42.3
1770113677.0000985,-0.2624,-6.44,178,418,41.9
1770113677.1031475,-0.2660,-6.98,192,401,40.2
1770113677.2066364,-0.2649,-6.81,187,407,40.7
1770113677.299368,-0.2608,-6.25,173,424,42.5
1770113677.402149,-0.2611,-6.28,174,423,42.4
1770113677.5049162,-0.2618,-6.27,174,424,42.4
1770113677.607768,-0.2622,-6.19,172,426,42.7
1770113677.7105415,-0.2615,-6.21,172,425,42.6
1770113677.8135016,-0.2598,-6.14,170,428,42.8
1770113677.9195452,-0.2613,-6.24,173,425,42.5
1770113678.0234015,-0.2624,-6.33,175,422,42.2
1770113678.1266458,-0.2610,-6.26,173,424,42.4
1770113678.2199326,-0.2626,-6.44,178,418,41.9
1770113678.3234797,-0.2616,-6.31,175,422,42.3
1770113678.4271564,-0.2620,-6.42,177,419,42.0
1770113678.5314844,-0.2615,-6.40,177,420,42.0
1770113678.6362286,-0.2627,-6.47,179,417,41.8
1770113678.7282777,-0.2610,-6.23,173,425,42.5
1770113678.8319077,-0.2613,-6.26,173,424,42.4
1770113678.9358273,-0.2604,-6.29,174,423,42.4
1770113679.0407958,-0.2629,-6.41,177,419,42.0
1770113679.1336899,-0.2623,-6.45,178,418,41.9
1770113679.2369888,-0.2629,-6.42,178,419,42.0
1770113679.3406632,-0.2620,-6.28,174,423,42.4
1770113679.4450722,-0.2629,-6.38,177,420,42.1
1770113679.5376837,-0.2630,-6.53,180,416,41.6
1770113679.641974,-0.2621,-6.45,178,418,41.9
1770113679.746745,-0.2621,-6.46,178,418,41.8
1770113679.841524,-0.2604,-6.27,173,424,42.4
1770113679.9451623,-0.2611,-6.34,175,421,42.2
1770113680.0491278,-0.2592,-6.26,172,424,42.5
1770113680.1533842,-0.2629,-6.49,179,417,41.7
1770113680.2461462,-0.2610,-6.35,175,421,42.2
1770113680.349814,-0.2624,-6.52,180,416,41.6
1770113680.4746044,-0.2622,-6.43,177,419,41.9
1770113680.5471919,-0.2602,-6.35,175,421,42.2
1770113680.6487648,-0.2603,-6.51,178,416,41.7
1770113680.7517028,-0.2657,-7.01,192,400,40.1
1770113680.8445284,-0.2617,-6.51,179,416,41.7
1770113680.9475145,-0.2626,-6.48,179,417,41.8
1770113681.050387,-0.2626,-6.37,176,421,42.1
1770113681.1533942,-0.2623,-6.54,180,415,41.6
1770113681.2564962,-0.2596,-6.38,175,420,42.1
1770113681.3593478,-0.2626,-6.49,179,417,41.7
1770113681.4522197,-0.2603,-6.43,177,419,41.9
1770113681.5549798,-0.2624,-6.39,177,420,42.1
1770113681.6578994,-0.2623,-6.51,179,416,41.7
1770113681.76079,-0.2612,-6.55,180,415,41.6
1770113681.863863,-0.2615,-6.32,175,422,42.3
1770113681.966658,-0.2631,-6.51,180,416,41.7
1770113683.833064,-0.2618,-6.40,177,420,42.0
1770113683.9362338,-0.2627,-6.41,177,419,42.0
1770113684.0392728,-0.2616,-6.56,180,415,41.5
1770113684.1422858,-0.2629,-6.44,178,419,41.9
1770113684.2451496,-0.2604,-6.42,176,419,42.0
1770113684.3379512,-0.2622,-6.62,182,413,41.3
1770113684.440863,-0.2633,-6.69,184,411,41.1
1770113684.5439954,-0.2590,-6.09,169,429,43.0
1770113684.6475785,-0.3071,-9.33,250,321,32.1
1770113684.7503214,-0.4122,-7.18,250,395,39.5
1770113684.8428876,-0.5111,-3.67,216,486,48.6
1770113684.9455907,-0.6346,-6.21,250,426,42.6
1770113685.048505,-0.7257,-4.43,250,472,47.2
1770113685.1520567,-0.8955,-4.90,250,461,46.2
1770113685.2549524,0.6073,-14.88,-250,200,20.0
1770113685.3599613,1.2769,-26.49,-250,200,20.0
1770113685.452168,1.4714,-13.44,-250,211,21.2
1770113685.557841,1.8896,10.43,-250,285,28.5
1770113685.671549,1.7508,2.82,-250,496,49.7
1770113685.7757962,0.4575,37.18,-250,200,20.0
1770113685.8678522,-0.2289,3.30,55,491,49.2
1770113685.971963,-0.2276,-8.64,207,345,34.5
1770113686.0744689,-1.2094,-11.54,250,252,25.2
1770113686.168047,-1.1867,-12.74,250,224,22.4
1770113686.2713354,-1.1915,-10.11,250,295,29.5
1770113686.3762386,-0.1850,-7.79,165,374,37.4
1770113686.4802637,-0.3509,-13.71,250,208,20.8
1770113686.5768626,-0.5392,-16.57,250,200,20.0
1770113686.6836429,-0.8163,-20.87,250,200,20.0
1770113686.7866347,-1.1598,-30.19,250,200,20.0
1770113686.8793464,-1.2210,-31.85,250,200,20.0
1770113686.9840016,-1.2684,-30.97,250,200,20.0
1770113687.0890293,1.7018,18.99,-250,200,20.0
1770113687.1971264,1.6407,19.38,-250,200,20.0
1770113687.297956,1.5967,19.67,-250,200,20.0
1770113687.3899655,1.5065,18.00,-250,200,20.0
1770113687.4956598,1.4797,17.29,-250,200,20.0
1770113687.5874708,1.4978,17.78,-250,200,20.0
1770113687.6807535,1.5232,16.54,-250,200,20.0
1770113687.7855935,1.4986,8.14,-250,362,36.2
1770113687.879077,1.4510,-4.10,-250,478,47.9
1770113687.9741714,1.4615,-7.47,-250,385,38.5
1770113688.0804644,1.5674,-5.27,-250,452,45.3
1770113688.172047,-0.9868,-33.92,250,200,20.0
1770113688.2774749,-0.8585,-32.75,250,200,20.0
1770113688.379085,-0.5785,-24.66,250,200,20.0
1770113688.471984,-0.6694,-29.59,250,200,20.0
1770113688.5768168,-0.6676,-27.91,250,200,20.0
1770113688.6823285,-0.5653,-21.78,250,200,20.0
1770113688.784895,-0.8147,-28.91,250,200,20.0
1770113688.8789763,-0.8884,-30.00,250,200,20.0
1770113688.983495,-0.9344,-29.92,250,200,20.0
1770113689.0906157,-0.7708,-22.30,250,200,20.0
1770113689.185017,-0.8556,-23.65,250,200,20.0
1770113689.2909603,1.5626,-2.04,-250,499,50.0
1770113689.394173,1.4880,-3.10,-250,493,49.4
1770113689.4868832,1.3730,-6.01,-250,431,43.2
1770113689.5899463,1.1738,-9.55,-250,314,31.4
1770113689.6941478,1.1341,-9.02,-250,332,33.2
1770113689.796682,1.1635,-8.50,-250,350,35.0
1770113689.902181,1.2524,-2.20,-250,499,50.0
1770113689.9935048,1.2694,-4.51,-250,470,47.1
1770113690.0950043,1.3289,-7.81,-250,373,37.4
1770113690.202449,1.4662,-5.51,-250,446,44.6
1770113690.305458,1.5672,-4.83,-250,463,46.4
1770113690.397017,1.6510,-3.62,-250,487,48.7
1770113690.4997213,1.7798,-1.84,-250,500,50.0
1770113690.6014104,-1.3315,-32.10,250,200,20.0
1770113690.7041488,-1.3217,-54.56,250,200,20.0
1770113690.8077404,-0.9996,1.51,250,500,50.0
1770113690.9013324,-0.2169,63.06,-250,200,20.0
1770113691.0049024,-0.5767,-15.37,250,200,20.0
1770113691.110181,-0.8903,54.18,250,200,20.0
1770113691.2123246,-1.2106,2.28,250,499,50.0
1770113691.3160305,-1.2944,-6.10,250,429,42.9
1770113691.4086087,-1.3073,53.49,250,200,20.0
1770113691.5128112,0.0388,4.63,-52,468,46.8
1770113691.6155577,-0.2965,5.20,83,454,45.5
1770113691.7190118,1.2970,-8.36,-250,354,35.5
1770113691.8228738,1.2673,-6.42,-250,419,42.0
1770113691.9157279,1.1214,-6.35,-250,421,42.2
1770113692.0189052,1.0094,-5.02,-250,458,45.9
1770113692.1216445,0.9143,-9.78,-250,306,30.6
1770113692.224656,0.7961,-18.30,-250,200,20.0
1770113692.3270664,25.0103,86.18,-250,200,20.0
1770113692.420152,-2.0434,-53.21,250,200,20.0
1770113692.523536,-1.7915,-47.62,250,200,20.0
1770113692.6269825,-1.2157,5.91,250,434,43.5
1770113692.7304242,-1.0757,16.68,250,200,20.0
1770113692.833843,-1.2773,16.33,250,200,20.0
1770113692.9376051,-1.3326,-22.53,250,200,20.0
1770113693.0302749,14.4618,84.10,-250,200,20.0
1770113693.1387923,7.1280,78.78,-250,200,20.0
1770113693.2314134,3.9381,72.28,-250,200,20.0
1770113693.3365397,1.4964,62.61,-250,200,20.0
1770113693.4447198,1.2288,61.32,-250,200,20.0
1770113693.5408907,1.1824,61.08,-250,200,20.0
1770113693.636649,1.7966,65.93,-250,200,20.0
1770113693.740987,2.6887,70.68,-250,200,20.0
1770113693.8444874,1.3388,61.50,-250,200,20.0
1770113693.947328,0.4361,51.59,-250,200,20.0
1770113694.0532074,-0.2552,39.62,-97,200,20.0
1770113694.14462,-0.5937,31.03,250,200,20.0
1770113694.2488155,-1.1248,11.49,250,253,25.4
1770113694.345803,-0.6253,29.28,250,200,20.0
1770113694.4499648,0.1460,49.11,-250,200,20.0
1770113694.5530655,-0.7658,22.98,250,200,20.0
1770113694.6573584,-1.0735,3.99,250,481,48.1
1770113694.7502923,-1.0291,3.83,250,483,48.4
1770113694.8542237,-1.1931,-10.35,250,287,28.8
1770113694.9580545,-10.0441,-80.57,250,200,20.0
1770113695.062474,-5.8194,-74.39,250,200,20.0
1770113695.1563268,-1.3233,-28.60,250,200,20.0
1770113695.2590773,0.2964,-15.81,-128,200,20.0
1770113695.3643832,0.1588,-14.34,-21,202,20.2
1770113695.4565217,0.1981,1.89,-83,500,50.0
1770113695.550794,-1.2776,-43.87,250,200,20.0
1770113695.6332943,-0.1273,-12.39,201,231,23.1
1770113695.7170842,1.3734,49.88,-250,200,20.0
1770113695.8136442,2.0388,30.81,-250,200,20.0
1770113695.8871808,2.0713,29.71,-250,200,20.0
1770113695.9608266,1.4544,-31.43,-250,200,20.0
1770113696.0335379,1.3456,-39.55,-250,200,20.0
1770113696.1054964,1.2156,-48.01,-250,200,20.0
1770113696.1693265,1.3214,-32.70,-250,200,20.0
1770113696.2411723,1.0134,-49.38,-250,200,20.0
1770113696.3156066,1.0533,-47.34,-250,200,20.0
1770113696.3792634,0.9160,-46.18,-250,200,20.0
1770113696.4426017,0.7828,-44.51,-250,200,20.0
1770113696.5151772,0.6134,-40.84,-200,200,20.0
1770113696.5780592,0.4900,-27.94,-197,200,20.0
1770113696.6410158,0.4558,12.99,-250,219,21.9
1770113696.7052047,0.3366,17.17,-250,200,20.0
1770113696.7678576,0.2189,20.12,-250,200,20.0
1770113696.8321388,0.1327,25.68,-250,200,20.0
1770113696.8938646,0.1158,33.70,-250,200,20.0
1770113696.9578702,0.1174,39.43,-250,200,20.0
1770113697.022051,0.1250,45.13,-250,200,20.0
1770113697.0827227,-0.1708,44.80,-211,200,20.0
1770113697.1349006,-0.2402,47.08,-170,200,20.0
1770113697.1972387,-0.3000,50.72,-147,200,20.0
1770113697.260171,-0.4110,52.45,-66,200,20.0
1770113697.3227928,-0.5222,53.23,22,200,20.0
1770113697.3865235,-0.6270,53.76,108,200,20.0
1770113697.448604,-0.7195,54.59,181,200,20.0
1770113697.5011315,-0.8501,53.76,250,200,20.0
1770113697.5650263,-0.9624,54.59,250,200,20.0
1770113697.6371474,-1.1049,55.05,250,200,20.0
1770113697.6990535,-1.2560,56.56,250,200,20.0
1770113697.762334,-1.2978,21.21,250,200,20.0
1770113697.8283436,-1.2163,40.94,250,200,20.0
1770113697.89936,-1.2783,-56.36,250,200,20.0
1770113697.9720905,-1.2110,-26.41,250,200,20.0
1770113698.045195,-1.2866,-28.02,250,200,20.0
1770113698.1171844,-1.4791,-16.97,250,200,20.0
1770113698.2001004,-1.4780,-12.70,250,224,22.5
1770113698.2828484,-1.5744,-31.45,250,200,20.0
1770113698.3759844,-1.5932,-37.12,250,200,20.0
1770113698.4710865,-1.4581,-27.34,250,200,20.0
1770113698.5743012,-1.2246,9.16,250,327,32.7
1770113698.6681168,-0.8854,-11.69,250,248,24.9
1770113698.7701263,0.0144,-5.51,37,446,44.6
1770113698.8624945,0.0832,4.29,-66,475,47.5
1770113698.9453242,0.0278,8.91,-88,335,33.6
1770113699.0373235,0.0291,16.20,-154,200,20.0
1770113699.1288953,0.0773,29.14,-250,200,20.0
1770113699.22013,-0.0363,43.38,-250,200,20.0
1770113699.3247745,-1.4614,-22.36,250,200,20.0
1770113699.4254367,-0.1249,-38.42,250,200,20.0
1770113699.530922,0.1743,12.37,-239,231,23.2
1770113699.624292,0.3273,24.26,-250,200,20.0
1770113699.7266614,-0.3877,19.57,176,200,20.0
1770113699.8277395,0.4950,9.39,-250,319,31.9
1770113699.9298859,0.4744,4.75,-229,465,46.5
1770113700.0323973,-0.3187,-14.68,250,200,20.1
1770113700.1249514,-1.1245,-25.12,250,200,20.0
1770113700.2275107,-1.0996,-29.32,250,200,20.0
1770113700.329736,-0.1927,-19.37,250,200,20.0
1770113700.4339924,-0.0288,-7.99,80,367,36.8
1770113700.5435133,-0.6208,3.51,197,488,48.9
1770113700.6457984,-0.6373,15.66,250,200,20.0
1770113700.7465413,-0.8787,9.72,250,308,30.8
1770113700.8382852,0.0396,25.55,-238,200,20.0
1770113700.939867,-0.1145,2.78,17,496,49.7
1770113701.0425694,-0.0444,9.15,-44,327,32.8
1770113701.1453452,-1.5728,-17.33,250,200,20.0
1770113701.2467504,0.0028,-24.62,194,200,20.0
1770113701.3493555,0.0983,-20.28,77,200,20.0
1770113701.4520552,1.7864,6.58,-250,414,41.4
1770113701.5587912,1.6278,7.53,-250,383,38.3
1770113701.6621976,0.6854,-8.93,-250,334,33.5
1770113701.7529173,0.6893,-29.78,-250,200,20.0
1770113701.8548312,-0.2215,-10.74,247,275,27.6
1770113701.9575467,-0.2519,1.57,74,500,50.0
1770113702.060569,-0.6912,-7.85,250,372,37.2
1770113702.1666102,-0.9208,-22.79,250,200,20.0
1770113702.2664104,-0.4154,-36.06,250,200,20.0
1770113702.3690326,-0.5401,-32.41,250,200,20.0
1770113702.4768102,0.0343,14.47,-145,201,20.1
1770113702.5731103,-0.0955,4.57,1,469,46.9
1770113702.6751046,-0.0807,15.73,-56,200,20.0
1770113702.7757401,-0.0196,25.34,-185,200,20.0
1770113702.8773973,0.4469,30.54,-250,200,20.0
1770113702.982326,0.3359,38.33,-250,200,20.0
1770113703.0872693,0.2433,26.28,-250,200,20.0
1770113703.1787627,-0.5090,4.83,168,463,46.4
1770113703.2818537,-0.1699,4.75,30,465,46.6
1770113703.3836164,0.1061,25.34,-250,200,20.0
1770113703.4758158,0.2162,34.31,-250,200,20.0
1770113703.5792046,0.3574,43.67,-250,200,20.0
1770113703.683174,0.1352,37.49,-250,200,20.0
1770113703.786433,0.1468,42.11,-250,200,20.0
1770113703.890048,0.1099,38.25,-250,200,20.0
1770113703.987036,0.0188,35.44,-250,200,20.0
1770113704.091761,0.0036,33.32,-250,200,20.0
1770113704.1958086,0.0124,36.26,-250,200,20.0
1770113704.29826,-0.1268,28.07,-115,200,20.0
1770113704.3907092,-0.0713,34.37,-213,200,20.0
1770113704.4936087,0.0260,38.27,-250,200,20.0
1770113704.5977416,0.1522,-3.32,-28,491,49.1
1770113704.7026281,-0.2666,-29.52,250,200,20.0
1770113704.7957,0.0527,-14.75,72,200,20.0
1770113704.8985684,-0.0055,-16.15,133,200,20.0
1770113705.0015676,0.1371,-2.23,-29,499,50.0
1770113705.1035504,-0.0580,-21.70,223,200,20.0
1770113705.196715,0.1360,-36.16,172,200,20.0
1770113705.299075,-0.1715,-35.28,250,200,20.0
1770113705.4017131,0.3153,20.18,-250,200,20.0
1770113705.5046694,-0.7156,59.77,136,200,20.0
1770113705.6084356,-1.1716,4.60,250,468,46.9
1770113705.7118495,-0.9706,-22.63,250,200,20.0
1770113705.8064802,-0.4426,-20.08,250,200,20.0
1770113705.9113696,-1.8698,22.36,250,200,20.0
1770113706.0120373,-0.8905,7.76,250,375,37.5
1770113706.1165164,-0.6657,-22.00,250,200,20.0
1770113706.2274358,0.1066,-5.95,-1,433,43.4
1770113706.3228247,0.5950,-0.48,-200,500,50.0
1770113706.4240346,1.3218,26.32,-250,200,20.0
1770113706.4782693,1.3565,8.64,-250,345,34.5
1770113706.5408769,1.9607,16.67,-250,200,20.0
1770113706.601576,-0.9652,-1.64,250,500,50.0
1770113706.6552646,-0.2979,12.04,139,239,24.0
1770113706.7166739,0.1430,22.17,-250,200,20.0
1770113706.7780194,0.4187,35.03,-250,200,20.0
1770113706.8395603,-0.3827,28.80,98,200,20.0
1770113706.9006238,0.0848,-1.21,-19,500,50.0
1770113706.9625773,0.4067,43.24,-250,200,20.0
1770113707.0244384,-0.3804,59.06,-145,200,20.0
1770113707.0868804,0.1450,-0.77,-43,500,50.0
1770113707.139248,-6.3648,-78.10,250,200,20.0
1770113707.2005103,-0.8391,65.03,200,200,20.0
1770113707.2628052,-0.5951,47.64,130,200,20.0
1770113707.325065,-0.5790,38.20,191,200,20.0
1770113707.388012,-0.8575,4.45,250,472,47.2
1770113707.4522963,0.4599,-38.39,-88,200,20.0
1770113707.5278554,0.2557,-25.19,-18,200,20.0
1770113707.5942461,0.0050,-18.03,139,200,20.0
1770113707.6676672,-0.1252,-0.95,50,500,50.0
1770113707.7304683,-0.1291,2.62,23,497,49.8
1770113707.791876,-0.0926,-7.07,104,398,39.9
1770113707.8502688,-0.0260,1.17,0,500,50.0
1770113707.9108841,-0.0993,31.45,-166,200,20.0
1770113707.9731889,-0.2109,34.85,-97,200,20.0
1770113708.036815,-0.2475,26.45,1,200,20.0
1770113708.0920715,-0.1012,23.81,-103,200,20.0
1770113708.1543496,0.0389,25.10,-234,200,20.0
1770113708.217696,-0.0744,24.15,-129,200,20.0
1770113708.2808864,-0.1263,29.19,-125,200,20.0
1770113708.3408325,-0.2105,19.10,28,200,20.0
1770113708.4029605,-0.1364,22.10,-59,200,20.0
1770113708.456231,-0.1183,22.00,-74,200,20.0
1770113708.518259,-0.0472,24.38,-154,200,20.0
1770113708.5816672,0.0072,16.58,-138,200,20.0
1770113708.645495,0.1059,12.45,-185,230,23.0
1770113708.7090435,0.0972,5.71,-89,440,44.1
1770113708.7720854,0.1073,6.27,-100,424,42.4
1770113708.8358097,0.2077,13.92,-250,205,20.6
1770113708.8984802,0.3038,19.32,-250,200,20.0
1770113708.960132,0.3455,27.86,-250,200,20.0
1770113709.0231724,0.4521,28.01,-250,200,20.0
1770113709.0976782,0.2605,-32.80,38,200,20.0
1770113709.15942,0.6840,-26.26,-250,200,20.0
1770113709.231883,-0.1104,28.95,-136,200,20.0
1770113709.306331,0.0900,22.46,-250,200,20.0
1770113709.3894994,0.2104,21.45,-250,200,20.0
1770113709.4715376,0.2325,20.76,-250,200,20.0
1770113709.554101,0.2300,23.36,-250,200,20.0
1770113709.636718,0.1755,6.86,-143,405,40.5
1770113709.7293158,0.0752,-1.27,-15,500,50.0
1770113709.8122165,0.1193,0.96,-48,500,50.0
1770113709.9063442,-0.0358,-8.46,89,351,35.1
1770113709.9889436,-0.0536,-6.71,80,410,41.0
1770113710.083006,-0.1844,-16.65,250,200,20.0
1770113710.1645427,-0.1441,-6.55,122,415,41.5
1770113710.2465281,-0.0981,-10.18,150,293,29.3
1770113710.330178,-0.0372,-13.35,137,213,21.3
1770113710.422409,-0.0476,-5.42,63,448,44.9
1770113710.5061712,-0.0919,-14.79,197,200,20.0
1770113710.5986094,-0.2000,-35.45,250,200,20.0
1770113710.691891,-0.2281,-26.18,250,200,20.0
1770113710.7837589,0.9255,-6.31,-250,422,42.3
1770113710.8741784,0.1491,-0.48,-47,500,50.0
1770113710.9762983,0.5279,2.34,-200,499,49.9
1770113711.072062,0.6466,-0.96,-214,500,50.0
1770113711.1743958,0.5975,-9.03,-250,331,33.2
1770113711.2771115,0.5398,-7.65,-236,379,37.9
1770113711.3803196,0.5519,-4.95,-187,460,46.1
1770113711.483101,0.4374,-2.35,-132,499,49.9
1770113711.5859678,0.3392,1.68,-130,500,50.0
1770113711.702362,0.2591,-2.22,-71,499,50.0
1770113711.7948165,0.3174,-3.77,-87,484,48.5
1770113711.89802,0.3788,-2.41,-111,499,49.9
1770113712.0020335,0.4522,-5.58,-154,444,44.4
1770113712.1053846,0.5691,-3.82,-180,483,48.4
1770113712.1982305,0.5146,-1.13,-167,500,50.0
1770113712.301172,0.4442,-2.57,-133,498,49.8
1770113712.404913,0.4694,0.38,-164,500,50.0
1770113712.5079763,0.4777,-1.00,-156,500,50.0
1770113712.602296,0.4701,1.24,-171,500,50.0
1770113712.7101214,0.4575,-6.00,-162,432,43.2
1770113712.8023598,0.4045,-2.59,-119,498,49.8
1770113712.9055076,0.4356,-1.17,-140,500,50.0
1770113713.0092978,0.4383,0.69,-156,500,50.0
1770113713.1130195,0.4308,1.14,-157,500,50.0
1770113713.2174027,0.4318,-0.63,-143,500,50.0
1770113713.3212729,0.4239,-1.45,-134,500,50.0
1770113713.4141767,0.4237,-1.35,-134,500,50.0
1770113713.517355,0.3967,-2.88,-116,496,49.6
1770113713.6216948,0.3672,-4.42,-108,472,47.3
1770113713.7252653,0.3120,-3.68,-85,486,48.6
1770113713.8294415,0.4651,-1.46,-148,500,50.0
1770113713.9219272,0.4053,9.07,-250,330,33.0
1770113714.0256727,0.4001,9.59,-250,312,31.3
1770113714.1298687,0.4133,9.66,-250,310,31.0
1770113714.225239,0.4432,4.91,-220,461,46.2
1770113714.3289144,0.4820,7.78,-250,374,37.5
1770113714.4363613,0.4786,7.20,-250,394,39.4
1770113714.5299342,0.4750,5.86,-250,436,43.6
1770113714.632323,0.4510,-0.73,-149,500,50.0
1770113714.7375395,0.4507,-0.94,-147,500,50.0
1770113714.8432505,0.4437,-2.56,-133,498,49.8
1770113714.935546,0.4488,-1.75,-140,500,50.0
1770113715.0420136,0.4441,-1.93,-137,500,50.0
1770113715.1355898,0.4490,-1.59,-141,500,50.0
1770113715.240889,0.4493,-1.65,-141,500,50.0
1770113715.3459668,0.4479,-0.74,-148,500,50.0
1770113715.4407184,0.4543,-0.84,-149,500,50.0
1770113715.544255,0.4532,-1.25,-145,500,50.0
1770113715.6487372,0.4517,-1.51,-143,500,50.0
1770113715.7423913,0.4459,-1.55,-140,500,50.0
1770113715.8460145,0.4527,-1.24,-145,500,50.0
1770113715.9496522,0.4513,-1.24,-145,500,50.0
1770113716.0537367,0.4522,-1.32,-144,500,50.0
1770113716.1578596,0.4523,-1.19,-145,500,50.0
1770113716.2498932,0.4558,-0.92,-149,500,50.0
1770113716.3539236,0.5445,-2.94,-167,495,49.6
1770113716.4577217,1.0195,6.34,-250,422,42.2
1770113716.560743,1.1641,-1.80,-250,500,50.0
1770113716.6527922,0.1047,16.04,-218,200,20.0
1770113716.7568502,-0.6425,-16.63,250,200,20.0
1770113716.8606102,-0.4529,-28.75,250,200,20.0
1770113716.963607,-0.3324,-30.78,250,200,20.0
1770113717.0565968,-0.3377,-31.23,250,200,20.0
1770113717.1601167,-0.2864,-32.41,250,200,20.0
1770113717.2642586,-0.2433,-32.17,250,200,20.0
1770113717.367345,-0.2069,-28.53,250,200,20.0
1770113717.4615288,-0.3763,-29.88,250,200,20.0
1770113717.5659266,-0.4312,-31.52,250,200,20.0
1770113717.6690373,-0.4826,-31.68,250,200,20.0
1770113717.7730665,-0.5034,-30.51,250,200,20.0
1770113717.8775382,-0.4716,-28.87,250,200,20.0
1770113717.969564,-0.4549,-28.75,250,200,20.0
1770113718.0736763,-0.4516,-28.23,250,200,20.0
1770113718.1766212,-0.4785,-27.60,250,200,20.0
1770113718.2820024,-0.5150,-27.81,250,200,20.0
1770113718.3750122,-0.5487,-26.15,250,200,20.0
1770113718.4782991,1.0170,-31.75,-250,200,20.0
1770113718.5825257,0.9837,-31.29,-250,200,20.0
1770113718.6865451,0.9623,-29.70,-250,200,20.0
1770113718.779271,0.9921,-27.16,-250,200,20.0
1770113718.882926,1.0305,-28.18,-250,200,20.0
1770113718.9980276,-0.5132,-22.33,250,200,20.0
1770113719.0796487,-0.4526,-25.05,250,200,20.0
1770113719.1834385,-0.3306,-26.70,250,200,20.0
1770113719.2875118,-0.2406,-26.19,250,200,20.0
1770113719.390979,-0.2192,-26.84,250,200,20.0
1770113719.495743,-0.3004,-28.79,250,200,20.0
1770113719.588146,-0.3334,-29.62,250,200,20.0
1770113719.691907,-0.2845,-26.09,250,200,20.0
1770113719.7959814,-0.2377,-21.62,250,200,20.0
1770113719.8993046,-0.2966,-21.12,250,200,20.0
1770113719.992607,-0.3756,-22.41,250,200,20.0
1770113720.0983322,-0.4613,-24.07,250,200,20.0
1770113720.2040617,-0.4553,-20.89,250,200,20.0
1770113720.2967498,-0.5050,-20.56,250,200,20.0
1770113720.4003828,1.9498,23.52,-250,200,20.0
1770113720.503867,1.8589,23.30,-250,200,20.0
1770113720.6073153,1.7964,25.01,-250,200,20.0
1770113720.7115383,1.7542,25.43,-250,200,20.0
1770113720.8040361,1.7903,25.98,-250,200,20.0
1770113720.907791,1.7678,18.94,-250,200,20.0
1770113721.0105486,1.7160,7.94,-250,369,36.9
1770113721.1149094,-0.4794,-23.00,250,200,20.0
1770113721.2090204,-0.3724,-24.17,250,200,20.0
1770113721.3113902,-0.2109,-25.82,250,200,20.0
1770113721.4161394,-0.1094,-25.17,250,200,20.0
1770113721.519882,-0.1044,-24.56,250,200,20.0
1770113721.623776,-0.2554,-29.84,250,200,20.0
1770113721.7175558,-0.2529,-26.91,250,200,20.0
1770113721.8207607,-0.1952,-20.16,250,200,20.0
1770113721.9241347,-0.1911,-16.73,250,200,20.0
1770113722.0284169,-0.3218,-20.82,250,200,20.0
1770113722.1208358,-0.5531,-30.32,250,200,20.0
1770113722.2242558,-0.6913,-33.74,250,200,20.0
1770113722.327518,1.3691,-17.89,-250,200,20.0
1770113722.432355,1.3733,-13.76,-250,207,20.8
1770113722.5373964,1.3494,-12.16,-250,236,23.7
1770113722.6293874,1.3240,-11.78,-250,246,24.6
1770113722.7364717,1.3468,-11.49,-250,253,25.4
1770113722.8298783,1.4266,-10.78,-250,274,27.4
1770113722.9337387,1.5028,-11.93,-250,242,24.2
1770113723.0368407,-0.4516,-24.62,250,200,20.0
1770113723.1405652,-0.3069,-22.98,250,200,20.0
1770113723.2332356,-0.1865,-21.35,250,200,20.0
1770113723.3371308,-0.1393,-20.50,250,200,20.0
1770113723.4406734,-0.1400,-19.59,250,200,20.0
1770113723.5450583,-0.1778,-18.66,250,200,20.0
1770113723.6483057,-0.2460,-18.82,250,200,20.0
1770113723.7410946,-0.3357,-17.83,250,200,20.0
1770113723.844261,1.6356,-3.53,-250,488,48.9
1770113723.9477258,1.5718,-2.78,-250,496,49.7
1770113724.0530415,1.4715,-1.32,-250,500,50.0
1770113724.14895,1.3177,0.36,-250,500,50.0
1770113724.2511115,1.2571,0.99,-250,500,50.0
1770113724.3451548,1.3411,2.42,-250,499,49.9
1770113724.4487877,1.4548,2.27,-250,499,50.0
1770113724.5540285,1.5867,2.51,-250,498,49.9
1770113724.6580114,-0.5209,-12.04,250,239,23.9
1770113724.762337,-0.4128,-11.37,250,257,25.7
1770113724.8546503,-0.3029,-10.27,250,290,29.0
1770113724.9581213,-0.3080,-10.09,250,296,29.6
1770113725.0618546,-0.3529,-9.94,250,301,30.1
1770113725.1657395,2.4540,45.90,-250,200,20.0
1770113725.2580702,1.7879,25.10,-250,200,20.0
1770113725.361718,1.6520,26.24,-250,200,20.0
1770113725.4649692,1.5562,25.16,-250,200,20.0
1770113725.5684314,1.3940,16.35,-250,200,20.0
1770113725.6722503,1.2506,5.79,-250,438,43.8
1770113725.7655365,1.5534,28.68,-250,200,20.0
1770113725.8688293,1.6174,31.96,-250,200,20.0
1770113725.9719336,1.5754,26.84,-250,200,20.0
1770113726.07521,1.6670,30.12,-250,200,20.0
1770113726.179247,1.9571,43.62,-250,200,20.0
1770113726.2754784,1.9376,43.06,-250,200,20.0
1770113726.3799613,2.0463,46.19,-250,200,20.0
1770113726.474751,2.2336,51.37,-250,200,20.0
1770113726.5797398,2.1397,47.44,-250,200,20.0
1770113726.6834407,1.5957,19.89,-250,200,20.0
1770113726.787044,2.0854,42.97,-250,200,20.0
1770113726.8799136,1.5269,10.30,-250,289,28.9
1770113726.9836123,1.6619,18.36,-250,200,20.0
1770113727.0870585,1.6930,21.14,-250,200,20.0
1770113727.190739,1.7491,24.38,-250,200,20.0
1770113727.2943015,1.7072,25.17,-250,200,20.0
1770113727.3874063,1.5755,19.07,-250,200,20.0
1770113727.490872,1.6120,22.39,-250,200,20.0
1770113727.5941339,1.8588,33.58,-250,200,20.0
1770113727.6976645,2.2979,47.11,-250,200,20.0
1770113727.8014371,2.3557,48.17,-250,200,20.0
1770113727.8953586,2.2833,45.73,-250,200,20.0
1770113727.9986627,2.4165,49.59,-250,200,20.0
1770113728.1032784,2.4709,51.40,-250,200,20.0
1770113728.196961,0.1364,-14.81,1,200,20.0
1770113728.3003228,0.1995,-10.06,-57,297,29.7
1770113728.4035933,0.2506,-7.19,-74,394,39.5
1770113728.5080633,0.2963,-8.35,-108,355,35.5
1770113728.6020758,0.2096,-8.73,-59,342,34.2
1770113728.7053206,0.2027,-10.97,-62,268,26.9
1770113728.8084996,0.3506,0.58,-125,500,50.0
1770113728.9122946,2.7533,60.37,-250,200,20.0
1770113729.0060766,-0.3034,28.33,34,200,20.0
1770113729.1094263,-0.1608,34.51,-137,200,20.0
1770113729.2130005,-0.0725,37.92,-241,200,20.0
1770113729.3174424,-0.0102,41.58,-250,200,20.0
1770113729.4092927,-0.0269,40.13,-250,200,20.0
1770113729.512835,0.0343,44.71,-250,200,20.0
1770113729.6160305,0.0404,45.58,-250,200,20.0
1770113729.7193158,0.0268,45.07,-250,200,20.0
1770113729.8224597,0.0126,45.70,-250,200,20.0
1770113729.9257271,-0.0104,43.97,-250,200,20.0
1770113730.0187984,-0.0722,41.36,-250,200,20.0
1770113730.1230533,-0.1020,40.22,-234,200,20.0
1770113730.2261999,-0.0855,41.36,-250,200,20.0
1770113730.3311803,1.9428,46.35,-250,200,20.0
1770113730.423321,-0.0737,43.67,-250,200,20.0
1770113730.52686,1.8155,43.38,-250,200,20.0
1770113730.6300328,1.9916,51.05,-250,200,20.0
1770113730.7329652,-0.0939,40.75,-245,200,20.0
1770113730.8363233,-0.0626,43.17,-250,200,20.0
1770113730.9294412,-0.0229,45.24,-250,200,20.0
1770113731.0332334,-0.0119,44.61,-250,200,20.0
1770113731.1365287,0.0291,47.88,-250,200,20.0
1770113731.239916,-0.2348,25.71,-3,200,20.0
1770113731.3446777,1.7977,36.79,-250,200,20.0
1770113731.4372666,1.7064,32.49,-250,200,20.0
1770113731.5406597,1.7586,35.79,-250,200,20.0
1770113731.6439667,1.8630,41.12,-250,200,20.0
1770113731.7475295,2.0394,45.17,-250,200,20.0
1770113731.8508966,-0.2509,8.41,82,353,35.3
1770113731.9439614,-0.1885,17.30,23,200,20.0
1770113732.0477695,-0.2978,11.54,136,252,25.2
1770113732.1517568,-0.3983,-4.21,186,476,47.7
1770113732.2554286,1.8957,35.81,-250,200,20.0
1770113732.3486269,1.7457,34.86,-250,200,20.0
1770113732.4529767,1.4837,33.37,-250,200,20.0
1770113732.5469747,1.2845,29.09,-250,200,20.0
1770113732.651094,1.2235,26.43,-250,200,20.0
1770113732.7476919,1.2135,24.93,-250,200,20.0
1770113732.8327398,1.1984,23.82,-250,200,20.0
1770113732.927658,1.2650,26.67,-250,200,20.0
1770113733.0208926,1.2676,24.07,-250,200,20.0
1770113733.1145175,1.2113,12.49,-250,229,22.9
1770113733.2080228,-0.8833,-27.27,250,200,20.0
1770113733.2895892,-0.5811,-26.31,250,200,20.0
1770113733.382345,-0.4692,-13.51,250,210,21.1
1770113733.4654684,-0.2784,4.59,73,469,46.9
1770113733.5616438,-0.0526,8.80,-37,339,34.0
1770113733.6449378,1.5316,28.64,-250,200,20.0
1770113733.72708,1.5119,33.21,-250,200,20.0
1770113733.8099236,1.9936,67.54,-250,200,20.0
1770113733.9039261,0.3195,47.92,-250,200,20.0
1770113733.9762418,0.9655,45.12,-250,200,20.0
1770113734.0620337,0.8219,38.87,-250,200,20.0
1770113734.155529,0.4760,53.18,-250,200,20.0
1770113734.238217,1.0507,60.09,-250,200,20.0
1770113734.3230352,2.0495,43.81,-250,200,20.0
1770113734.4044664,0.7549,54.46,-250,200,20.0
1770113734.4981134,1.1915,62.19,-250,200,20.0
1770113734.5818882,1.1482,60.97,-250,200,20.0
1770113734.665491,1.4510,62.77,-250,200,20.0
1770113734.7468224,1.0055,53.95,-250,200,20.0
1770113734.8395016,0.9489,52.47,-250,200,20.0
1770113734.9127412,0.1857,17.56,-250,200,20.0
1770113734.9975421,-0.3135,-18.07,250,200,20.0
1770113735.0808825,-0.7716,-42.74,250,200,20.0
1770113735.1533282,-0.3232,-19.56,250,200,20.0
1770113735.2369246,-0.5013,-28.19,250,200,20.0
1770113735.3191638,-0.3255,-30.39,250,200,20.0
1770113735.3928862,-0.8458,-49.90,250,200,20.0
1770113735.4666698,-0.8133,-49.23,250,200,20.0
1770113735.5397685,1.4527,1.26,-250,500,50.0
1770113735.6154408,-0.3538,-30.16,250,200,20.0
1770113735.6965327,-0.3657,-27.89,250,200,20.0
1770113735.761416,-0.1371,-3.66,79,486,48.7
1770113735.8326712,-0.2209,-11.93,250,242,24.2
1770113735.9059145,-1.5810,-3.12,250,493,49.4
1770113735.9668627,-1.5085,-2.45,250,498,49.9
1770113736.029209,-1.5217,-6.26,250,424,42.4
1770113736.091903,-1.4319,5.93,250,434,43.4
1770113736.1533232,-0.6630,31.65,250,200,20.0
1770113736.2164521,0.1475,44.40,-250,200,20.0
1770113736.277753,0.4908,48.76,-250,200,20.0
1770113736.3391144,0.6232,16.18,-250,200,20.0
1770113736.4012845,0.6875,20.97,-250,200,20.0
1770113736.4635541,0.8915,6.43,-250,419,41.9
1770113736.526458,0.9021,0.46,-250,500,50.0
1770113736.5911462,0.8691,-0.80,-250,500,50.0
1770113736.6516242,0.8018,2.56,-250,498,49.8
1770113736.7133365,0.5165,-35.51,-159,200,20.0
1770113736.7761912,0.5070,-35.84,-148,200,20.0
1770113736.8479397,0.5318,-35.47,-173,200,20.0
1770113736.911249,0.7359,-9.57,-250,313,31.3
1770113736.9740145,0.7562,-0.82,-250,500,50.0
1770113737.0371778,0.7268,-7.24,-250,392,39.3
1770113737.0991488,0.5392,-35.29,-181,200,20.0
1770113737.1714356,0.5284,-36.30,-163,200,20.0
1770113737.234007,0.5129,-36.74,-146,200,20.0
1770113737.2980092,0.5231,-34.01,-177,200,20.0
1770113737.3591468,0.5190,-35.05,-165,200,20.0
1770113737.4208043,0.5250,-37.24,-153,200,20.0
1770113737.4930346,0.5342,-34.97,-179,200,20.0
1770113737.5558016,0.5153,-36.40,-151,200,20.0
1770113737.6189182,0.5312,-35.57,-171,200,20.0
1770113737.681047,0.5322,-35.41,-174,200,20.0
1770113737.7424972,0.5192,-35.12,-165,200,20.0
1770113737.815045,0.5328,-35.26,-175,200,20.0
1770113737.8787286,0.5299,-35.93,-168,200,20.0
1770113737.9408484,0.5117,-37.22,-141,200,20.0
1770113738.0032744,0.5339,-35.14,-177,200,20.0
1770113738.0646772,0.5275,-32.64,-192,200,20.0
1770113738.1378553,0.5321,-35.30,-174,200,20.0
1770113738.2002885,0.5363,-34.21,-187,200,20.0
1770113738.2631135,0.5204,-34.64,-170,200,20.0
1770113738.3254082,0.5180,-35.44,-161,200,20.0
1770113738.3868327,0.5202,-34.69,-169,200,20.0
1770113738.45979,0.6152,-5.26,-219,452,45.3
1770113738.5224478,0.5949,-7.43,-250,386,38.7
1770113738.5853093,0.5205,-34.64,-170,200,20.0
1770113738.6470716,0.5177,-35.39,-161,200,20.0
1770113738.7086055,0.5142,-36.47,-150,200,20.0
1770113738.7814822,0.5391,-33.43,-195,200,20.0
1770113738.844749,0.5206,-34.62,-170,200,20.0
1770113738.9068065,0.5192,-35.09,-165,200,20.0
1770113738.969294,0.5152,-36.26,-152,200,20.0
1770113739.0315692,0.6212,-2.31,-195,499,49.9
1770113739.103901,0.6373,5.30,-250,451,45.2
1770113739.1668956,0.6388,5.78,-250,438,43.9
1770113739.2303708,0.6462,9.34,-250,320,32.1
1770113739.2914665,0.6185,-3.44,-196,489,49.0
1770113739.3634694,0.6190,-3.24,-195,492,49.2
1770113739.4269361,0.6239,-0.90,-207,500,50.0
1770113739.4887311,0.5972,-6.37,-235,421,42.1
1770113739.5500114,0.6104,-0.42,-206,500,50.0
1770113739.6231198,0.6152,-4.95,-213,460,46.1
1770113739.6856883,0.6273,0.39,-218,500,50.0
1770113739.7491632,0.6211,-2.25,-195,499,50.0
1770113739.821744,0.6162,-4.36,-204,473,47.4
1770113739.884936,0.6181,-3.50,-196,488,48.9
1770113739.9464545,0.6098,-7.24,-250,393,39.3
1770113740.0197086,0.6101,-6.77,-250,408,40.8
1770113740.0828881,0.6324,3.02,-247,494,49.5
1770113740.154382,0.6435,8.15,-250,362,36.2
1770113740.2174804,0.6554,13.89,-250,206,20.6
1770113740.2788396,0.6734,22.07,-250,200,20.0
1770113740.3521366,0.6592,15.28,-250,200,20.0
1770113740.4133456,0.6649,17.44,-250,200,20.0
1770113740.4868717,0.6262,6.07,-250,430,43.0
1770113740.548534,0.6143,0.83,-217,500,50.0
1770113740.6215672,0.6080,-1.99,-193,500,50.0
1770113740.684325,0.6150,1.36,-222,500,50.0
1770113740.7562845,0.6116,-0.19,-208,500,50.0
1770113740.8194246,0.6112,-0.20,-208,500,50.0
1770113740.8807802,0.6153,1.91,-226,500,50.0
1770113740.954532,0.6159,2.08,-228,499,50.0
1770113741.0293772,0.6288,1.33,-226,500,50.0
1770113741.0925124,0.6352,3.82,-250,484,48.4
1770113741.164051,0.5276,-32.88,-190,200,20.0
1770113741.2158353,0.5256,-33.34,-184,200,20.0
1770113741.2897327,0.5220,-32.04,-192,200,20.0
1770113741.3621843,0.6558,6.45,-250,418,41.9
1770113741.434226,0.8088,19.85,-250,200,20.0
1770113741.4955785,0.6707,9.83,-250,304,30.4
1770113741.579176,0.6430,4.56,-250,469,47.0
1770113741.6518548,0.6230,-1.30,-203,500,50.0
1770113741.7242322,0.6123,-8.52,-250,349,34.9
1770113741.7953277,0.5301,-35.92,-168,200,20.0
1770113741.8676345,0.6316,-3.95,-205,481,48.2
1770113741.9504538,0.8406,1.36,-250,500,50.0
1770113742.0222077,1.0430,8.58,-250,347,34.7
1770113742.1042953,0.9847,50.12,-250,200,20.0
1770113742.1762838,1.5533,62.49,-250,200,20.0
1770113742.2585387,0.9970,-58.12,-250,200,20.0
1770113742.3404536,86.8825,88.90,-250,200,20.0
1770113742.4437795,1.4211,41.57,-250,200,20.0
1770113742.5470362,1.0928,46.33,-250,200,20.0
1770113742.6485527,1.3559,46.43,-250,200,20.0
1770113742.7450418,0.0223,20.76,-185,200,20.0
1770113742.846628,-1.0802,22.47,250,200,20.0
1770113742.9380884,-1.9007,-26.50,250,200,20.0
1770113743.017725,0.3488,-55.25,142,200,20.0
1770113743.1091871,0.4928,-35.70,-137,200,20.0
1770113743.2015555,-0.7111,-53.40,250,200,20.0
1770113743.3050041,-0.2253,3.87,53,483,48.3
1770113743.4104047,-0.9388,-37.56,250,200,20.0
1770113743.514182,-2.0419,-47.72,250,200,20.0
1770113743.6152828,-0.5421,-41.04,250,200,20.0
1770113743.7356296,0.5686,-38.61,-179,200,20.0
1770113743.7971783,0.3525,55.86,-250,200,20.0
1770113743.8691926,0.5105,62.99,-250,200,20.0
1770113743.9220033,-1.5274,6.56,250,415,41.5
1770113743.983598,-1.7262,7.42,250,386,38.7
1770113744.0458446,1.0282,59.04,-250,200,20.0
1770113744.1076388,-1.0958,-15.76,250,200,20.0
1770113744.1594794,-9.3042,-84.61,250,200,20.0
1770113744.2109718,2.4021,82.40,-250,200,20.0
1770113744.2711768,-6.2390,-77.36,250,200,20.0
1770113744.3230987,0.1632,53.88,-250,200,20.0
1770113744.385529,-0.3483,12.64,182,226,22.6
1770113744.4475293,1.0291,64.35,-250,200,20.0
1770113744.5100875,-0.9458,48.57,250,200,20.0
1770113744.5731785,-1.3868,26.05,250,200,20.0
1770113744.6453238,-1.2595,36.98,250,200,20.0
1770113744.7082021,0.5152,74.33,-250,200,20.0
1770113744.771273,-0.7524,51.19,237,200,20.0
1770113744.8331876,-0.1043,48.75,-250,200,20.0
1770113744.8952212,-0.0456,26.29,-171,200,20.0
1770113744.9577043,-0.5713,22.31,250,200,20.0
1770113745.019782,-0.0994,18.47,-62,200,20.0
1770113745.081361,0.3738,21.74,-250,200,20.0
1770113745.136477,-0.0744,10.31,-29,289,28.9
1770113745.197796,0.7642,25.70,-250,200,20.0
1770113745.251396,0.7368,-28.51,-250,200,20.0
1770113745.3059535,1.0335,61.01,-250,200,20.0
1770113745.3577693,-0.8501,22.56,250,200,20.0
1770113745.3993149,0.1673,51.37,-250,200,20.0
1770113745.4810312,-0.9252,14.98,250,200,20.0
1770113745.5242746,-2.6111,-78.00,250,200,20.0
1770113745.5757961,0.0000,0.00,0,500,50.0
1770113745.6382787,-10.2149,-81.61,250,200,20.0
1770113745.7004304,-2.7853,-45.49,250,200,20.0
1770113745.7642725,-0.0508,-8.96,103,334,33.4
1770113745.8163874,-26.0687,-87.17,250,200,20.0
1770113745.8786788,-4.0746,-73.98,250,200,20.0
1770113745.9529617,0.7389,9.18,-250,326,32.7
1770113746.0368423,0.3577,11.73,-250,247,24.7
1770113746.1296887,0.8408,-18.24,-250,200,20.0
1770113746.226465,1.0134,-12.49,-250,229,22.9
1770113746.325971,0.6999,-5.16,-250,455,45.5
1770113746.431413,0.5812,-0.48,-195,500,50.0
1770113746.5243728,0.2668,-22.37,-50,200,20.0
1770113746.6279771,0.7626,9.74,-250,307,30.7
1770113746.7319605,0.2561,-4.73,-65,465,46.6
1770113746.82488,-0.2994,-12.81,250,222,22.3
1770113746.9409883,-0.3057,2.32,86,499,49.9
1770113747.0312417,-0.3993,-5.99,231,432,43.3
1770113747.134826,-0.3405,-2.92,142,495,49.6
1770113747.2388144,-0.1976,4.11,42,478,47.9
1770113747.342117,-0.2084,5.78,47,438,43.9
1770113747.4352896,-0.2378,-2.82,105,496,49.7
1770113747.5386145,-0.2172,-9.29,215,322,32.3
1770113747.641873,-0.1661,-10.15,197,294,29.4
1770113747.745536,-0.1250,-8.29,140,357,35.7
1770113747.8387098,-0.1450,-7.75,142,375,37.6
1770113747.9424238,-0.1323,-9.05,156,331,33.1
1770113748.0459077,-0.1242,-10.81,177,273,27.3
1770113748.149744,-0.0081,-7.53,64,383,38.3
1770113748.2456706,0.1786,-4.22,-34,476,47.7
1770113748.3528395,0.2508,-0.11,-85,500,50.0
1770113748.4460013,0.2239,2.17,-94,499,50.0
1770113748.5494742,0.2480,0.25,-87,500,50.0
1770113748.6531117,0.2657,-1.48,-79,500,50.0
1770113748.7571716,0.2468,-2.86,-63,496,49.6
1770113748.8610406,0.1727,-2.54,-39,498,49.8
1770113748.9545946,0.1754,-2.95,-38,495,49.5
1770113749.0584335,0.1791,-3.27,-37,491,49.2
1770113749.1621635,0.1940,-2.77,-45,496,49.7
1770113749.2666845,0.2124,-2.90,-51,495,49.6
1770113749.3610122,0.2107,-3.05,-50,494,49.4
1770113749.4648051,0.1940,-4.18,-40,477,47.8
1770113749.5678787,-18.6940,-86.88,250,200,20.0
1770113749.6619914,-1.1020,-42.56,250,200,20.0
1770113749.76692,-0.6712,-35.81,250,200,20.0
1770113749.8708785,-0.6441,-40.09,250,200,20.0
1770113749.9747992,-0.6749,-41.09,250,200,20.0
1770113750.0677052,-0.6020,-40.36,250,200,20.0
1770113750.1715398,-0.6398,-41.58,250,200,20.0
1770113750.2756114,-0.8356,-47.64,250,200,20.0
1770113750.3798358,-0.1766,-17.78,250,200,20.0
1770113750.4830108,-0.0168,-4.51,42,470,47.1
1770113750.576341,-0.0158,-4.44,41,472,47.2
1770113750.6807096,-0.0182,-4.87,46,462,46.3
1770113750.784237,-0.0173,-4.15,39,478,47.8
1770113750.8918333,-0.0194,-4.92,47,461,46.1
1770113750.985437,-0.0204,-5.02,48,458,45.9
1770113751.0897563,-0.0104,-3.93,35,482,48.2
1770113751.185335,-0.0168,-4.45,42,472,47.2
1770113751.2897265,-0.0170,-4.11,39,478,47.9
1770113751.392947,-0.0140,-4.11,38,478,47.9
1770113751.4920156,-0.0139,-4.08,37,479,47.9
1770113751.5912795,-0.0194,-4.96,47,460,46.0
1770113751.6951435,-0.0235,-4.86,48,462,46.3
1770113751.8001828,-0.0178,-4.69,44,466,46.7
1770113751.8938053,-0.0192,-5.02,48,458,45.9
1770113751.9980192,-0.0206,-4.97,48,460,46.0
1770113752.100533,-0.0207,-4.64,45,467,46.8
1770113752.1939175,-0.0178,-4.66,44,467,46.7
1770113752.2977462,-0.0234,-5.22,51,453,45.4
1770113752.400965,-0.0175,-4.51,42,470,47.1
1770113752.5054638,-0.0122,-3.95,36,481,48.2
1770113752.6115987,-0.0141,-3.78,35,484,48.5
1770113752.7043915,-0.0074,-3.30,29,491,49.2
1770113752.8113258,-0.0165,-4.24,40,476,47.6
1770113752.905986,-0.0079,-3.39,30,490,49.0
1770113753.0121899,-0.0167,-4.23,40,476,47.7
1770113753.116639,-0.0141,-4.12,38,478,47.9
1770113753.2117355,-0.0130,-3.70,34,485,48.6
1770113753.3154538,-0.0145,-3.72,35,485,48.6
1770113753.4190629,-0.0117,-3.62,33,487,48.7
1770113753.5137265,-0.0126,-3.63,33,487,48.7
1770113753.6192443,-0.0116,-3.61,33,487,48.7
1770113753.7239323,-0.0206,-4.83,47,463,46.4
1770113753.8191636,-0.0125,-3.96,36,481,48.2
1770113753.9249036,-0.0165,-4.75,44,465,46.6
1770113754.0173993,-0.0182,-4.28,41,475,47.5
1770113754.1218772,-0.0223,-5.17,50,455,45.5
1770113754.2258604,-0.0159,-4.84,45,463,46.3
1770113754.3299499,-0.0146,-4.49,41,471,47.1
1770113754.4229198,-0.0125,-3.56,33,488,48.8
1770113754.5276136,-0.0186,-4.74,45,465,46.6
1770113754.6308863,-0.0128,-3.64,33,486,48.7
1770113754.735686,-0.0136,-3.73,34,485,48.6
1770113754.8288696,-0.0210,-4.85,47,463,46.3
1770113754.9327288,-0.0204,-4.79,46,464,46.5
1770113755.0368223,-0.0208,-4.92,47,461,46.1
1770113755.1413333,-0.0221,-4.93,48,461,46.1
1770113755.2358167,-0.0133,-3.82,35,484,48.4
1770113755.3398933,-0.0117,-3.64,33,486,48.7
1770113755.4438968,-0.0140,-3.68,34,486,48.6
1770113755.5371041,-0.0165,-4.41,41,472,47.3
1770113755.641457,-0.0140,-4.43,40,472,47.2
1770113755.7454567,-0.0134,-4.04,37,480,48.0
1770113755.8518534,-0.0114,-3.97,36,481,48.1
1770113755.9437933,-0.0096,-3.88,34,482,48.3
1770113756.0477018,-0.0163,-4.26,40,475,47.6
1770113756.152367,-0.0123,-3.83,35,483,48.4
1770113756.245265,-0.0162,-4.30,40,475,47.5
1770113756.3491068,-0.0195,-4.89,47,462,46.2
1770113756.4529262,-0.0205,-4.99,48,459,46.0
1770113756.55775,-0.0205,-4.92,47,461,46.1
1770113756.649751,-0.0221,-4.91,48,461,46.2
1770113756.7539158,-0.0171,-4.49,42,471,47.1
1770113756.8574748,-0.0134,-4.12,38,478,47.9
1770113756.9618294,-0.0088,-3.84,34,483,48.4
1770113757.0663826,-0.0190,-4.64,44,467,46.8
1770113757.15892,-0.0231,-5.12,50,456,45.7
1770113757.262793,-0.0229,-5.14,50,455,45.6
1770113757.3666654,-0.0195,-4.74,45,465,46.6
1770113757.4705744,-0.0200,-4.75,46,465,46.5
1770113757.5641854,-0.0214,-5.18,50,454,45.5
1770113757.667254,-0.0232,-5.15,50,455,45.6
1770113757.7710466,-0.0174,-4.17,40,477,47.8
1770113757.8773813,-0.0202,-4.41,43,472,47.3
1770113757.9694383,-0.0210,-4.42,43,472,47.3
1770113758.0739985,-0.0203,-4.64,45,467,46.8
1770113758.1780014,-0.0175,-4.24,40,476,47.6
1770113758.2719116,-0.0199,-4.57,44,469,46.9
1770113758.3750057,-0.0196,-4.56,44,469,47.0
1770113758.4790268,-0.0238,-4.82,48,463,46.4
1770113758.5837111,-0.0251,-4.86,49,462,46.3
1770113758.6769605,-0.0212,-4.60,45,468,46.9
1770113758.781572,-0.0223,-4.53,45,470,47.0
1770113758.8866985,-0.0189,-4.01,39,480,48.1
1770113758.9814684,-0.0213,-4.58,45,469,46.9
1770113759.0855017,-0.0166,-4.01,38,480,48.1
1770113759.1908038,-0.0184,-4.41,42,472,47.3
1770113759.2847636,-0.0180,-4.34,41,474,47.4
1770113759.3891528,-0.0146,-3.69,34,486,48.6
1770113759.4928844,-0.0094,-3.03,27,494,49.5
1770113759.598286,-0.0198,-4.52,43,470,47.1
1770113759.6905282,-0.0142,-3.99,37,481,48.1
1770113759.7979283,-0.0182,-4.31,41,475,47.5
1770113759.8915682,-0.0180,-4.50,43,470,47.1
1770113759.9961436,-0.0107,-3.43,31,489,49.0
1770113760.1006205,-0.0161,-4.14,39,478,47.8
1770113760.205297,-0.0128,-3.99,36,481,48.1
1770113760.2978756,-0.0136,-3.74,34,485,48.5
1770113760.4015546,-0.0132,-3.99,36,481,48.1
1770113760.5051732,-0.0007,-2.59,20,498,49.8
1770113760.609283,-0.0154,-4.10,38,479,47.9
1770113760.7030215,-0.0137,-3.97,36,481,48.1
1770113760.8067365,-0.0133,-3.84,35,483,48.4
1770113760.9114025,-0.0106,-3.13,28,493,49.4
1770113761.014494,-0.0186,-4.31,41,474,47.5
1770113761.1073701,-0.0165,-4.17,39,477,47.8
1770113761.2114263,-0.0128,-4.00,36,480,48.1
1770113761.3153918,-0.0152,-4.10,38,479,47.9
1770113761.4208274,-0.0177,-4.23,40,476,47.6
1770113761.512871,-0.0159,-4.21,39,476,47.7
1770113761.6164443,-0.0168,-4.22,40,476,47.7
1770113761.7205954,-0.0176,-4.29,41,475,47.5
1770113761.8245406,-0.0200,-4.37,42,473,47.4
1770113761.9183598,-0.0148,-4.04,37,480,48.0
1770113762.022439,-0.0243,-4.78,48,464,46.5
1770113762.1272087,-0.0140,-4.06,37,479,48.0
1770113762.2303803,-0.0163,-4.30,40,475,47.5
1770113762.3238454,-0.0154,-4.19,39,477,47.7
1770113762.4275062,-0.0177,-4.26,40,475,47.6
1770113762.531553,-0.0211,-4.71,46,466,46.6
1770113762.6357937,-0.0216,-4.95,48,460,46.1
1770113762.7286456,-0.0245,-5.14,51,455,45.6
1770113762.8316982,-0.0297,-5.45,56,447,44.8
1770113762.936079,-0.0213,-4.58,45,469,46.9
1770113763.0399947,-0.0278,-5.06,52,458,45.8
1770113763.133051,-0.0216,-4.05,40,479,48.0
1770113763.2367322,-0.0197,-4.29,41,475,47.5
1770113763.3400502,-0.0224,-4.37,43,473,47.4
1770113763.444819,-0.0259,-4.57,46,469,46.9
1770113763.5385294,-0.0195,-3.77,37,484,48.5
1770113763.640998,-0.0193,-4.05,39,479,48.0
1770113763.7459948,-0.0197,-3.87,38,483,48.3
1770113763.8396258,-0.0184,-3.84,37,483,48.4
1770113763.9427843,-0.0184,-3.86,37,483,48.3
1770113764.0462785,-0.0167,-3.77,36,484,48.5
1770113764.1509051,-0.0182,-3.91,38,482,48.2
1770113764.2543993,-0.0160,-3.36,32,490,49.1
1770113764.347482,-0.0180,-3.95,38,481,48.2
1770113764.4515011,-0.0263,-4.32,44,474,47.5
1770113764.55611,-0.0171,-3.88,37,483,48.3
1770113764.6600995,-0.0197,-3.97,39,481,48.1
1770113764.7532854,-0.0168,-3.85,37,483,48.4
1770113764.8570662,-0.0128,-3.29,30,491,49.2
1770113764.9603999,-0.0186,-3.97,38,481,48.1
1770113765.0647721,-0.0198,-4.09,40,479,47.9
1770113765.1580582,-0.0178,-3.88,37,483,48.3
1770113765.2611444,-0.0290,-4.80,50,464,46.4
1770113765.3653703,-0.0180,-3.96,38,481,48.2
1770113765.4694655,-0.0211,-3.76,37,485,48.5
1770113765.5629473,-0.0163,-3.51,33,488,48.9
1770113765.6666834,-0.0124,-3.43,31,489,49.0
1770113765.7708755,-0.0136,-3.35,31,491,49.1
1770113765.874545,-0.0155,-3.49,33,489,48.9
1770113765.9711409,-0.0156,-3.50,33,489,48.9
1770113766.0761197,-0.0113,-3.30,30,491,49.2
1770113766.1716774,-0.0197,-3.58,35,487,48.8
1770113766.2761319,-0.0177,-3.62,35,487,48.7
1770113766.3796055,-0.0131,-3.38,31,490,49.1
1770113766.4836395,-0.0138,-3.42,32,489,49.0
1770113766.5764582,-0.0192,-3.66,36,486,48.7
1770113766.6804855,-0.0258,-4.67,47,467,46.7
1770113766.7846546,-0.0163,-3.51,34,488,48.9
1770113766.888634,-0.0194,-3.64,36,486,48.7
1770113766.9815445,-0.0138,-3.33,31,491,49.1
1770113767.085132,-0.0167,-3.62,35,487,48.7
1770113767.1890762,-0.0195,-3.60,35,487,48.8
1770113767.293324,-0.0202,-3.71,37,485,48.6
1770113767.386642,-0.0121,-3.32,30,491,49.1
1770113767.4906266,-0.0148,-3.47,33,489,48.9
1770113767.5952847,-0.0152,-3.44,33,489,49.0
1770113767.6983786,-0.0111,-3.16,29,493,49.3
1770113767.7920237,-0.0216,-4.52,44,470,47.0
1770113767.8962474,-0.0148,-3.42,32,490,49.0
1770113768.0006125,-0.0175,-3.63,35,487,48.7
1770113768.1049898,-0.0195,-3.65,36,486,48.7
1770113768.1976202,-0.0166,-3.54,34,488,48.8
1770113768.301997,-0.0174,-3.62,35,487,48.7
1770113768.4048874,-0.0263,-4.70,48,466,46.7
1770113768.5093393,-0.0208,-3.73,37,485,48.5
1770113768.6032362,-0.0163,-3.56,34,488,48.8
1770113768.7078636,-0.0158,-3.58,34,487,48.8
1770113768.8030345,-0.0152,-3.47,33,489,48.9
1770113768.907213,-0.0154,-3.50,33,488,48.9
1770113769.0121536,-0.0132,-3.38,31,490,49.1
1770113769.1150723,-0.0198,-3.63,36,487,48.7
1770113769.2086132,-0.0228,-4.61,45,468,46.9
1770113769.3117976,-0.0120,-3.31,30,491,49.1
1770113769.4163394,-0.0133,-3.37,31,490,49.1
1770113769.5223663,-0.0172,-3.97,38,481,48.1
1770113769.6173215,-0.0124,-3.36,31,490,49.1
1770113769.7211103,-0.0147,-3.35,32,490,49.1
1770113769.8255432,-0.0201,-4.46,43,471,47.2
1770113769.918417,-0.0198,-3.50,35,488,48.9
1770113770.0222206,-0.0171,-3.48,34,489,48.9
1770113770.1268835,-0.0176,-3.96,38,481,48.2
1770113770.230216,-0.0174,-3.56,34,488,48.8
1770113770.3233588,-0.0193,-3.88,38,482,48.3
1770113770.4275122,-0.0208,-3.66,36,486,48.7
1770113770.5316784,-0.0187,-3.48,34,489,48.9
1770113770.6363103,-0.0170,-3.43,33,489,49.0
1770113770.7291858,-0.0227,-4.07,41,479,48.0
1770113770.8330598,-0.0203,-3.68,36,486,48.6
1770113770.9368806,-0.0213,-4.02,40,480,48.0
1770113771.040649,-0.0192,-3.90,38,482,48.3
1770113771.1345382,-0.0217,-4.13,41,478,47.9
1770113771.237674,-0.0179,-3.59,35,487,48.8
1770113771.3421688,-0.0140,-3.32,31,491,49.1
1770113771.44609,-0.0224,-4.50,44,471,47.1
1770113771.5392463,-0.0217,-3.99,40,481,48.1
1770113771.6436439,-0.0212,-4.10,40,478,47.9
1770113771.7471797,-0.0159,-3.72,35,485,48.6
1770113771.851061,-0.0163,-3.74,35,485,48.5
1770113771.9440653,-0.0158,-3.46,33,489,48.9
1770113772.047785,-0.0202,-3.55,35,488,48.8
1770113772.1515203,-0.0225,-4.03,40,480,48.0
1770113772.255561,-0.0196,-3.62,36,487,48.7
1770113772.3505764,-0.0232,-4.12,41,478,47.9
1770113772.454542,-0.0219,-4.12,41,478,47.9
1770113772.5578372,-0.0238,-4.23,42,476,47.7
1770113772.6510205,-0.0233,-4.22,42,476,47.7
1770113772.7550457,-0.0232,-4.15,42,478,47.8
1770113772.858302,-0.0149,-3.39,32,490,49.0
1770113772.9624631,-0.0233,-4.24,42,476,47.6
1770113773.0662026,-0.0161,-3.76,36,484,48.5
1770113773.1594481,-0.0206,-3.59,36,487,48.8
1770113773.2631013,-0.0187,-3.86,37,483,48.3
1770113773.3674188,-0.0240,-4.23,43,476,47.7
1770113773.4712048,-0.0202,-3.90,38,482,48.3
1770113773.5655332,-0.0228,-4.46,44,471,47.2
1770113773.6688454,-0.0239,-4.77,47,464,46.5
1770113773.7733133,-0.0314,-5.27,55,452,45.3
1770113773.8665395,-0.0195,-4.17,40,477,47.8
1770113773.970209,-0.0194,-3.89,38,482,48.3
1770113774.073897,-0.0200,-4.31,42,474,47.5
1770113774.1779778,-0.0279,-4.76,49,465,46.5
1770113774.281391,-0.0304,-5.12,53,456,45.7
1770113774.374528,-0.0207,-4.36,42,473,47.4
1770113774.4791658,-0.0208,-4.27,42,475,47.6
1770113774.582874,-0.0275,-4.62,47,468,46.8
1770113774.6757357,-0.0265,-5.00,50,459,45.9
1770113774.779717,-0.0276,-5.31,54,451,45.2
1770113774.882966,-0.0775,-14.04,178,204,20.5
1770113774.9879186,-0.0832,-15.74,197,200,20.0
1770113775.0798976,-0.0898,-16.82,211,200,20.0
1770113775.1838255,-0.0661,-10.98,136,268,26.8
1770113775.2870607,-0.1045,-18.36,236,200,20.0
1770113775.391848,-0.0034,-1.58,13,500,50.0
1770113775.495555,-0.0062,-0.92,9,500,50.0
1770113775.5885913,-0.0141,-2.09,21,499,50.0
1770113775.6954613,-0.0437,-6.48,73,417,41.8
1770113775.7989888,-0.0369,-5.80,62,438,43.8
1770113775.8925247,-0.0229,-4.99,49,459,46.0
1770113775.9961827,-0.0303,-5.09,53,457,45.7
1770113776.1000857,-0.0268,-5.17,52,455,45.5
1770113776.19599,-0.0230,-4.40,44,473,47.3
1770113776.3013008,-0.0168,-3.62,35,487,48.7
1770113776.4058068,-0.0245,-4.30,43,475,47.5
1770113776.5098577,-0.0202,-4.11,40,478,47.9
1770113776.6032581,-0.0185,-3.78,37,484,48.5
1770113776.7084725,-0.0250,-3.71,38,485,48.6
1770113776.8119283,-0.0172,-3.55,34,488,48.8
1770113776.904585,-0.0203,-3.82,38,484,48.4
1770113777.008529,-0.0199,-3.92,38,482,48.2
1770113777.1110163,-0.0164,-3.58,34,487,48.8
1770113777.215583,-0.0192,-3.99,39,481,48.1
1770113777.31932,-0.0265,-4.30,44,475,47.5
1770113777.4124866,-0.0298,-4.64,49,467,46.8
1770113777.5154772,-0.0266,-4.24,44,476,47.6
1770113777.6195605,-0.0253,-4.20,43,477,47.7
1770113777.7231236,-0.0243,-4.02,41,480,48.0
1770113777.8168235,-0.0256,-4.32,44,474,47.5
1770113777.9208784,-0.0267,-4.31,44,474,47.5
1770113778.0247197,-0.0236,-3.78,39,484,48.5
1770113778.12815,-0.0219,-4.28,42,475,47.5
1770113778.2226632,-0.0254,-4.44,45,472,47.2
1770113778.3257759,-0.0256,-4.18,43,477,47.7
1770113778.4297905,-0.0229,-3.81,38,484,48.4
1770113778.5340872,-0.0205,-4.12,40,478,47.9
1770113778.6311204,-0.0205,-4.21,41,476,47.7
1770113778.738765,-0.0205,-4.12,40,478,47.9
1770113778.8310008,-0.0231,-4.23,42,476,47.6
1770113778.9347544,-0.0186,-3.99,38,480,48.1
1770113779.0389264,-0.0215,-4.28,42,475,47.6
1770113779.1428359,-0.0163,-3.68,35,486,48.6
1770113779.2361903,-0.0224,-3.90,39,482,48.3
1770113779.340442,-0.0158,-3.55,34,488,48.8
1770113779.4448457,-0.0234,-3.97,40,481,48.1
1770113779.5481434,-0.0177,-3.59,35,487,48.8
1770113779.6414268,-0.0197,-3.77,37,484,48.5
1770113779.7444937,-0.0221,-4.05,40,479,48.0
1770113779.849015,-0.0188,-3.71,36,485,48.6
1770113779.9545214,-0.0187,-3.58,35,487,48.8
1770113780.0469003,-0.0196,-3.72,36,485,48.6
1770113780.1506457,-0.0209,-3.88,38,482,48.3
1770113780.2545738,-0.0179,-6.63,61,413,41.3
1770113780.3568437,0.5715,17.75,-250,200,20.0
1770113780.4491081,-0.4781,9.54,240,314,31.4
1770113780.5533445,-0.4627,16.92,250,200,20.0
1770113780.6582363,-0.2788,34.23,-34,200,20.0
1770113780.761461,0.0629,59.98,-250,200,20.0
1770113780.8552723,-0.0293,4.45,-24,472,47.2
1770113780.9590826,0.0523,11.25,-129,260,26.1
1770113781.0622375,0.1105,14.11,-207,204,20.4
1770113781.1664722,0.0892,9.72,-137,308,30.8
1770113781.2626119,0.0263,0.25,-11,500,50.0
1770113781.3677824,0.0427,2.78,-37,496,49.7
1770113781.4627907,0.0482,3.23,-43,492,49.2
1770113781.564439,0.0427,2.60,-35,498,49.8
1770113781.6684282,0.0405,2.34,-32,499,49.9
1770113781.7724187,0.0425,3.44,-42,489,49.0
1770113781.876396,0.0456,3.98,-49,481,48.1
1770113781.9696078,0.0245,2.55,-28,498,49.8
1770113782.0729978,0.0108,0.45,-7,500,50.0
1770113782.1769018,0.0342,2.52,-31,498,49.9
1770113782.2806735,0.0312,1.77,-24,500,50.0
1770113782.384366,0.0350,1.47,-23,500,50.0
1770113782.4770334,0.0201,1.10,-15,500,50.0
1770113782.5832825,0.0274,1.42,-20,500,50.0
1770113782.6865575,0.0227,1.36,-18,500,50.0
1770113782.7898943,0.0224,1.36,-18,500,50.0
1770113782.8826187,0.0225,1.19,-17,500,50.0
1770113782.9861836,0.0215,1.22,-17,500,50.0
1770113783.0911853,0.0222,1.17,-16,500,50.0
1770113783.1950088,0.0225,1.05,-16,500,50.0
1770113783.288053,0.0158,0.76,-11,500,50.0
1770113783.3921804,0.0166,0.74,-11,500,50.0
1770113783.4961853,0.0190,0.76,-12,500,50.0
1770113783.600492,0.0128,0.60,-9,500,50.0
1770113783.6937902,0.0147,0.54,-9,500,50.0
1770113783.7984138,0.0158,0.64,-10,500,50.0
1770113783.9033153,0.0110,0.35,-6,500,50.0
1770113783.9957023,0.0037,-0.21,0,500,50.0
1770113784.0994334,-0.0048,-0.74,7,500,50.0
1770113784.2040577,-0.0381,-2.32,31,499,49.9
1770113784.3072934,-0.0441,-3.33,42,491,49.1
1770113784.4006922,-0.0171,-2.67,27,497,49.8
1770113784.5038536,-0.0152,-2.67,26,497,49.8
1770113784.6088483,-0.0067,-2.29,20,499,50.0
1770113784.7120674,-0.0082,-2.42,22,499,49.9
1770113784.8053658,-0.0095,-2.49,23,498,49.9
1770113784.909339,-0.0070,-2.46,22,498,49.9
1770113785.0123904,-0.0155,-3.04,29,494,49.5
1770113785.10695,0.0203,-0.31,-4,500,50.0
1770113785.2111177,0.0741,3.47,-54,489,48.9
1770113785.3160012,0.1376,7.84,-140,372,37.3
1770113785.411715,0.2778,12.71,-250,224,22.5
1770113785.5149362,0.3814,6.65,-241,412,41.2
1770113785.6180964,0.4137,-0.35,-139,500,50.0
1770113785.7216802,0.4570,-2.50,-138,498,49.9
1770113785.8148904,0.8124,2.23,-250,499,50.0
1770113785.917867,1.0206,-6.80,-250,407,40.8
1770113786.021146,1.1333,-18.80,-250,200,20.0
1770113786.1235647,-0.8117,-34.40,250,200,20.0
1770113786.2278807,-0.4997,-31.39,250,200,20.0
1770113786.321358,-0.4761,-35.84,250,200,20.0
1770113786.4264948,-0.4509,-37.03,250,200,20.0
1770113786.530813,-0.4099,-36.64,250,200,20.0
1770113786.6344569,-0.3348,-34.17,250,200,20.0
1770113786.730415,-0.3712,-33.84,250,200,20.0
1770113786.8265595,-0.3531,-32.81,250,200,20.0
1770113786.9302573,-0.3684,-32.46,250,200,20.0
1770113787.034896,-0.4311,-32.95,250,200,20.0
1770113787.1384487,-0.4840,-33.66,250,200,20.0
1770113787.2423065,-0.5219,-34.14,250,200,20.0
1770113787.338549,-0.5791,-34.41,250,200,20.0
1770113787.4431536,-0.6274,-34.81,250,200,20.0
1770113787.5364094,-0.6693,-33.84,250,200,20.0
1770113787.640454,-0.7427,-34.45,250,200,20.0
1770113787.7436066,0.3628,2.93,-150,495,49.6
1770113787.8472054,0.2264,-3.83,-53,483,48.4
1770113787.940515,0.0938,-7.52,9,383,38.4
1770113788.0435655,0.0857,32.06,-250,200,20.0
1770113788.1473417,1.2089,-22.14,-250,200,20.0
1770113788.2508173,1.2581,-22.82,-250,200,20.0
1770113788.3551388,1.3595,-21.43,-250,200,20.0
1770113788.4480748,-0.6896,-33.00,250,200,20.0
1770113788.551541,-0.6331,-32.23,250,200,20.0
1770113788.6558838,-0.4969,-31.93,250,200,20.0
1770113788.7581758,-0.4340,-31.36,250,200,20.0
1770113788.8625045,-0.4344,-30.58,250,200,20.0
1770113788.9557095,-0.4765,-30.33,250,200,20.0
1770113789.0591679,-0.5121,-29.58,250,200,20.0
1770113789.1625156,-0.5699,-28.22,250,200,20.0
1770113789.2668076,-0.6146,-26.37,250,200,20.0
1770113789.3600876,1.4863,-8.36,-250,354,35.5
1770113789.4638324,1.4391,-6.62,-250,413,41.3
1770113789.568084,1.5094,7.99,-250,367,36.8
1770113789.6621826,1.4382,11.71,-250,247,24.8
1770113789.7671216,1.3756,4.93,-250,461,46.1
1770113789.870363,1.3834,-2.51,-250,498,49.9
1770113789.9681537,1.5224,0.53,-250,500,50.0
1770113790.071343,0.4067,-43.30,-3,200,20.0
1770113790.1778586,-0.2868,-17.59,250,200,20.0
1770113790.2713232,-0.0998,-15.06,206,200,20.0
1770113790.376425,-0.0684,-15.25,180,200,20.0
1770113790.48057,-0.0818,-14.51,186,201,20.1
1770113790.5879061,-0.0991,-14.90,204,200,20.0
1770113790.6794128,-0.1779,-15.04,250,200,20.0
1770113790.7833402,-0.2908,-13.72,250,208,20.8
1770113790.886681,-0.3870,-13.73,250,208,20.8
1770113790.980563,-0.4936,-13.65,250,209,20.9
1770113791.0841506,-0.5923,-12.91,250,220,22.1
1770113791.1880975,1.4817,-2.28,-250,499,50.0
1770113791.2947018,1.3966,-2.24,-250,499,50.0
1770113791.3883982,1.2677,0.57,-250,500,50.0
1770113791.4919078,1.0670,4.73,-250,465,46.6
1770113791.5948453,0.9739,9.91,-250,302,30.2
1770113791.6986527,0.9955,11.06,-250,266,26.6
1770113791.7917647,1.0336,14.88,-250,200,20.0
1770113791.8951302,1.0859,15.76,-250,200,20.0
1770113792.0013926,1.1333,18.13,-250,200,20.0
1770113792.0947778,1.1625,19.01,-250,200,20.0
1770113792.1982315,1.1930,20.55,-250,200,20.0
1770113792.3020842,1.2244,21.68,-250,200,20.0
1770113792.4087095,1.2459,22.00,-250,200,20.0
1770113792.502017,1.2480,21.35,-250,200,20.0
1770113792.6060326,1.2723,22.41,-250,200,20.0
1770113792.7095296,1.2655,21.26,-250,200,20.0
1770113792.8037024,1.3167,23.53,-250,200,20.0
1770113792.9079506,1.3105,22.49,-250,200,20.0
1770113793.0106945,1.2882,20.80,-250,200,20.0
1770113793.1142223,1.2792,20.18,-250,200,20.0
1770113793.208684,1.2651,18.85,-250,200,20.0
1770113793.3131273,1.2475,17.07,-250,200,20.0
1770113793.4163356,1.3076,21.80,-250,200,20.0
1770113793.5201242,1.3467,25.55,-250,200,20.0
1770113793.6131518,1.3591,27.09,-250,200,20.0
1770113793.717268,1.3761,28.73,-250,200,20.0
1770113793.8203967,1.3719,29.38,-250,200,20.0
1770113793.924251,1.3608,32.22,-250,200,20.0
1770113794.0292554,1.5480,40.80,-250,200,20.0
1770113794.1218834,1.8912,52.88,-250,200,20.0
1770113794.2257473,2.1034,57.24,-250,200,20.0
1770113794.3300529,2.0485,56.26,-250,200,20.0
1770113794.4334776,1.9865,55.46,-250,200,20.0
1770113794.5266747,1.9882,55.15,-250,200,20.0
1770113794.630373,1.9878,54.81,-250,200,20.0
1770113794.733579,1.9526,53.73,-250,200,20.0
1770113794.8376262,1.9048,51.96,-250,200,20.0
1770113794.9401624,-0.2575,-34.36,250,200,20.0
1770113795.0332117,-0.1310,-33.42,250,200,20.0
1770113795.1366384,-0.0438,-31.20,250,200,20.0
1770113795.2404795,1.4390,18.83,-250,200,20.0
1770113795.3450978,1.3712,19.09,-250,200,20.0
1770113795.4376848,1.3318,23.91,-250,200,20.0
1770113795.54115,1.2971,27.68,-250,200,20.0
1770113795.6444325,1.3650,34.90,-250,200,20.0
1770113795.7479634,1.4043,36.99,-250,200,20.0
1770113795.8424406,1.4341,39.47,-250,200,20.0
1770113795.9501016,1.4890,43.07,-250,200,20.0
1770113796.045147,1.5374,46.84,-250,200,20.0
1770113796.1485307,1.4296,42.55,-250,200,20.0
1770113796.2450118,1.4368,45.62,-250,200,20.0
1770113796.349074,1.4061,44.51,-250,200,20.0
1770113796.451973,1.5271,49.16,-250,200,20.0
1770113796.5552056,1.6958,56.31,-250,200,20.0
1770113796.660593,1.4539,48.59,-250,200,20.0
1770113796.7532325,1.7323,53.92,-250,200,20.0
1770113796.8564403,1.6066,49.64,-250,200,20.0
1770113796.9596038,1.4055,40.38,-250,200,20.0
1770113797.0641465,1.4177,40.33,-250,200,20.0
1770113797.1666555,1.3656,37.19,-250,200,20.0
1770113797.2590501,1.3489,36.38,-250,200,20.0
1770113797.3631601,1.3544,36.39,-250,200,20.0
1770113797.4666026,1.3263,36.49,-250,200,20.0
1770113797.569609,1.3437,38.63,-250,200,20.0
1770113797.6646686,1.4143,42.06,-250,200,20.0
1770113797.768057,1.4321,43.95,-250,200,20.0
1770113797.8723087,1.4794,47.38,-250,200,20.0
1770113797.9742773,1.4742,47.14,-250,200,20.0
1770113798.0676901,1.3539,46.46,-250,200,20.0
1770113798.1710472,1.3105,45.47,-250,200,20.0
1770113798.2739742,1.3768,47.22,-250,200,20.0
1770113798.3773358,1.3020,43.63,-250,200,20.0
1770113798.4815361,1.3877,49.17,-250,200,20.0
1770113798.5853405,1.3900,45.93,-250,200,20.0
1770113798.677637,1.4016,46.07,-250,200,20.0
1770113798.7831607,1.3944,46.14,-250,200,20.0
1770113798.8875146,1.4155,47.39,-250,200,20.0
1770113798.9804223,1.3825,44.17,-250,200,20.0
1770113799.084214,-0.4134,36.53,62,200,20.0
1770113799.1880352,-0.4895,7.16,198,395,39.6
1770113799.291708,1.3862,42.19,-250,200,20.0
1770113799.3848727,1.3207,40.73,-250,200,20.0
1770113799.488265,1.1142,35.06,-250,200,20.0
1770113799.5936217,1.0163,33.77,-250,200,20.0
1770113799.6988168,0.9991,30.53,-250,200,20.0
1770113799.7902515,0.9965,30.79,-250,200,20.0
1770113799.8977706,0.9709,25.95,-250,200,20.0
1770113799.99014,0.9872,25.40,-250,200,20.0
1770113800.0835288,0.9919,25.41,-250,200,20.0
1770113800.1757045,0.9928,21.44,-250,200,20.0
1770113800.2697508,0.9661,14.81,-250,200,20.0
1770113800.3630733,0.9865,13.48,-250,211,21.1
1770113800.4593885,1.0029,9.47,-250,316,31.7
1770113800.552845,0.9948,2.87,-250,496,49.6
1770113800.6354513,-0.8780,-37.66,250,200,20.0
1770113800.729084,-1.0024,-48.38,250,200,20.0
1770113800.8113198,1.3445,-4.38,-250,473,47.4
1770113800.8935661,1.2985,-22.57,-250,200,20.0
1770113800.9886754,1.4063,-13.88,-250,206,20.6
1770113801.0715451,1.4968,-14.83,-250,200,20.0
1770113801.1552763,-0.8298,-27.90,250,200,20.0
1770113801.2379248,-1.3383,-43.72,250,200,20.0
1770113801.320125,-5.4756,-77.60,250,200,20.0
1770113801.402911,-1.5169,-51.93,250,200,20.0
1770113801.4977503,1.1425,-13.50,-250,211,21.1
1770113801.5822072,1.0844,6.11,-250,428,42.9
1770113801.6762586,0.9828,10.85,-250,272,27.2
1770113801.7721992,0.5461,35.65,-250,200,20.0
1770113801.8521397,0.8074,43.14,-250,200,20.0
1770113801.944802,0.7759,43.22,-250,200,20.0
1770113802.029361,-0.4332,-31.81,250,200,20.0
1770113802.1110542,-0.3665,-26.44,250,200,20.0
1770113802.1928031,-1.2912,-58.45,250,200,20.0
1770113802.2767792,-1.8391,-66.47,250,200,20.0
1770113802.3501809,-1.4525,-61.53,250,200,20.0
1770113802.4336095,-0.6975,-48.18,250,200,20.0
1770113802.507222,-0.9356,-53.53,250,200,20.0
1770113802.5820365,1.5327,-15.19,-250,200,20.0
1770113802.656022,1.5807,3.98,-250,481,48.1
1770113802.7266867,1.5184,1.09,-250,500,50.0
1770113802.799576,1.5437,-4.09,-250,479,47.9
1770113802.8720572,1.3555,8.67,-250,344,34.4
1770113802.9337118,-1.2848,-13.87,250,206,20.6
1770113803.0063503,-1.4715,-14.82,250,200,20.0
1770113803.06808,-1.4721,-14.75,250,200,20.0
1770113803.1282332,-1.4776,-17.93,250,200,20.0
1770113803.1901677,-1.4880,-24.42,250,200,20.0
1770113803.262849,-1.4850,-22.78,250,200,20.0
1770113803.3254938,-1.4861,-23.55,250,200,20.0
1770113803.387498,-1.4900,-26.88,250,200,20.0
1770113803.449085,-1.4619,-10.06,250,297,29.7
1770113803.522242,-1.1932,-19.75,250,200,20.0
1770113803.5834072,1.4055,27.89,-250,200,20.0
1770113803.6552446,1.4391,2.01,-250,499,50.0
1770113803.7273362,1.4352,-36.91,-250,200,20.0
1770113803.799261,0.8434,-36.67,-250,200,20.0
1770113803.8711746,-0.2073,15.01,58,200,20.0
1770113803.9535697,0.1103,34.50,-250,200,20.0
1770113804.036294,-0.4146,-9.33,250,321,32.2
1770113804.1195183,-0.4051,-20.76,250,200,20.0
1770113804.2228534,-0.1727,-55.87,250,200,20.0
1770113804.3153868,-0.2856,-59.89,250,200,20.0
1770113804.407882,-0.3480,-72.26,250,200,20.0
1770113804.5107238,-0.2601,-62.96,250,200,20.0
1770113804.6031728,-0.2917,-57.51,250,200,20.0
1770113804.6956544,-0.3381,-73.15,250,200,20.0
1770113804.788323,-0.3052,-64.69,250,200,20.0
1770113804.8909314,-0.3058,-56.58,250,200,20.0
1770113804.9834416,-0.3421,-66.96,250,200,20.0
1770113805.0760272,-0.2997,-53.91,250,200,20.0
1770113805.168285,-0.3462,-68.12,250,200,20.0
1770113805.2709584,-0.3389,-65.57,250,200,20.0
1770113805.3633926,-0.3451,-68.03,250,200,20.0
1770113805.4557855,-0.3288,-66.15,250,200,20.0
1770113805.550357,-0.3085,-57.11,250,200,20.0
1770113805.6529734,-0.3300,-64.80,250,200,20.0
1770113805.7454565,-0.3531,-69.82,250,200,20.0
1770113805.8379166,-0.3277,-64.03,250,200,20.0
1770113805.9405499,-0.3513,-68.05,250,200,20.0
1770113806.0334084,-0.3716,-72.47,250,200,20.0
1770113806.1260421,-0.3683,-69.09,250,200,20.0
1770113806.2288134,-0.3409,-69.02,250,200,20.0
1770113806.3213542,-0.3357,-68.00,250,200,20.0
1770113806.4140847,-0.3454,-66.51,250,200,20.0
1770113806.5167322,-0.3249,-69.61,250,200,20.0
1770113806.6093721,-0.3752,-80.54,250,200,20.0
1770113806.7021244,-0.3309,-70.92,250,200,20.0
1770113806.804696,-0.3305,-63.84,250,200,20.0
1770113806.8974159,-0.3541,-78.89,250,200,20.0
1770113806.990065,-0.3260,-68.85,250,200,20.0
1770113807.0926592,-0.3357,-69.50,250,200,20.0
1770113807.1852999,-0.3378,-68.86,250,200,20.0
1770113807.2879913,-0.3419,-65.94,250,200,20.0
1770113807.380598,-0.3376,-70.14,250,200,20.0
1770113807.4739325,-0.3257,-67.15,250,200,20.0
1770113807.5765247,-0.3488,-67.25,250,200,20.0
1770113807.6690526,-0.3487,-71.95,250,200,20.0
1770113807.7760434,-0.3430,-74.65,250,200,20.0
1770113807.8687086,-0.3562,-69.91,250,200,20.0
1770113807.9617484,-0.3420,-65.51,250,200,20.0
1770113808.0650735,-0.3949,-73.43,250,200,20.0
1770113808.1582983,-0.3369,-69.37,250,200,20.0
1770113808.2633092,-0.3306,-69.47,250,200,20.0
1770113808.3575594,-0.8731,69.86,191,200,20.0
1770113808.4541717,-0.3235,-72.18,250,200,20.0
1770113808.5466754,-0.3356,-72.61,250,200,20.0
1770113808.6395268,-0.3484,-72.20,250,200,20.0
1770113808.7433214,-0.3224,-66.05,250,200,20.0
1770113808.8364823,-0.3863,-71.27,250,200,20.0
1770113808.9295495,-0.3445,-69.61,250,200,20.0
1770113809.0226157,-0.3507,-74.23,250,200,20.0
1770113809.1275492,-0.3165,-58.46,250,200,20.0
1770113809.219838,-0.3163,-67.86,250,200,20.0
1770113809.312607,-0.3475,-69.37,250,200,20.0
1770113809.417971,-0.3291,-69.51,250,200,20.0
1770113809.509454,-0.3398,-73.04,250,200,20.0
1770113809.6024213,-0.3657,-70.64,250,200,20.0
1770113809.7057903,-0.3479,-67.81,250,200,20.0
1770113809.7984917,-0.3308,-56.80,250,200,20.0
1770113809.8922904,-0.3263,-63.63,250,200,20.0
1770113809.9968762,-0.3787,-74.32,250,200,20.0
1770113810.088884,-0.3230,-68.95,250,200,20.0
1770113810.1816132,-0.3568,-73.66,250,200,20.0
1770113810.2748551,-0.3199,-59.57,250,200,20.0
1770113810.3784473,-0.3327,-63.01,250,200,20.0
1770113810.472319,-0.3159,-69.28,250,200,20.0
1770113810.5652864,-0.3421,-68.72,250,200,20.0
1770113810.6585343,-0.3423,-64.81,250,200,20.0
1770113810.7627876,-0.3460,-67.07,250,200,20.0
1770113810.855521,-0.3098,-67.77,250,200,20.0
1770113810.9482393,-0.3214,-69.30,250,200,20.0
1770113811.0443592,-0.3190,-67.66,250,200,20.0
1770113811.1480606,-0.3235,-63.46,250,200,20.0
1770113811.2405934,-0.3601,-67.35,250,200,20.0
1770113811.3336685,-0.3472,-68.73,250,200,20.0
1770113811.4375129,-0.3126,-60.04,250,200,20.0
1770113811.530463,-0.3283,-69.61,250,200,20.0
1770113811.6237452,-0.3566,-71.54,250,200,20.0
1770113811.7266493,-0.8191,74.50,107,200,20.0
1770113811.8196151,-0.3080,-66.96,250,200,20.0
1770113811.9127817,-0.3408,-68.69,250,200,20.0
1770113812.0164175,-0.3079,-67.07,250,200,20.0
1770113812.1099968,-0.3122,-68.96,250,200,20.0
1770113812.202446,-0.3272,-65.55,250,200,20.0
1770113812.3072362,-0.3527,-72.77,250,200,20.0
1770113812.400078,-0.3525,-63.61,250,200,20.0
1770113812.4930387,-0.3592,-68.72,250,200,20.0
1770113812.5860167,-0.3677,-72.68,250,200,20.0
1770113812.6910238,-0.3551,-66.05,250,200,20.0
1770113812.783796,-0.3278,-63.79,250,200,20.0
1770113812.8759115,-0.3574,-68.09,250,200,20.0
1770113812.9690976,-0.3319,-64.63,250,200,20.0
1770113813.0732064,-0.4524,-68.55,250,200,20.0
1770113813.1660118,-0.3712,-62.60,250,200,20.0
1770113813.2590303,-0.3370,-68.18,250,200,20.0
1770113813.3522234,-0.4509,-71.10,250,200,20.0
1770113813.4573143,-0.4282,-65.38,250,200,20.0
1770113813.5498526,-0.3274,-68.68,250,200,20.0
1770113813.6427555,-0.3261,-62.71,250,200,20.0
1770113813.7356822,-0.4411,-68.41,250,200,20.0
1770113813.8289652,-0.3475,-68.29,250,200,20.0
1770113813.9221442,-0.3607,-69.41,250,200,20.0
1770113814.0253398,-0.3404,-66.77,250,200,20.0
1770113814.119312,-0.3312,-66.83,250,200,20.0
1770113814.2117891,-0.3203,-62.50,250,200,20.0
1770113814.3052838,-0.3463,-66.07,250,200,20.0
1770113814.3984253,-0.3379,-66.15,250,200,20.0
1770113814.502294,-0.3596,-73.00,250,200,20.0
1770113814.594687,-0.7131,79.58,-23,200,20.0
1770113814.6893775,-0.3387,-72.40,250,200,20.0
1770113814.7830863,-0.3634,-73.29,250,200,20.0
1770113814.8758085,-0.3381,-69.26,250,200,20.0
1770113814.9808424,-0.3426,-65.90,250,200,20.0
1770113815.0743544,-0.3309,-71.03,250,200,20.0
1770113815.16765,-0.3456,-69.02,250,200,20.0
1770113815.260711,-0.3194,-65.71,250,200,20.0
1770113815.3539386,-0.3329,-70.35,250,200,20.0
1770113815.4470809,-0.3198,-73.07,250,200,20.0
1770113815.5507634,-0.3247,-69.73,250,200,20.0
1770113815.6438985,-0.3075,-64.63,250,200,20.0
1770113815.7366128,-0.3160,-66.76,250,200,20.0
1770113815.8408625,-0.3360,-71.98,250,200,20.0
1770113815.933282,-0.3132,-71.59,250,200,20.0
1770113816.026381,-0.3202,-71.15,250,200,20.0
1770113816.1202645,-0.2965,-70.06,250,200,20.0
1770113816.2138443,-0.2993,-65.12,250,200,20.0
1770113816.306282,-0.3030,-67.62,250,200,20.0
1770113816.4013863,-0.2908,-66.24,250,200,20.0
1770113816.5063663,-0.2982,-63.47,250,200,20.0
1770113816.598666,-0.2863,-60.54,250,200,20.0
1770113816.6918817,-0.3139,-69.50,250,200,20.0
1770113816.7849019,-0.3333,-71.05,250,200,20.0
1770113816.8780093,-0.3302,-70.22,250,200,20.0
1770113816.9815562,-0.3156,-70.37,250,200,20.0
1770113817.0748973,-0.3041,-69.58,250,200,20.0
1770113817.1680357,-0.2997,-69.87,250,200,20.0
1770113817.2607183,-0.2901,-67.05,250,200,20.0
1770113817.3645747,-0.2978,-68.46,250,200,20.0
1770113817.4576373,-0.3062,-70.89,250,200,20.0
1770113817.5510406,-0.3069,-66.18,250,200,20.0
1770113817.644191,-0.2912,-59.93,250,200,20.0
1770113817.7367978,-0.3192,-65.53,250,200,20.0
1770113817.8408444,-0.2956,-66.70,250,200,20.0
1770113817.9341512,-0.3164,-71.42,250,200,20.0
1770113818.0263953,-0.3209,-71.34,250,200,20.0
1770113818.1195347,-0.2999,-66.93,250,200,20.0
1770113818.2248988,-0.2947,-63.35,250,200,20.0
1770113818.3165717,-0.3229,-69.83,250,200,20.0
1770113818.4102833,-0.3154,-64.83,250,200,20.0
1770113818.502428,-0.3292,-70.68,250,200,20.0
1770113818.5961044,-0.3149,-70.13,250,200,20.0
1770113818.700877,-0.3039,-66.66,250,200,20.0
1770113818.7931163,-0.2916,-67.70,250,200,20.0
1770113818.8859644,-0.2936,-61.76,250,200,20.0
1770113818.9806812,-0.3316,-73.50,250,200,20.0
1770113819.072978,-0.3195,-70.77,250,200,20.0
1770113819.167128,-0.3241,-72.39,250,200,20.0
1770113819.2706947,-0.2927,-68.68,250,200,20.0
1770113819.3652697,-0.2960,-64.27,250,200,20.0
1770113819.4599454,-0.3237,-70.76,250,200,20.0
1770113819.5528576,-0.2824,-60.66,250,200,20.0
1770113819.6461494,-0.2965,-69.78,250,200,20.0
1770113819.73934,-0.3297,-71.92,250,200,20.0
1770113819.8428943,-0.2904,-65.25,250,200,20.0
1770113819.9370444,-0.3469,-73.18,250,200,20.0
1770113820.030341,-0.3131,-69.45,250,200,20.0
1770113820.1241956,-0.3082,-69.52,250,200,20.0
1770113820.2169633,-0.3065,-69.23,250,200,20.0
1770113820.3109524,-0.3123,-71.90,250,200,20.0
1770113820.4154599,-0.2907,-69.59,250,200,20.0
1770113820.5090854,-0.3086,-67.05,250,200,20.0
1770113820.6012275,-0.7840,72.53,93,200,20.0
1770113820.6942863,-0.7938,74.36,87,200,20.0
1770113820.787477,-0.2815,-66.85,250,200,20.0
1770113820.8913198,-0.3494,-73.17,250,200,20.0
1770113820.9846444,-0.3079,-71.07,250,200,20.0
1770113821.0774171,-0.2870,-61.63,250,200,20.0
1770113821.170559,-0.2963,-67.92,250,200,20.0
1770113821.26387,-0.3296,-68.22,250,200,20.0
1770113821.3683565,-0.3059,-69.89,250,200,20.0
1770113821.4629896,-0.3121,-68.36,250,200,20.0
1770113821.555081,-0.3249,-71.54,250,200,20.0
1770113821.6486866,-0.8639,58.46,250,200,20.0
1770113821.7436132,-0.3444,-74.49,250,200,20.0
1770113821.8384428,-0.3440,-69.66,250,200,20.0
1770113821.9438105,-0.3452,-73.39,250,200,20.0
1770113822.0361376,-0.8052,65.45,168,200,20.0
1770113822.1284654,-0.3321,-71.26,250,200,20.0
1770113822.2217505,-0.3325,-72.20,250,200,20.0
1770113822.3149216,-0.3392,-72.99,250,200,20.0
1770113822.408296,-0.3165,-66.85,250,200,20.0
1770113822.5127125,-0.2963,-68.48,250,200,20.0
1770113822.605531,-0.3262,-69.03,250,200,20.0
1770113822.698837,-0.3404,-71.26,250,200,20.0
1770113822.791782,-0.3278,-65.42,250,200,20.0
1770113822.887111,-0.3318,-69.95,250,200,20.0
1770113822.9911087,-0.3087,-69.44,250,200,20.0
1770113823.0849063,-0.3220,-70.09,250,200,20.0
1770113823.1770391,-0.7992,72.38,107,200,20.0
1770113823.2715971,-0.3078,-67.90,250,200,20.0
1770113823.3642163,-0.3203,-71.08,250,200,20.0
1770113823.4580486,-0.3310,-71.32,250,200,20.0
1770113823.561634,-0.3241,-68.18,250,200,20.0
1770113823.6550007,-0.3594,-74.48,250,200,20.0
1770113823.7475371,-0.3215,-70.54,250,200,20.0
1770113823.840512,-0.3318,-67.89,250,200,20.0
1770113823.9333563,-0.3302,-66.08,250,200,20.0
1770113824.0381668,-0.3542,-73.68,250,200,20.0
1770113824.1323562,-0.3180,-71.34,250,200,20.0
1770113824.2257552,-0.2915,-65.91,250,200,20.0
1770113824.3192062,-0.3092,-70.74,250,200,20.0
1770113824.412555,-0.3089,-68.91,250,200,20.0
1770113824.505544,-0.3154,-66.95,250,200,20.0
1770113824.6096272,-0.3211,-70.90,250,200,20.0
1770113824.7023425,-0.3156,-71.33,250,200,20.0
1770113824.7955706,-0.3256,-71.58,250,200,20.0
1770113824.888348,-0.3188,-67.72,250,200,20.0
1770113824.9823256,-0.3192,-69.86,250,200,20.0
1770113825.0854664,-0.3076,-69.83,250,200,20.0
1770113825.169985,-0.3241,-69.40,250,200,20.0
1770113825.275461,-0.3239,-71.68,250,200,20.0
1770113825.3676696,-0.3270,-70.62,250,200,20.0
1770113825.4604464,-0.3339,-70.00,250,200,20.0
1770113825.5532331,-0.3259,-71.84,250,200,20.0
1770113825.6572576,-0.3283,-71.89,250,200,20.0
1770113825.7527893,-0.3328,-71.59,250,200,20.0
1770113825.848237,-0.3182,-69.47,250,200,20.0
1770113825.940668,-0.3378,-73.51,250,200,20.0
1770113826.033805,-0.3168,-69.91,250,200,20.0
1770113826.1269302,-0.3180,-66.37,250,200,20.0
1770113826.2305918,-0.3337,-70.20,250,200,20.0
1770113826.3236213,-0.3215,-72.03,250,200,20.0
1770113826.4164422,-0.3085,-69.21,250,200,20.0
1770113826.5095427,-0.3332,-72.17,250,200,20.0
1770113826.602807,-0.3300,-71.68,250,200,20.0
1770113826.7060766,-0.3339,-72.00,250,200,20.0
1770113826.7988882,-0.3090,-69.85,250,200,20.0
1770113826.8923397,-0.3153,-64.42,250,200,20.0
1770113826.9852593,-0.3298,-63.88,250,200,20.0
1770113827.0897963,-0.2895,-64.81,250,200,20.0
1770113827.1836982,-0.3110,-69.10,250,200,20.0
1770113827.2763855,-0.3248,-71.74,250,200,20.0
1770113827.3694267,-0.3285,-72.70,250,200,20.0
1770113827.4627492,-0.3316,-70.93,250,200,20.0
1770113827.5672536,-0.3195,-69.89,250,200,20.0
1770113827.6596584,-0.3369,-71.53,250,200,20.0
1770113827.7531025,-0.3160,-69.35,250,200,20.0
1770113827.8469741,-0.3119,-70.12,250,200,20.0
1770113827.9398134,-0.3082,-66.39,250,200,20.0
1770113828.0451803,-0.3371,-72.56,250,200,20.0
1770113828.1374636,-0.3004,-68.45,250,200,20.0
1770113828.231977,-0.3166,-69.69,250,200,20.0
1770113828.324446,-0.3190,-72.73,250,200,20.0
1770113828.4174142,-0.3233,-71.58,250,200,20.0
1770113828.5100927,-0.3397,-69.74,250,200,20.0
1770113828.6146488,-0.3398,-62.96,250,200,20.0
1770113828.706587,-0.3308,-62.42,250,200,20.0
1770113828.799973,-0.3531,-69.56,250,200,20.0
1770113828.8928277,-0.3610,-66.50,250,200,20.0
1770113828.9882078,-0.3630,-65.01,250,200,20.0
1770113829.0838728,-0.3318,-66.07,250,200,20.0
1770113829.1782207,-0.3091,-53.79,250,200,20.0
1770113829.282714,-0.3769,-68.36,250,200,20.0
1770113829.3685155,-0.3463,-64.88,250,200,20.0
1770113829.4727206,-0.3488,-66.91,250,200,20.0
1770113829.5663738,-0.3087,-58.40,250,200,20.0
1770113829.6617224,-0.3753,-69.53,250,200,20.0
1770113829.754976,-0.3452,-65.96,250,200,20.0
1770113829.8473556,-0.3884,-73.87,250,200,20.0
1770113829.9411407,-0.3494,-69.10,250,200,20.0
1770113830.0477736,-0.3766,-67.96,250,200,20.0
1770113830.1394053,-0.3774,-71.81,250,200,20.0
1770113830.2323043,-0.3693,-69.30,250,200,20.0
1770113830.3252149,-0.3719,-69.46,250,200,20.0
1770113830.418468,-0.3553,-70.24,250,200,20.0
1770113830.511527,-0.3432,-65.08,250,200,20.0
1770113830.6155984,-0.3352,-63.65,250,200,20.0
1770113830.7076967,-0.3465,-66.64,250,200,20.0
1770113830.80076,-0.3577,-69.89,250,200,20.0
1770113830.8943634,-0.3676,-67.02,250,200,20.0
1770113830.9976208,-0.3918,-64.50,250,200,20.0
1770113831.091471,-0.3678,-74.51,250,200,20.0
1770113831.1842394,-0.3841,-74.39,250,200,20.0
1770113831.2769718,-0.3673,-67.91,250,200,20.0
1770113831.3701162,-0.3635,-63.60,250,200,20.0
1770113831.473822,-0.8762,64.35,238,200,20.0
1770113831.5674286,-0.3313,-60.43,250,200,20.0
1770113831.6621914,-0.3826,-71.83,250,200,20.0
1770113831.7553139,-0.3819,-69.93,250,200,20.0
1770113831.8590758,-0.3577,-64.07,250,200,20.0
1770113831.95225,-0.3610,-66.90,250,200,20.0
1770113832.0451262,-0.3461,-68.24,250,200,20.0
1770113832.1382637,-0.3529,-68.73,250,200,20.0
1770113832.242199,-0.3684,-72.70,250,200,20.0
1770113832.3350828,-0.3610,-72.39,250,200,20.0
1770113832.428613,-0.3725,-73.04,250,200,20.0
1770113832.5336862,-0.3338,-49.34,250,200,20.0
1770113832.6302576,0.8364,-51.30,-250,200,20.0
1770113832.722184,-0.2967,-61.33,250,200,20.0
1770113832.8257136,-0.3791,-67.59,250,200,20.0
1770113832.9209812,-0.3581,-69.91,250,200,20.0
1770113833.0139008,-0.3596,-65.00,250,200,20.0
1770113833.1204405,0.8368,-51.49,-250,200,20.0
1770113833.2133765,0.8433,-51.58,-250,200,20.0
1770113833.3060684,0.8452,-51.25,-250,200,20.0
1770113833.4100938,0.8399,-51.67,-250,200,20.0
1770113833.5035503,0.8344,-52.16,-250,200,20.0
1770113833.6072083,0.8350,-51.89,-250,200,20.0
1770113833.7008717,0.8360,-52.14,-250,200,20.0
1770113833.7947032,0.8290,-52.51,-250,200,20.0
1770113833.887739,0.8481,-51.08,-250,200,20.0
1770113833.9920387,0.8389,-51.51,-250,200,20.0
1770113834.0839288,0.8306,-52.41,-250,200,20.0
1770113834.1772883,0.8371,-51.75,-250,200,20.0
1770113834.2812192,0.8288,-51.48,-250,200,20.0
1770113834.375583,0.8401,-51.29,-250,200,20.0
1770113834.468681,0.8366,-51.34,-250,200,20.0
1770113834.5721674,0.8477,-50.57,-250,200,20.0
1770113834.6643422,0.8405,-51.55,-250,200,20.0
1770113834.7683375,0.8376,-51.66,-250,200,20.0
1770113834.860293,0.8338,-51.87,-250,200,20.0
1770113834.9650333,0.8288,-51.35,-250,200,20.0
1770113835.058027,0.8203,-51.69,-250,200,20.0
1770113835.1514475,0.8400,-50.72,-250,200,20.0
1770113835.2548149,0.8364,-50.75,-250,200,20.0
1770113835.3477771,0.8336,-51.12,-250,200,20.0
1770113835.4519548,0.8216,-51.55,-250,200,20.0
1770113835.5444775,0.8295,-50.81,-250,200,20.0
1770113835.6488779,0.8383,-50.31,-250,200,20.0
1770113835.7415478,0.8339,-50.70,-250,200,20.0
1770113835.8451161,0.8344,-50.63,-250,200,20.0
1770113835.937833,0.8345,-50.97,-250,200,20.0
1770113836.041517,0.8421,-50.59,-250,200,20.0
1770113836.1344132,0.8346,-51.38,-250,200,20.0
1770113836.2380836,0.8254,-51.67,-250,200,20.0
1770113836.331682,0.8359,-50.76,-250,200,20.0
1770113836.4246159,0.8462,-51.88,-250,200,20.0
1770113836.5277526,0.8412,-51.34,-250,200,20.0
1770113836.6221337,0.8350,-51.65,-250,200,20.0
1770113836.725799,0.8332,-50.59,-250,200,20.0
1770113836.8186264,0.8257,-51.06,-250,200,20.0
1770113836.9220488,0.8369,-50.74,-250,200,20.0
1770113837.0265162,0.8238,-51.26,-250,200,20.0
1770113837.12029,0.8188,-51.37,-250,200,20.0
1770113837.21423,0.8380,-50.73,-250,200,20.0
1770113837.3180525,0.8278,-50.96,-250,200,20.0
1770113837.4113255,0.8261,-50.93,-250,200,20.0
1770113837.5145714,0.8356,-50.31,-250,200,20.0
1770113837.6079452,0.8401,-50.11,-250,200,20.0
1770113837.7110512,0.8449,-49.72,-250,200,20.0
1770113837.815101,0.8386,-50.09,-250,200,20.0
1770113837.907848,0.8618,-48.56,-250,200,20.0
1770113838.011583,0.8640,-48.35,-250,200,20.0
1770113838.1046503,0.8590,-48.92,-250,200,20.0
1770113838.2079165,0.8470,-49.53,-250,200,20.0
1770113838.3008711,0.8370,-49.95,-250,200,20.0
1770113838.4036283,0.8392,-49.93,-250,200,20.0
1770113838.4971082,0.8485,-49.54,-250,200,20.0
1770113838.6010413,0.8310,-50.53,-250,200,20.0
1770113838.704782,0.8347,-50.69,-250,200,20.0
1770113838.797477,0.8241,-51.03,-250,200,20.0
1770113838.9015245,0.8253,-51.05,-250,200,20.0
1770113838.994378,0.8395,-50.33,-250,200,20.0
1770113839.0978224,0.8430,-50.36,-250,200,20.0
1770113839.1907008,0.8343,-50.57,-250,200,20.0
1770113839.2939353,0.8318,-50.43,-250,200,20.0
1770113839.386913,0.8352,-50.44,-250,200,20.0
1770113839.4920697,0.8377,-50.50,-250,200,20.0
1770113839.5849037,0.8475,-49.12,-250,200,20.0
1770113839.6880064,0.8527,-48.82,-250,200,20.0
1770113839.7916195,0.8495,-49.42,-250,200,20.0
1770113839.8876216,0.8531,-49.08,-250,200,20.0
1770113839.9806592,0.8539,-48.77,-250,200,20.0
1770113840.0837831,0.8487,-49.45,-250,200,20.0
1770113840.176782,0.8429,-49.86,-250,200,20.0
1770113840.2801836,0.8548,-49.94,-250,200,20.0
1770113840.3736863,0.8461,-49.96,-250,200,20.0
1770113840.4769418,0.8450,-50.19,-250,200,20.0
1770113840.5697706,0.8360,-50.24,-250,200,20.0
1770113840.6723301,0.8451,-50.45,-250,200,20.0
1770113840.7659917,0.8597,-49.58,-250,200,20.0
1770113840.8699427,0.8320,-50.81,-250,200,20.0
1770113840.962752,0.8460,-50.84,-250,200,20.0
1770113841.0663557,0.8444,-50.54,-250,200,20.0
1770113841.1591716,0.8459,-50.66,-250,200,20.0
1770113841.262962,0.8566,-49.95,-250,200,20.0
1770113841.3556495,0.8594,-49.48,-250,200,20.0
1770113841.459621,0.8504,-49.88,-250,200,20.0
1770113841.5525932,0.8493,-49.67,-250,200,20.0
1770113841.6452224,0.8566,-49.55,-250,200,20.0
1770113841.749418,0.8503,-50.00,-250,200,20.0
1770113841.8529797,0.8355,-50.79,-250,200,20.0
1770113841.9464335,0.8350,-50.73,-250,200,20.0
1770113842.0389144,0.8472,-50.36,-250,200,20.0
1770113842.1415277,0.8410,-50.46,-250,200,20.0
1770113842.2353473,0.8411,-50.40,-250,200,20.0
1770113842.339955,0.8665,-49.38,-250,200,20.0
1770113842.4324472,0.8485,-50.74,-250,200,20.0
1770113842.5405777,0.8452,-50.24,-250,200,20.0
1770113842.6452045,0.8378,-49.87,-250,200,20.0
1770113842.7386105,0.8236,-50.06,-250,200,20.0
1770113842.8420308,0.8339,-49.65,-250,200,20.0
1770113842.9465306,0.8313,-48.85,-250,200,20.0
1770113843.0394168,0.8533,-47.92,-250,200,20.0
1770113843.1430774,0.7971,-49.09,-250,200,20.0
1770113843.2461193,0.8737,-46.56,-250,200,20.0
1770113843.349643,0.8848,-46.56,-250,200,20.0
1770113843.4425988,0.8897,-45.87,-250,200,20.0
1770113843.5459816,0.8824,-46.77,-250,200,20.0
1770113843.6492949,0.8572,-47.34,-250,200,20.0
1770113843.7535915,0.8403,-48.82,-250,200,20.0
1770113843.846626,0.8355,-48.81,-250,200,20.0
1770113843.950487,0.8369,-49.95,-250,200,20.0
1770113844.0531294,0.8424,-49.32,-250,200,20.0
1770113844.157558,0.8361,-49.30,-250,200,20.0
1770113844.2511597,0.8457,-48.55,-250,200,20.0
1770113844.354257,0.8328,-49.11,-250,200,20.0
1770113844.4609787,0.8442,-49.99,-250,200,20.0
1770113844.5542564,0.8461,-49.89,-250,200,20.0
1770113844.6579912,0.8503,-49.94,-250,200,20.0
1770113844.7600505,-0.4270,-76.43,250,200,20.0
1770113844.8632894,-0.3297,-57.98,250,200,20.0
1770113844.9666984,-0.1783,-42.30,250,200,20.0
1770113845.0606854,0.7799,-49.29,-250,200,20.0
1770113845.1640327,0.7313,-51.13,-219,200,20.0
1770113845.2660475,-0.5714,-27.69,250,200,20.0
1770113845.369366,-0.2348,15.27,79,200,20.0
1770113845.4623778,-0.4045,-75.35,250,200,20.0
1770113845.5655072,-0.4091,-74.78,250,200,20.0
1770113845.6685903,-0.4007,-71.44,250,200,20.0
1770113845.771698,-0.4613,-74.41,250,200,20.0
1770113845.8752177,-0.4977,-74.81,250,200,20.0
1770113845.9679441,-0.4886,-74.53,250,200,20.0
1770113846.0716727,-0.4097,-72.57,250,200,20.0
1770113846.1749032,-0.5019,-74.33,250,200,20.0
1770113846.279126,-0.5060,-74.85,250,200,20.0
1770113846.3711014,-0.3993,-74.78,250,200,20.0
1770113846.474664,-0.4224,-67.49,250,200,20.0
1770113846.5780153,-0.5236,-75.23,250,200,20.0
1770113846.670999,-0.5190,-74.96,250,200,20.0
1770113846.7743065,-0.4704,-75.19,250,200,20.0
1770113846.8779323,-0.4691,-74.64,250,200,20.0
1770113846.9711642,-0.4517,-74.48,250,200,20.0
1770113847.074324,-0.4484,-74.44,250,200,20.0
1770113847.1786644,-0.4304,-74.48,250,200,20.0
1770113847.2709947,-0.4452,-74.41,250,200,20.0
1770113847.374307,-0.4392,-74.22,250,200,20.0
1770113847.4784594,-0.4240,-75.22,250,200,20.0
1770113847.5715828,-0.3903,-71.54,250,200,20.0
1770113847.6738055,-0.4075,-72.30,250,200,20.0
1770113847.7781808,-0.4255,-74.46,250,200,20.0
1770113847.8709204,-0.4562,-73.45,250,200,20.0
1770113847.9740617,-0.4156,-73.56,250,200,20.0
1770113848.0772324,-0.4675,-74.19,250,200,20.0
1770113848.1715765,-0.4262,-73.95,250,200,20.0
1770113848.2747147,-0.4061,-71.22,250,200,20.0
1770113848.3783464,-0.4102,-71.15,250,200,20.0
1770113848.471175,-0.4230,-72.94,250,200,20.0
1770113848.5743484,-0.3956,-72.85,250,200,20.0
1770113848.6780777,-0.3583,-72.96,250,200,20.0
1770113848.770901,-0.3744,-73.60,250,200,20.0
1770113848.874257,-0.3469,-69.93,250,200,20.0
1770113848.9780471,-0.3553,-69.10,250,200,20.0
1770113849.0708702,-0.3408,-66.41,250,200,20.0
1770113849.1752994,-0.3367,-63.03,250,200,20.0
1770113849.268646,-0.3556,-66.81,250,200,20.0
1770113849.3722658,-0.3642,-65.06,250,200,20.0
1770113849.4767556,-0.4577,-67.94,250,200,20.0
1770113849.568516,-0.4595,-68.63,250,200,20.0
1770113849.6748714,-0.4562,-66.58,250,200,20.0
1770113849.7785618,-0.4615,-70.19,250,200,20.0
1770113849.8712873,-0.4419,-65.37,250,200,20.0
1770113849.974418,-0.4713,-69.60,250,200,20.0
1770113850.067536,-0.4727,-72.37,250,200,20.0
1770113850.1723294,-0.4581,-67.09,250,200,20.0
1770113850.275969,-0.4544,-67.55,250,200,20.0
1770113850.3694518,-0.4563,-68.34,250,200,20.0
1770113850.472538,-0.4602,-66.76,250,200,20.0
1770113850.5765905,-0.4311,-66.67,250,200,20.0
1770113850.6693966,-0.4090,-68.53,250,200,20.0
1770113850.7726107,-0.3435,-65.90,250,200,20.0
1770113850.8764129,-0.3764,-66.24,250,200,20.0
1770113850.9693363,-0.3844,-70.85,250,200,20.0
1770113851.0725007,-0.3701,-67.30,250,200,20.0
1770113851.176133,-0.3816,-71.11,250,200,20.0
1770113851.2690334,-0.4300,-66.13,250,200,20.0
1770113851.372165,-0.3564,-66.04,250,200,20.0
1770113851.4686878,-0.4122,-64.46,250,200,20.0
1770113851.5717432,-0.4346,-66.18,250,200,20.0
1770113851.6757972,-0.3731,-69.36,250,200,20.0
1770113851.7690988,-0.3922,-66.10,250,200,20.0
1770113851.872399,-0.4453,-62.18,250,200,20.0
1770113851.9768589,-0.4444,-69.61,250,200,20.0
1770113852.0690587,-0.4356,-64.01,250,200,20.0
1770113852.1724644,-0.4478,-68.47,250,200,20.0
1770113852.2766666,-0.4471,-63.33,250,200,20.0
1770113852.3689766,-0.4567,-70.48,250,200,20.0
1770113852.4722204,-0.4629,-68.66,250,200,20.0
1770113852.5760643,-0.4734,-69.06,250,200,20.0
1770113852.668769,-0.4513,-67.98,250,200,20.0
1770113852.7719052,-0.4723,-71.04,250,200,20.0
1770113852.875478,-0.4623,-68.74,250,200,20.0
1770113852.9681575,-0.4289,-71.44,250,200,20.0
1770113853.071277,-0.4266,-69.77,250,200,20.0
1770113853.1753967,-0.3983,-66.09,250,200,20.0
1770113853.2687883,-0.3952,-63.92,250,200,20.0
1770113853.3728828,-0.4078,-70.49,250,200,20.0
1770113853.4661996,-0.3872,-65.56,250,200,20.0
1770113853.5689313,-0.3698,-64.75,250,200,20.0
1770113853.6731787,-0.3545,-62.87,250,200,20.0
1770113853.765656,-0.3571,-59.82,250,200,20.0
1770113853.8689406,-0.3602,-65.83,250,200,20.0
1770113853.9719458,-0.3926,-69.44,250,200,20.0
1770113854.0651956,-0.3652,-65.65,250,200,20.0
1770113854.1682546,-0.3600,-44.22,250,200,20.0
1770113854.2726488,-0.3799,-65.16,250,200,20.0
1770113854.3750732,-0.3763,-69.37,250,200,20.0
1770113854.4786456,-0.3864,-60.28,250,200,20.0
1770113854.5713418,-0.3434,-63.22,250,200,20.0
1770113854.67504,-0.3697,-64.20,250,200,20.0
1770113854.77825,-0.3730,-69.74,250,200,20.0
1770113854.8814354,-0.3885,-56.56,250,200,20.0
1770113854.9849813,-0.3769,-70.17,250,200,20.0
1770113855.0786898,-0.3881,-70.48,250,200,20.0
1770113855.1810992,-0.4065,-66.69,250,200,20.0
1770113855.2843618,-0.4119,-29.71,250,200,20.0
1770113855.3875833,-0.3720,-65.92,250,200,20.0
1770113855.491531,-0.4188,-69.09,250,200,20.0
1770113855.5844967,-0.3889,-70.10,250,200,20.0
1770113855.6879432,-0.3690,-58.29,250,200,20.0
1770113855.7910373,-0.4016,-77.40,250,200,20.0
1770113855.8942416,-0.3600,-60.76,250,200,20.0
1770113855.997647,-0.3731,-69.20,250,200,20.0
1770113856.0907001,-0.3999,-66.64,250,200,20.0
1770113856.193485,-0.3511,-64.61,250,200,20.0
1770113856.2967699,-0.3974,-60.99,250,200,20.0
1770113856.3999977,-0.3747,-71.01,250,200,20.0
1770113856.4927084,-0.4163,-67.35,250,200,20.0
1770113856.595973,-0.3943,-77.37,250,200,20.0
1770113856.699677,-0.3856,-66.26,250,200,20.0
1770113856.8025072,-0.3560,-61.60,250,200,20.0
1770113856.9063072,-0.3798,-51.63,250,200,20.0
1770113856.9988208,-0.3701,-57.79,250,200,20.0
1770113857.1021886,-0.4059,-68.60,250,200,20.0
1770113857.205327,-0.3740,-68.38,250,200,20.0
1770113857.3085697,-0.4019,-64.61,250,200,20.0
1770113857.401435,-0.4210,-70.91,250,200,20.0
1770113857.5046852,-0.3925,-70.71,250,200,20.0
1770113857.6084692,-0.4149,-71.16,250,200,20.0
1770113857.7116966,-0.3799,-67.74,250,200,20.0
1770113857.814627,-0.3612,-62.34,250,200,20.0
1770113857.90764,-0.3834,-66.48,250,200,20.0
1770113858.011301,-0.3879,-61.67,250,200,20.0
1770113858.1145308,-0.3454,-58.30,250,200,20.0
1770113858.218804,-0.4062,-61.76,250,200,20.0
1770113858.3113112,-0.4093,-62.54,250,200,20.0
1770113858.4153187,-0.3752,-62.28,250,200,20.0
1770113858.5190601,-0.3629,-55.79,250,200,20.0
1770113858.6118083,-0.3798,-64.55,250,200,20.0
1770113858.714918,-0.3598,-58.65,250,200,20.0
1770113858.8221467,-0.3921,-72.14,250,200,20.0
1770113858.9162698,-0.3811,-64.14,250,200,20.0
1770113859.0200367,-0.3777,-63.44,250,200,20.0
1770113859.1122682,-0.3639,-59.02,250,200,20.0
1770113859.216029,-0.3539,-59.14,250,200,20.0
1770113859.3219953,-0.3717,-64.35,250,200,20.0
1770113859.4138455,-0.3658,-64.36,250,200,20.0
1770113859.5199778,-0.3679,-66.60,250,200,20.0
1770113859.6135836,-0.3453,-63.20,250,200,20.0
1770113859.716919,-0.3308,-61.79,250,200,20.0
1770113859.82196,-0.3463,-58.98,250,200,20.0
1770113859.9151275,-0.3948,-67.01,250,200,20.0
1770113860.0184293,-0.3585,-65.87,250,200,20.0
1770113860.1220908,-0.3443,-59.14,250,200,20.0
1770113860.2147954,-0.3944,-58.53,250,200,20.0
1770113860.318175,-0.4104,-67.36,250,200,20.0
1770113860.4213052,-0.3221,8.00,120,367,36.7
1770113860.5133474,-0.6106,-30.09,250,200,20.0
1770113860.6173635,0.8186,-48.87,-250,200,20.0
1770113860.7195492,-0.3061,-48.20,250,200,20.0
1770113860.8124766,-0.3593,-34.76,250,200,20.0
1770113860.9154537,-0.4163,-19.57,250,200,20.0
1770113861.020363,0.9286,-44.50,-250,200,20.0
1770113861.1231642,0.9237,-45.69,-250,200,20.0
1770113861.2248952,-0.3281,-20.11,250,200,20.0
1770113861.3293958,0.4689,25.59,-250,200,20.0
1770113861.4222844,0.4712,22.71,-250,200,20.0
1770113861.5256078,1.4447,27.93,-250,200,20.0
1770113861.6287177,0.4426,16.54,-250,200,20.0
1770113861.7318137,0.5027,13.61,-250,209,21.0
1770113861.8249388,-0.4549,-16.10,250,200,20.0
1770113861.933368,1.2189,-16.33,-250,200,20.0
1770113862.035606,1.1345,-9.07,-250,330,33.0
1770113862.1349485,-0.6931,4.21,232,476,47.7
1770113862.238563,-0.6032,29.01,250,200,20.0
1770113862.3310573,0.8641,29.55,-250,200,20.0
1770113862.4469717,0.4788,-1.93,-149,500,50.0
1770113862.5418594,-1.1048,-16.30,250,200,20.0
1770113862.643463,-1.2585,14.97,250,200,20.0
1770113862.726204,-0.7839,0.08,250,500,50.0
1770113862.796619,-1.2278,-9.32,250,321,32.2
1770113862.866888,-1.9274,-27.20,250,200,20.0
1770113862.9487643,-2.8378,-41.56,250,200,20.0
1770113863.0520604,-4.8698,-61.53,250,200,20.0
1770113863.146544,0.0080,-26.91,208,200,20.0
1770113863.2500885,1.1323,-23.86,-250,200,20.0
1770113863.3553061,0.5827,-19.76,-250,200,20.0
1770113863.4400985,0.2061,-61.27,250,200,20.0
1770113863.523445,-0.1759,-49.36,250,200,20.0
1770113863.5951128,0.1731,0.26,-61,500,50.0
1770113863.6474078,0.0871,19.83,-233,200,20.0
1770113863.708728,-0.0656,41.05,-250,200,20.0
1770113863.7705126,0.0015,7.51,-60,383,38.4
1770113863.8325875,-0.7931,-34.82,250,200,20.0
1770113863.8953743,-0.0513,-2.27,35,499,50.0
1770113863.9584024,-0.4207,7.68,171,378,37.8
1770113864.0211759,-0.6208,19.90,250,200,20.0
1770113864.0836654,-0.8382,21.66,250,200,20.0
1770113864.1365006,-0.9024,27.71,250,200,20.0
1770113864.1995835,-1.1685,10.29,250,289,29.0
1770113864.2629845,-1.1573,-0.47,250,500,50.0
1770113864.3262644,-1.1035,-6.50,250,417,41.7
1770113864.3877296,-1.0287,-8.94,250,334,33.5
1770113864.441062,-0.9577,-9.71,250,308,30.9
1770113864.5036163,-1.3373,-0.34,250,500,50.0
1770113864.5663235,-1.2178,8.31,250,356,35.7
1770113864.6315584,-0.8713,7.44,250,386,38.6
1770113864.7043326,-0.3414,22.09,116,200,20.0
1770113864.7655277,0.0575,34.14,-250,200,20.0
1770113864.8367887,0.0334,19.71,-186,200,20.0
1770113864.897499,0.1602,-13.25,-27,214,21.5
1770113864.9686031,0.5534,-31.62,-222,200,20.0
1770113865.0296693,0.2391,-0.42,-78,500,50.0
1770113865.1023026,0.6581,-17.91,-250,200,20.0
1770113865.1851401,0.3065,-22.26,-85,200,20.0
1770113865.277598,0.3351,-19.08,-135,200,20.0
1770113865.3793852,1.3408,-7.08,-250,398,39.8
1770113865.480963,0.7411,8.25,-250,358,35.9
1770113865.583362,0.5131,7.63,-250,379,38.0
1770113865.6761713,0.3493,6.20,-213,426,42.6
1770113865.7789485,0.4090,0.08,-141,500,50.0
1770113865.8810928,0.3991,-5.06,-125,458,45.8
1770113865.983541,0.4033,-0.43,-135,500,50.0
1770113866.0865214,0.3996,0.44,-140,500,50.0
1770113866.1897376,0.3800,-0.79,-124,500,50.0
1770113866.2936358,0.3850,-0.65,-127,500,50.0
1770113866.386428,0.3856,-1.07,-123,500,50.0
1770113866.4910262,0.3957,0.13,-137,500,50.0
1770113866.5936422,0.3927,0.05,-135,500,50.0
1770113866.6967585,0.3911,-0.90,-127,500,50.0
1770113866.8001244,0.3868,-1.03,-124,500,50.0
1770113866.893249,0.3874,-0.89,-126,500,50.0
1770113866.996228,0.3837,-1.45,-120,500,50.0
1770113867.099133,0.3848,-0.86,-125,500,50.0
1770113867.2022843,0.3919,-0.29,-132,500,50.0
1770113867.30511,0.3927,-0.51,-130,500,50.0
1770113867.4081833,0.3924,-0.20,-133,500,50.0
1770113867.511591,0.4017,0.38,-141,500,50.0
1770113867.6040623,0.3849,1.31,-142,500,50.0
1770113867.7065847,0.3917,1.69,-148,500,50.0
1770113867.8094826,0.4023,2.34,-157,499,49.9
1770113867.9129326,0.4140,4.06,-189,479,48.0
1770113868.015702,0.4286,5.37,-227,450,45.0
1770113868.108433,0.4135,4.02,-188,480,48.1
1770113868.211321,0.3717,-1.28,-117,500,50.0
1770113868.314398,0.3857,-0.28,-130,500,50.0
1770113868.4189029,0.3826,0.12,-132,500,50.0
1770113868.521913,0.3875,0.80,-139,500,50.0
1770113868.6147509,0.3824,0.32,-134,500,50.0
1770113868.718001,0.3886,1.06,-142,500,50.0
1770113868.8209796,0.3857,0.51,-136,500,50.0
1770113868.9265401,0.3909,1.68,-147,500,50.0
1770113869.0295596,0.3877,0.58,-137,500,50.0
1770113869.1224694,0.3793,-0.68,-124,500,50.0
1770113869.2255092,0.3842,-0.62,-127,500,50.0
1770113869.3286843,0.3838,0.70,-137,500,50.0
1770113869.4463844,0.3844,-0.68,-126,500,50.0
1770113869.538518,0.3845,-0.18,-130,500,50.0
1770113869.6428537,0.3995,0.84,-144,500,50.0
1770113869.7471979,0.3931,0.60,-139,500,50.0
1770113869.8409033,0.3988,0.60,-141,500,50.0
1770113869.9445684,0.3923,0.26,-136,500,50.0
1770113870.0486207,0.4001,1.01,-145,500,50.0
1770113870.153546,0.3799,-0.83,-123,500,50.0
1770113870.2458184,0.3702,-1.40,-116,500,50.0
1770113870.349668,0.3678,-1.98,-110,500,50.0
1770113870.4534285,0.3732,-1.44,-116,500,50.0
1770113870.5592575,0.3684,-1.72,-112,500,50.0
1770113870.6522622,0.3719,-1.24,-117,500,50.0
1770113870.755829,0.3724,-1.21,-118,500,50.0
1770113870.8598063,0.3739,-1.23,-118,500,50.0
1770113870.9542296,0.3713,-1.22,-117,500,50.0
1770113871.0573838,0.3790,-0.89,-123,500,50.0
1770113871.1621494,0.3772,-1.04,-121,500,50.0
1770113871.2669954,0.3849,-0.48,-128,500,50.0
1770113871.359971,0.3837,-0.56,-127,500,50.0
1770113871.4640663,0.3804,-0.48,-126,500,50.0
1770113871.5690076,0.3870,0.02,-133,500,50.0
1770113871.6725547,0.3803,-0.72,-125,500,50.0
1770113871.7652087,0.3836,-0.49,-127,500,50.0
1770113871.8702695,0.3846,-0.24,-130,500,50.0
1770113871.9741356,0.3839,-0.14,-130,500,50.0
1770113872.0795412,0.3849,-0.35,-129,500,50.0
1770113872.1722674,0.3793,-0.74,-124,500,50.0
1770113872.2763202,0.3786,-0.89,-123,500,50.0
1770113872.3816903,0.3825,-0.54,-127,500,50.0
1770113872.4754214,0.3837,-0.32,-129,500,50.0
1770113872.579206,0.3855,-0.21,-130,500,50.0
1770113872.6864138,0.3912,0.28,-136,500,50.0
1770113872.7910047,0.3916,0.44,-138,500,50.0
1770113872.8767078,0.3898,0.17,-135,500,50.0
1770113872.9815166,0.3934,0.95,-142,500,50.0
1770113873.0852332,0.3956,0.75,-141,500,50.0
1770113873.1920123,0.3898,1.20,-143,500,50.0
1770113873.2845752,0.3884,0.38,-136,500,50.0
1770113873.389464,0.3871,0.95,-140,500,50.0
1770113873.4940262,0.3949,1.48,-147,500,50.0
1770113873.5880961,0.3863,0.66,-138,500,50.0
1770113873.6917813,0.3907,0.82,-140,500,50.0
1770113873.7963607,0.3906,1.03,-142,500,50.0
1770113873.9012527,0.3929,1.19,-144,500,50.0
1770113873.9940846,0.3923,0.86,-141,500,50.0
1770113874.097645,0.3870,-0.09,-132,500,50.0
1770113874.201494,0.3914,0.26,-136,500,50.0
1770113874.3054383,0.3973,1.24,-146,500,50.0
1770113874.3979192,0.3870,0.26,-135,500,50.0
1770113874.5035024,0.3847,0.33,-134,500,50.0
1770113874.6062133,0.3944,0.87,-142,500,50.0
1770113874.7112656,0.3923,0.84,-141,500,50.0
1770113874.804424,0.3872,0.53,-137,500,50.0
1770113874.9104238,0.3856,0.38,-135,500,50.0
1770113875.013663,0.3830,0.06,-132,500,50.0
1770113875.107483,0.3872,0.71,-138,500,50.0
1770113875.210527,0.3918,0.87,-141,500,50.0
1770113875.3164907,0.4023,-0.03,-138,500,50.0
1770113875.408983,0.4983,3.61,-211,487,48.7
1770113875.5133133,0.1672,-6.17,-29,427,42.7
1770113875.6160696,-0.3071,-8.81,250,339,33.9
1770113875.71903,0.7659,44.04,-250,200,20.0
1770113875.823155,0.7589,43.92,-250,200,20.0
1770113875.9174287,0.7533,43.71,-250,200,20.0
1770113876.02199,0.7714,43.49,-250,200,20.0
1770113876.126096,0.8093,44.56,-250,200,20.0
1770113876.2198415,0.8150,44.58,-250,200,20.0
1770113876.323154,0.8025,45.11,-250,200,20.0
1770113876.4271615,0.7784,46.22,-250,200,20.0
1770113876.5312068,0.7774,46.86,-250,200,20.0
1770113876.635413,-0.3604,8.15,144,362,36.2
1770113876.72998,-0.3690,7.89,145,371,37.1
1770113876.8328228,-0.3589,7.76,138,375,37.5
1770113876.9397335,-0.3617,7.95,142,369,36.9
1770113877.0322485,-0.3947,5.28,125,452,45.2
1770113877.136312,-0.3971,4.70,121,466,46.7
1770113877.239823,-0.3969,4.91,123,461,46.2
1770113877.3439047,-0.4000,4.45,121,472,47.2
1770113877.4367085,-0.3952,4.83,121,463,46.4
1770113877.5418372,-0.3985,4.48,120,471,47.2
1770113877.6465566,-0.3951,4.96,123,460,46.0
1770113877.7396898,-0.3856,5.80,127,437,43.8
1770113877.843341,-0.3812,6.06,128,430,43.1
1770113877.9473305,-0.3859,5.87,128,436,43.6
1770113878.0527594,-0.3838,6.07,129,430,43.0
1770113878.1462266,-0.3879,5.79,128,438,43.8
1770113878.251469,-0.3832,6.00,128,432,43.2
1770113878.3556147,-0.3796,6.36,130,421,42.1
1770113878.4599361,-0.3822,6.01,128,431,43.2
1770113878.5522804,-0.3851,5.72,126,440,44.0
1770113878.6562855,-0.3885,5.52,125,445,44.6
1770113878.7601202,-0.3892,5.59,126,443,44.4
1770113878.8534832,-0.3855,6.06,130,430,43.0
1770113878.9571693,-0.3839,6.03,129,431,43.1
1770113879.0611641,-0.3823,6.18,130,426,42.7
1770113879.1650019,-0.3833,6.04,128,431,43.1
1770113879.2602186,-0.3923,5.31,125,451,45.2
1770113879.364061,-0.3893,5.35,124,450,45.1
1770113879.468857,-0.3899,5.61,127,443,44.4
1770113879.564894,-0.3846,6.10,130,429,42.9
1770113879.6701202,-0.3874,5.59,125,444,44.4
1770113879.7739599,-0.3868,5.67,126,441,44.2
1770113879.867597,-0.3877,5.84,128,437,43.7
1770113879.971359,-0.3877,5.85,128,436,43.7
1770113880.075188,-0.3858,5.85,127,436,43.7
1770113880.1688755,-0.3893,5.64,127,442,44.3
1770113880.2729495,-0.3942,5.32,125,451,45.1
1770113880.37678,-0.3921,5.01,122,459,45.9
1770113880.4808211,-0.3925,5.34,125,450,45.1
1770113880.5774684,-0.3880,5.56,125,444,44.5
1770113880.6821275,-0.3917,5.07,122,457,45.8
1770113880.7879739,-0.3912,5.55,127,444,44.5
1770113880.8806262,-0.3913,5.29,124,452,45.2
1770113880.984878,-0.4010,3.94,118,481,48.2
1770113881.0878937,-0.4489,3.33,134,491,49.1
1770113881.1818755,-0.6679,-6.46,250,418,41.8
1770113881.286093,-0.8205,-4.98,250,460,46.0
1770113881.3891807,-0.8761,-0.95,250,500,50.0
1770113881.4947188,1.1474,40.41,-250,200,20.0
1770113881.59931,1.0146,42.92,-250,200,20.0
1770113881.691608,0.7779,37.47,-250,200,20.0
1770113881.796913,0.5442,23.46,-250,200,20.0
1770113881.8993099,0.4296,-24.14,-176,200,20.0
1770113882.0038424,0.5634,29.18,-250,200,20.0
1770113882.0982683,0.5625,30.11,-250,200,20.0
1770113882.1945634,0.5670,34.71,-250,200,20.0
1770113882.2992556,0.7755,28.55,-250,200,20.0
1770113882.4033031,-0.2270,10.77,79,274,27.5
1770113882.5074415,-0.1397,12.86,11,221,22.2
1770113882.5988238,0.8624,35.36,-250,200,20.0
1770113882.7031677,0.9221,35.18,-250,200,20.0
1770113882.807598,0.8989,28.04,-250,200,20.0
1770113882.9127922,0.8891,26.12,-250,200,20.0
1770113883.0047066,0.2121,24.80,-250,200,20.0
1770113883.1086147,1.1037,28.95,-250,200,20.0
1770113883.2033262,0.3597,27.93,-250,200,20.0
1770113883.307213,0.1662,15.85,-250,200,20.0
1770113883.4089394,-0.9547,11.68,250,248,24.9
1770113883.5127242,-0.8522,14.14,250,203,20.4
1770113883.6169004,-0.8935,6.17,250,427,42.7
1770113883.7104292,-0.8738,3.82,250,483,48.4
1770113883.8150346,-0.8971,3.73,250,485,48.5
1770113883.9127831,-0.9334,7.82,250,373,37.3
1770113884.0172167,1.2131,32.36,-250,200,20.0
1770113884.120395,0.9815,23.73,-250,200,20.0
1770113884.2249079,0.9229,26.38,-250,200,20.0
1770113884.3313596,0.9121,33.03,-250,200,20.0
1770113884.4234614,0.8663,26.44,-250,200,20.0
1770113884.5278637,-0.0512,14.30,-70,202,20.3
1770113884.6340358,-0.4201,-7.96,250,368,36.9
1770113884.728948,-0.0996,6.23,-2,425,42.5
1770113884.8345203,0.0693,12.42,-155,230,23.1
1770113884.9265192,0.1303,15.79,-238,200,20.0
1770113885.030894,0.1754,17.72,-250,200,20.0
1770113885.1355455,0.1047,11.61,-173,250,25.1
1770113885.241229,0.0940,11.15,-159,263,26.3
1770113885.3330708,0.0319,5.49,-57,446,44.7
1770113885.4357712,-0.9287,8.31,250,356,35.7
1770113885.5392625,-0.9499,-1.46,250,500,50.0
1770113885.6334298,-0.9085,-5.42,250,448,44.9
1770113885.7371058,-1.0132,-14.29,250,202,20.3
1770113885.8405356,-0.9292,-4.88,250,462,46.2
1770113885.9437745,-0.8999,2.95,250,495,49.5
1770113886.0476258,-0.9418,3.64,250,486,48.7
1770113886.141479,0.9514,30.82,-250,200,20.0
1770113886.2454894,-0.5077,-18.63,250,200,20.0
1770113886.3498385,-0.5908,-16.17,250,200,20.0
1770113886.4548163,-0.6269,-13.40,250,212,21.2
1770113886.5476048,-0.6275,-10.94,250,269,27.0
1770113886.652065,-0.6848,-11.86,250,244,24.4
1770113886.7571082,-0.7560,-8.86,250,337,33.8
1770113886.8616722,1.6736,15.91,-250,200,20.0
1770113886.9543383,1.5618,15.76,-250,200,20.0
1770113887.0611145,1.3967,12.82,-250,222,22.2
1770113887.165196,1.3345,12.20,-250,235,23.6
1770113887.2583866,1.3274,12.13,-250,237,23.7
1770113887.3618453,1.3597,12.36,-250,232,23.2
1770113887.4646065,1.4128,12.15,-250,236,23.7
1770113887.5688233,1.4558,10.98,-250,268,26.8
1770113887.6616087,1.4630,5.50,-250,446,44.6
1770113887.7645664,1.4823,-1.46,-250,500,50.0
1770113887.8673232,1.5440,-7.84,-250,372,37.3
1770113887.9697928,0.9980,20.82,-250,200,20.0
1770113888.0742457,0.9840,17.03,-250,200,20.0
1770113888.1677775,0.0331,4.75,-51,465,46.5
1770113888.271535,0.0979,7.46,-112,385,38.6
1770113888.3741586,-0.0458,-3.23,42,492,49.2
1770113888.4668705,-1.1833,-17.29,250,200,20.0
1770113888.5702198,-0.9180,-8.09,250,364,36.4
1770113888.673478,-0.7522,-0.01,250,500,50.0
1770113888.7768173,-0.6764,7.91,250,370,37.0
1770113888.8793044,-0.0319,-5.42,57,448,44.9
1770113888.9846826,0.3180,-41.79,61,200,20.0
1770113889.078184,0.4187,-35.86,-72,200,20.0
1770113889.1830108,1.7157,-24.71,-250,200,20.0
1770113889.2869992,0.0805,2.44,-47,498,49.9
1770113889.3915918,0.1202,4.75,-86,465,46.5
1770113889.4847279,0.1468,4.28,-90,475,47.5
1770113889.5903928,-0.7003,13.95,250,205,20.6
1770113889.6941211,-0.8451,-0.11,250,500,50.0
1770113889.7873876,-0.8142,-1.93,250,500,50.0
1770113889.8917384,-0.8305,-2.81,250,496,49.7
1770113889.9941657,-1.1204,-13.45,250,211,21.2
1770113890.097094,-1.0200,3.69,250,486,48.6
1770113890.1909363,-1.1277,-5.15,250,455,45.6
1770113890.2955601,-1.1803,10.00,250,299,29.9
1770113890.3995252,-1.3505,-2.28,250,499,50.0
1770113890.5059674,1.8209,2.68,-250,497,49.8
1770113890.5983908,1.7127,3.48,-250,489,48.9
1770113890.7034197,1.4762,3.70,-250,486,48.6
1770113890.8071585,1.2343,3.22,-250,492,49.3
1770113890.9109123,1.1195,2.46,-250,498,49.9
1770113891.00179,1.1128,0.97,-250,500,50.0
1770113891.1052213,1.1425,0.04,-250,500,50.0
1770113891.2077627,1.1881,-1.96,-250,500,50.0
1770113891.310292,1.2502,-1.45,-250,500,50.0
1770113891.4132307,1.2801,-3.18,-250,493,49.3
1770113891.507255,-0.8561,-11.55,250,252,25.2
1770113891.6085649,0.4757,0.24,-165,500,50.0
1770113891.7121813,-0.1117,-31.73,250,200,20.0
1770113891.8156402,0.3925,30.65,-250,200,20.0
1770113891.9195774,0.2734,28.36,-250,200,20.0
1770113892.012727,0.0947,-9.91,14,302,30.2
1770113892.115608,0.0722,-8.65,25,344,34.5
1770113892.2200565,0.6047,-22.35,-250,200,20.0
1770113892.3237085,0.8063,-14.79,-250,200,20.0
1770113892.428465,-1.0757,0.25,250,500,50.0
1770113892.520457,-1.0682,-5.05,250,458,45.8
1770113892.6241376,-0.9630,-12.44,250,230,23.0
1770113892.7283516,-2.1970,-50.56,250,200,20.0
1770113892.833324,-0.4776,0.97,156,500,50.0
1770113892.9262962,-1.4391,-31.24,250,200,20.0
1770113893.0302484,-1.6588,-34.47,250,200,20.0
1770113893.133867,-0.7510,11.54,250,252,25.2
1770113893.2373884,-1.4619,-11.36,250,257,25.7
1770113893.3409889,-1.0454,3.61,250,487,48.7
1770113893.4339433,-0.6511,36.14,250,200,20.0
1770113893.5373778,-1.4538,19.45,250,200,20.0
1770113893.6404405,-1.8108,-14.78,250,200,20.0
1770113893.7463927,-0.7525,-22.03,250,200,20.0
1770113893.8509765,-0.5398,-17.18,250,200,20.0
1770113893.9432008,-0.9726,-45.55,250,200,20.0
1770113894.0475605,-0.0327,-16.92,163,200,20.0
1770113894.1517484,-0.7222,-41.23,250,200,20.0
1770113894.2492747,-0.7746,-41.32,250,200,20.0
1770113894.352392,-0.9218,-45.17,250,200,20.0
1770113894.458412,-0.9063,-43.38,250,200,20.0
1770113894.5503933,-0.7014,-35.90,250,200,20.0
1770113894.653948,1.2838,13.14,-250,216,21.7
1770113894.7696228,0.3141,18.91,-250,200,20.0
1770113894.8613875,0.1244,8.23,-138,359,35.9
1770113894.965008,-0.2583,-23.73,250,200,20.0
1770113895.0572155,0.8115,1.77,-250,500,50.0
1770113895.160077,-0.2267,-22.52,250,200,20.0
1770113895.2663443,1.3744,40.69,-250,200,20.0
1770113895.3570445,0.8848,30.69,-250,200,20.0
1770113895.4499478,0.5700,-15.36,-250,200,20.0
1770113895.5437915,0.9103,23.49,-250,200,20.0
1770113895.6276386,0.8070,13.45,-250,211,21.2
1770113895.7228937,0.1017,8.89,-134,336,33.6
1770113895.8056123,0.2370,35.90,-250,200,20.0
1770113895.8899617,0.2953,39.06,-250,200,20.0
1770113895.9725862,0.3437,33.08,-250,200,20.0
1770113896.055178,0.1535,34.21,-250,200,20.0
1770113896.138434,0.1635,29.96,-250,200,20.0
1770113896.2208714,0.0823,24.67,-250,200,20.0
1770113896.2941468,-0.0142,18.28,-134,200,20.0
1770113896.3774433,-0.0665,7.28,-23,391,39.2
1770113896.4625618,-0.0210,4.41,-27,472,47.3
1770113896.5465014,0.0256,3.25,-35,492,49.2
1770113896.621173,0.0927,-1.06,-23,500,50.0
1770113896.7019248,-1.4078,-8.72,250,342,34.2
1770113896.7845242,-1.4426,-26.24,250,200,20.0
1770113896.858171,-1.3597,-35.96,250,200,20.0
1770113896.9434035,-1.2606,-34.86,250,200,20.0
1770113897.0281122,-1.2378,-36.10,250,200,20.0
1770113897.11271,-0.3274,1.96,96,500,50.0
1770113897.2075028,-0.3324,-1.94,129,500,50.0
1770113897.2919598,-0.3880,-5.03,201,458,45.9
1770113897.3848517,0.2330,-13.19,-88,215,21.6
1770113897.4806733,0.2497,-0.70,-80,500,50.0
1770113897.5866144,0.1902,-3.53,-40,488,48.9
1770113897.6812496,-0.0551,-1.42,30,500,50.0
1770113897.7895646,-0.0615,-1.54,33,500,50.0
1770113897.894036,-0.0559,-0.64,24,500,50.0
1770113897.9988294,-0.0578,-0.89,27,500,50.0
1770113898.0921185,0.1347,-3.20,-22,492,49.3
1770113898.1962614,0.1374,-2.94,-24,495,49.6
1770113898.3010864,0.1392,-2.57,-27,498,49.8
1770113898.3953671,0.1440,-2.52,-29,498,49.9
1770113898.4980037,0.1479,-2.26,-32,499,50.0
1770113898.6015332,0.1524,-1.57,-39,500,50.0
1770113898.706721,0.1509,-1.81,-37,500,50.0
1770113898.7993445,0.1474,-2.30,-32,499,50.0
1770113898.9031732,0.1462,-2.27,-32,499,50.0
1770113899.0082545,0.1484,-2.18,-33,499,50.0
1770113899.1119177,0.1373,-2.95,-24,495,49.5
1770113899.2049413,0.1494,-2.04,-35,499,50.0
1770113899.308883,0.1477,-2.27,-32,499,50.0
1770113899.4135308,0.1471,-2.18,-33,499,50.0
1770113899.506049,0.1399,-2.43,-28,499,49.9
1770113899.6124208,0.1491,-2.15,-34,499,50.0
1770113899.7163086,0.1532,-1.52,-40,500,50.0
1770113899.82151,0.1546,-2.06,-36,499,50.0
1770113899.9141774,0.1528,-1.60,-39,500,50.0
1770113900.0185776,0.1558,-1.81,-39,500,50.0
1770113900.1233482,0.1571,-1.47,-42,500,50.0
1770113900.2153337,0.1535,-2.11,-35,499,50.0
1770113900.3193555,0.1406,-3.03,-25,494,49.5
1770113900.4260705,0.1425,-3.50,-23,488,48.9
1770113900.5306232,0.1595,-1.31,-44,500,50.0
1770113900.6233935,0.1659,-0.06,-56,500,50.0
1770113900.726573,0.1680,-0.24,-55,500,50.0
1770113900.831453,0.1642,0.02,-56,500,50.0
1770113900.9234653,0.1497,-1.78,-37,500,50.0
1770113901.0297403,0.1579,-1.53,-42,500,50.0
1770113901.1345348,0.1608,-0.37,-52,500,50.0
1770113901.2392018,0.1647,-0.09,-55,500,50.0
1770113901.331591,0.1671,-0.56,-53,500,50.0
1770113901.4350066,0.1622,-1.17,-46,500,50.0
1770113901.5378811,0.1487,-3.34,-26,491,49.1
1770113901.6433866,0.1374,-5.12,-16,456,45.7
1770113901.7340043,0.0945,-9.95,14,300,30.1
1770113901.8385162,0.0714,-15.11,59,200,20.0
1770113901.9423404,-0.0253,-30.08,250,200,20.0
1770113902.0330777,0.0072,-28.01,217,200,20.0
1770113902.135066,0.1226,-15.82,21,200,20.0
1770113902.2371812,0.2397,2.97,-108,495,49.5
1770113902.3371792,1.5480,3.72,-250,485,48.6
1770113902.4435232,0.2809,11.87,-250,243,24.4
1770113902.538524,0.2619,11.91,-250,242,24.3
1770113902.6443777,0.2201,8.33,-196,355,35.6
1770113902.7482853,0.2401,15.03,-250,200,20.0
1770113902.853277,0.2114,10.98,-244,268,26.8
1770113902.9446292,0.1823,5.30,-120,451,45.2
1770113903.0453362,0.2657,10.50,-250,282,28.3
1770113903.1481347,0.3409,17.42,-250,200,20.0
1770113903.252134,0.4570,41.58,-250,200,20.0
1770113903.3574376,0.3185,25.59,-250,200,20.0
1770113903.4509509,0.1949,27.46,-250,200,20.0
1770113903.5525744,0.5027,38.39,-250,200,20.0
1770113903.6556275,0.4924,37.76,-250,200,20.0
1770113903.7471316,-1.0402,19.43,250,200,20.0
1770113903.8525574,-1.0276,20.37,250,200,20.0
1770113903.9615417,-0.9093,38.95,250,200,20.0
1770113904.0666678,-0.9513,33.81,250,200,20.0
1770113904.170373,-0.9800,30.36,250,200,20.0
1770113904.2642841,-0.9788,31.79,250,200,20.0
1770113904.3670757,0.2410,-6.49,-65,417,41.7
1770113904.4580424,0.1557,-7.05,-24,399,39.9
1770113904.5627363,0.0268,-10.99,68,268,26.8
1770113904.6651511,-0.2008,0.48,65,500,50.0
1770113904.7684963,-0.3062,44.66,-94,200,20.0
1770113904.8725648,-1.9070,-27.99,250,200,20.0
1770113904.9638443,0.0045,-4.69,35,466,46.7
1770113905.0669677,-0.5136,-13.90,250,206,20.6
1770113905.1685865,0.3653,-45.75,52,200,20.0
1770113905.2708771,0.7331,29.19,-250,200,20.0
1770113905.3775535,0.9741,24.55,-250,200,20.0
1770113905.437464,0.5488,-5.74,-199,439,44.0
1770113905.5295615,-0.0281,30.51,-219,200,20.0
1770113905.62949,-0.5827,-50.55,250,200,20.0
1770113905.710403,-0.9832,-1.36,250,500,50.0
1770113905.7832568,-1.8158,-44.91,250,200,20.0
1770113905.8460574,-2.4112,-36.51,250,200,20.0
1770113905.9202473,-0.8134,9.42,250,318,31.8
1770113905.9933195,0.7710,-2.86,-247,496,49.6
1770113906.066181,-5.4244,-74.99,250,200,20.0
1770113906.1185474,-9.9945,-81.83,250,200,20.0
1770113906.1808426,-2.9125,-60.60,250,200,20.0
1770113906.2430434,-2.8300,-27.84,250,200,20.0
1770113906.3055878,-2.4157,-34.90,250,200,20.0
1770113906.3586202,-0.1089,22.41,-85,200,20.0
1770113906.4217691,0.7375,-54.78,-195,200,20.0
1770113906.4850793,0.6681,-29.46,-250,200,20.0
1770113906.547084,0.9999,-6.39,-250,420,42.0
1770113906.6025653,-0.4949,-25.89,250,200,20.0
1770113906.6659825,-0.6429,-66.01,250,200,20.0
1770113906.7282033,-0.3367,-22.34,250,200,20.0
1770113906.790872,-1.2608,8.92,250,335,33.6
1770113906.854223,-0.7753,21.78,250,200,20.0
1770113906.9167695,-1.1332,40.82,250,200,20.0
1770113906.9698672,-0.7755,67.10,129,200,20.0
1770113907.0325,-2.2108,-78.04,250,200,20.0
1770113907.0961294,0.0992,48.22,-250,200,20.0
1770113907.159784,-0.0503,49.16,-250,200,20.0
1770113907.2221766,-0.2955,61.53,-238,200,20.0
1770113907.2746012,-1.0663,32.39,250,200,20.0
1770113907.3373091,-0.0841,-26.27,250,200,20.0
1770113907.3918996,0.4076,6.97,-250,401,40.2
1770113907.4567773,0.7620,32.56,-250,200,20.0
1770113907.5167568,0.6261,-5.71,-233,440,44.1
1770113907.5788121,0.6401,-5.62,-237,443,44.3
1770113907.6402113,0.7283,0.99,-250,500,50.0
1770113907.702946,-0.1252,6.94,8,402,40.3
1770113907.7655985,0.0763,14.21,-178,203,20.3
1770113907.818808,0.6910,36.47,-250,200,20.0
1770113907.8806813,0.3990,24.96,-250,200,20.0
1770113907.94302,-0.0513,-19.00,196,200,20.0
1770113908.005664,0.3220,-19.54,-120,200,20.0
1770113908.0683215,0.5962,-24.48,-250,200,20.0
1770113908.1311347,-0.2607,23.62,35,200,20.0
1770113908.192025,-1.3304,16.50,250,200,20.0
1770113908.2546082,1.0265,36.83,-250,200,20.0
1770113908.316329,-1.5911,-21.03,250,200,20.0
1770113908.3678362,-0.7846,-10.57,250,280,28.1
1770113908.4300764,0.0478,-11.30,54,259,25.9
1770113908.5035346,0.7231,-23.00,-250,200,20.0
1770113908.565695,0.9213,51.87,-250,200,20.0
1770113908.6481674,-0.9776,1.78,250,500,50.0
1770113908.7312503,-0.6428,4.33,214,474,47.5
1770113908.8341286,-0.6093,-14.28,250,202,20.3
1770113908.9273093,-0.3028,-22.77,250,200,20.0
1770113909.020027,0.0974,-9.91,12,302,30.2
1770113909.1217823,0.0170,-20.77,151,200,20.0
1770113909.214598,-1.4787,-23.82,250,200,20.0
1770113909.3160808,0.4376,-9.55,-214,313,31.4
1770113909.4084585,-0.3566,-31.94,250,200,20.0
1770113909.5112116,-0.0277,-14.95,143,200,20.0
1770113909.6135488,0.0944,26.19,-250,200,20.0
1770113909.716733,0.9015,-18.10,-250,200,20.0
1770113909.8186939,1.0820,-11.36,-250,257,25.7
1770113909.9214172,1.1869,3.49,-250,489,48.9
1770113910.024059,1.1675,11.40,-250,256,25.6
1770113910.1268413,1.1782,9.89,-250,302,30.3
1770113910.2187912,1.2020,16.95,-250,200,20.0
1770113910.3215008,1.2003,16.04,-250,200,20.0
1770113910.4237373,1.1186,9.56,-250,313,31.4
1770113910.524561,-1.6435,-46.68,250,200,20.0
1770113910.6315558,-1.9578,-12.21,250,235,23.6
1770113910.7310648,1.0297,55.26,-250,200,20.0
1770113910.8365293,0.8617,-3.68,-250,486,48.6
1770113910.9367328,1.1196,15.48,-250,200,20.0
1770113911.039662,1.1123,13.26,-250,214,21.5
1770113911.1424768,1.1167,14.08,-250,204,20.4
1770113911.2353723,1.0878,12.36,-250,232,23.2
1770113911.338317,1.0524,9.76,-250,306,30.7
1770113911.4413393,1.0652,9.00,-250,332,33.3
1770113911.544074,1.0798,8.44,-250,352,35.2
1770113911.6470265,1.0989,10.94,-250,269,27.0
1770113911.749957,1.1081,11.94,-250,241,24.2
1770113911.8427877,1.1112,11.72,-250,247,24.8
1770113911.9456341,1.1125,12.15,-250,236,23.7
1770113912.0487156,1.1380,12.55,-250,228,22.8
1770113912.151673,1.1471,12.57,-250,227,22.7
1770113912.2699623,1.1281,9.45,-250,317,31.7
1770113912.360753,1.1191,10.49,-250,283,28.3
1770113912.4649987,1.1546,14.23,-250,203,20.3
1770113912.5689712,1.1734,18.38,-250,200,20.0
1770113912.6623588,1.1116,13.98,-250,205,20.5
1770113912.765819,1.1323,15.77,-250,200,20.0
1770113912.8704507,1.1261,15.12,-250,200,20.0
1770113912.9736998,1.1338,15.32,-250,200,20.0
1770113913.067116,1.1539,16.20,-250,200,20.0
1770113913.171131,1.1245,14.84,-250,200,20.0
1770113913.275159,1.1131,13.81,-250,207,20.7
1770113913.3792074,1.1236,14.00,-250,205,20.5
1770113913.4718053,1.1570,15.57,-250,200,20.0
1770113913.5766847,1.1817,17.02,-250,200,20.0
1770113913.680914,1.2012,18.25,-250,200,20.0
1770113913.7842455,1.2143,18.97,-250,200,20.0
1770113913.8793461,1.2564,21.45,-250,200,20.0
1770113913.9846818,1.2607,22.05,-250,200,20.0
1770113914.0888572,1.2672,22.38,-250,200,20.0
1770113914.1820467,1.2473,21.40,-250,200,20.0
1770113914.285646,1.2358,20.91,-250,200,20.0
1770113914.389647,1.1909,19.34,-250,200,20.0
1770113914.4940152,1.1631,18.36,-250,200,20.0
1770113914.5868368,1.1547,17.94,-250,200,20.0
1770113914.6904933,1.1634,19.26,-250,200,20.0
1770113914.794966,1.1601,18.94,-250,200,20.0
1770113914.898954,1.1592,18.86,-250,200,20.0
1770113914.9923446,1.1651,18.89,-250,200,20.0
1770113915.0952752,1.1635,18.81,-250,200,20.0
1770113915.199115,1.1602,17.84,-250,200,20.0
1770113915.302878,1.1648,17.92,-250,200,20.0
1770113915.3962674,1.2296,21.28,-250,200,20.0
1770113915.5005667,1.2334,22.47,-250,200,20.0
1770113915.6037352,1.2664,24.08,-250,200,20.0
1770113915.6997123,1.2714,24.65,-250,200,20.0
1770113915.8036506,1.2179,17.34,-250,200,20.0
1770113915.9079664,1.2178,17.27,-250,200,20.0
1770113916.0110855,1.2186,17.61,-250,200,20.0
1770113916.104435,1.1893,18.22,-250,200,20.0
1770113916.2081013,1.1869,17.87,-250,200,20.0
1770113916.3118587,1.1759,17.05,-250,200,20.0
1770113916.4205704,1.1230,12.85,-250,221,22.2
1770113916.51301,1.1622,16.14,-250,200,20.0
1770113916.6167312,1.2297,21.99,-250,200,20.0
1770113916.72107,1.2328,23.14,-250,200,20.0
1770113916.813744,1.2537,23.16,-250,200,20.0
1770113916.9172444,1.1823,13.51,-250,210,21.1
1770113917.0217862,1.0802,4.19,-250,477,47.7
1770113917.1264908,1.1889,14.06,-250,204,20.4
1770113917.2205157,1.3054,21.50,-250,200,20.0
1770113917.3242037,-0.3150,-15.32,250,200,20.0
1770113917.429291,-0.3557,13.30,190,214,21.4
1770113917.5334308,-0.5581,-0.87,198,500,50.0
1770113917.6261456,-0.5481,6.97,225,401,40.2
1770113917.7292082,1.2694,13.28,-250,214,21.4
1770113917.8334353,-0.4452,18.06,238,200,20.0
1770113917.9374526,-0.3870,20.28,170,200,20.0
1770113918.0299904,1.2472,15.59,-250,200,20.0
1770113918.1335707,1.2224,12.17,-250,236,23.7
1770113918.2377486,1.2624,11.50,-250,253,25.4
1770113918.341508,1.3518,19.28,-250,200,20.0
1770113918.4353342,1.2960,15.31,-250,200,20.0
1770113918.5396023,1.1700,5.60,-250,443,44.4
1770113918.643125,1.0300,-3.38,-250,490,49.1
1770113918.7475064,1.2933,16.22,-250,200,20.0
1770113918.8440735,0.9982,3.25,-250,492,49.2
1770113918.947636,-0.6913,-33.74,250,200,20.0
1770113919.0532095,1.2376,19.05,-250,200,20.0
1770113919.1455498,1.2779,23.86,-250,200,20.0
1770113919.2544568,1.2788,27.80,-250,200,20.0
1770113919.3468695,1.2362,10.19,-250,292,29.3
1770113919.4504318,1.0899,-2.02,-250,499,50.0
1770113919.5541453,1.3223,14.80,-250,200,20.0
1770113919.657612,1.3673,22.09,-250,200,20.0
1770113919.7517657,1.1900,13.16,-250,216,21.6
1770113919.854916,1.1493,15.11,-250,200,20.0
1770113919.959067,1.3826,15.15,-250,200,20.0
1770113920.061861,1.2213,3.34,-250,491,49.1
1770113920.1556778,-0.4460,18.89,232,200,20.0
1770113920.2601106,-0.4937,21.70,250,200,20.0
1770113920.363516,1.1199,10.97,-250,268,26.9
1770113920.4675632,1.0441,13.66,-250,208,20.9
1770113920.5606937,1.1710,22.07,-250,200,20.0
1770113920.664606,1.2085,18.21,-250,200,20.0
1770113920.768918,1.2884,22.74,-250,200,20.0
1770113920.872015,1.2916,21.29,-250,200,20.0
1770113920.9662833,1.1757,17.28,-250,200,20.0
1770113921.0702438,1.1189,12.83,-250,222,22.2
1770113921.1745791,1.0984,8.03,-250,366,36.6
1770113921.2784483,1.0809,10.57,-250,280,28.1
1770113921.3721898,1.0835,1.63,-250,500,50.0
1770113921.4750142,1.2553,11.63,-250,249,25.0
1770113921.5788941,1.3275,20.41,-250,200,20.0
1770113921.6829019,1.3869,27.42,-250,200,20.0
1770113921.7761402,1.3229,25.62,-250,200,20.0
1770113921.8796673,1.2530,21.23,-250,200,20.0
1770113921.9834957,-0.2390,26.49,-6,200,20.0
1770113922.0875986,-0.3123,22.63,87,200,20.0
1770113922.191978,-0.3372,23.21,104,200,20.0
1770113922.2855396,-0.3351,23.28,101,200,20.0
1770113922.3875587,-0.3683,21.40,145,200,20.0
1770113922.491364,-0.7891,-35.11,250,200,20.0
1770113922.5956907,0.9835,1.09,-250,500,50.0
1770113922.6884263,-0.7698,-33.63,250,200,20.0
1770113922.792107,-0.6494,-27.63,250,200,20.0
1770113922.8968055,-0.6219,-25.33,250,200,20.0
1770113922.999972,-0.6013,-21.99,250,200,20.0
1770113923.09303,-0.6396,-26.53,250,200,20.0
1770113923.1968367,1.0521,12.95,-250,220,22.0
1770113923.30049,0.9755,4.15,-250,478,47.8
1770113923.40419,1.0305,8.26,-250,358,35.8
1770113923.497679,1.0015,3.67,-250,486,48.6
1770113923.6032882,0.8533,-5.38,-250,449,45.0
1770113923.70718,0.8109,-7.19,-250,394,39.5
1770113923.8126788,0.8554,-4.77,-250,464,46.5
1770113923.9045002,0.8774,-4.46,-250,471,47.2
1770113924.0103257,0.8725,-4.04,-250,480,48.0
1770113924.10398,0.6714,-4.37,-226,473,47.4
1770113924.2084796,0.5391,1.31,-195,500,50.0
1770113924.3120317,0.0678,-3.34,2,491,49.1
1770113924.4152138,-0.0781,-3.57,56,487,48.8
1770113924.5076072,-0.1084,-0.79,43,500,50.0
1770113924.623594,-0.1208,0.55,37,500,50.0
1770113924.718473,0.0268,8.83,-87,338,33.9
1770113924.8221483,-0.0384,6.08,-30,430,43.0
1770113924.915272,-0.1948,-7.43,164,386,38.7
1770113925.0184164,-0.1883,-5.64,128,442,44.3
1770113925.1224158,-0.0770,-9.17,122,326,32.7
1770113925.2265272,0.0988,2.07,-50,499,50.0
1770113925.3307927,-0.7333,-26.79,250,200,20.0
1770113925.4237494,-0.7478,-30.54,250,200,20.0
1770113925.5273733,-0.0364,1.16,3,500,50.0
1770113925.6312778,-0.0510,4.13,-13,478,47.9
1770113925.7350647,0.0988,8.15,-122,362,36.2
1770113925.8283813,0.1455,8.14,-149,362,36.2
1770113925.9348273,0.0978,5.42,-85,448,44.9
1770113926.0395827,0.0678,1.26,-33,500,50.0
1770113926.1348407,0.0869,1.10,-38,500,50.0
1770113926.2388592,0.0786,-2.97,-3,495,49.5
1770113926.3362854,0.0519,-8.09,34,364,36.4
1770113926.439511,0.0570,-9.16,36,327,32.7
1770113926.5440555,-0.0623,-24.03,245,200,20.0
1770113926.6490867,0.1019,-20.67,77,200,20.0
1770113926.7422864,0.1092,-12.63,12,226,22.6
1770113926.8463497,0.0798,-2.45,-7,498,49.9
1770113926.9498227,0.1042,-0.99,-27,500,50.0
1770113927.043911,0.1012,-0.84,-28,500,50.0
1770113927.1470683,-0.5018,-31.46,250,200,20.0
1770113927.2519784,0.0684,0.13,-24,500,50.0
1770113927.3564057,0.2254,3.63,-111,487,48.7
1770113927.449881,0.0037,-10.96,84,269,26.9
1770113927.5562859,0.2277,4.81,-130,463,46.4
1770113927.6620486,0.2012,2.83,-93,496,49.6
1770113927.7545369,0.1946,2.30,-85,499,50.0
1770113927.8582351,0.1952,1.73,-80,500,50.0
1770113927.9633908,0.1986,2.33,-87,499,49.9
1770113928.0687094,0.1714,0.83,-65,500,50.0
1770113928.1604173,0.1768,1.14,-69,500,50.0
1770113928.2654848,0.1792,0.66,-66,500,50.0
1770113928.369206,0.1644,0.39,-59,500,50.0
1770113928.462446,0.1463,-1.08,-41,500,50.0
1770113928.565949,0.1564,-0.47,-50,500,50.0
1770113928.67017,0.1726,-1.18,-49,500,50.0
1770113928.7745805,0.3852,13.19,-250,215,21.6
1770113928.8677378,0.3898,14.44,-250,201,20.2
1770113928.9712968,0.3837,13.69,-250,208,20.8
1770113929.0760443,0.3688,13.09,-250,217,21.7
1770113929.1812303,0.3823,12.90,-250,220,22.1
1770113929.27452,0.3834,13.10,-250,217,21.7
1770113929.3779948,0.3806,13.21,-250,215,21.6
1770113929.4835434,0.3833,12.80,-250,222,22.3
1770113929.5752113,0.3728,11.25,-250,260,26.1
1770113929.6796367,0.1356,-5.43,-15,448,44.8
1770113929.7848353,0.1904,-3.07,-42,494,49.4
1770113929.8888261,0.3579,8.81,-250,339,33.9
1770113929.980678,0.3515,8.66,-250,344,34.4
1770113930.0847197,0.3919,10.35,-250,287,28.8
1770113930.188878,0.3668,8.94,-250,334,33.5
1770113930.2952876,0.3646,6.33,-224,422,42.2
1770113930.3865118,0.3720,7.95,-250,368,36.9
1770113930.489972,0.3420,5.01,-181,459,45.9
1770113930.5955112,0.3320,6.03,-201,431,43.1
1770113930.701235,0.3267,6.25,-204,424,42.5
1770113930.793821,0.3793,8.44,-250,352,35.2
1770113930.8985598,0.3831,8.05,-250,365,36.5
1770113931.0030982,0.4084,10.31,-250,289,28.9
1770113931.0957716,0.3994,9.48,-250,316,31.6
1770113931.2005641,0.0362,-13.41,76,212,21.2
1770113931.3047464,0.3195,5.99,-194,432,43.2
1770113931.4094508,0.3061,3.29,-135,491,49.2
1770113931.5017004,0.2665,-0.44,-88,500,50.0
1770113931.604087,-0.1562,-15.82,250,200,20.0
1770113931.7086499,-0.0693,-16.30,189,200,20.0
1770113931.8020642,-0.0136,-10.20,91,292,29.3
1770113931.9060407,0.0021,-12.60,99,226,22.7
1770113932.0099452,-0.0024,-12.92,105,220,22.1
1770113932.1141126,0.0041,-14.81,114,200,20.0
1770113932.2182877,0.0084,-15.85,119,200,20.0
1770113932.3108838,0.0097,-15.61,116,200,20.0
1770113932.4146802,0.0285,-14.19,89,203,20.3
1770113932.5185394,-0.0205,-8.11,76,363,36.3
1770113932.624621,-0.0043,-8.07,67,364,36.5
1770113932.7162986,0.0134,-6.79,47,407,40.8
1770113932.8203616,0.0113,-7.57,54,381,38.2
1770113932.9242635,0.0070,-7.40,55,387,38.8
1770113933.0181785,-0.0035,-10.19,84,292,29.3
1770113933.1217527,0.0432,-4.12,16,478,47.9
1770113933.2259634,0.0228,-9.72,62,308,30.8
1770113933.3308399,-0.0243,-16.29,151,200,20.0
1770113933.4282944,-0.0827,-21.57,243,200,20.0
1770113933.5326073,-0.0042,-19.48,159,200,20.0
1770113933.6263783,0.0381,-17.15,104,200,20.0
1770113933.7296221,0.0438,-16.81,96,200,20.0
1770113933.834599,0.0397,-17.60,106,200,20.0
1770113933.9407382,0.0150,-18.97,138,200,20.0
1770113934.033206,-0.0143,-18.47,160,200,20.0
1770113934.137907,-0.0358,-21.44,202,200,20.0
1770113934.2417436,-0.0233,-14.06,132,204,20.5
1770113934.3351064,-0.0094,-14.13,121,203,20.4
1770113934.4392018,-0.0044,-14.64,120,200,20.1
1770113934.542613,0.0023,-15.82,124,200,20.0
1770113934.6470153,0.0293,-13.02,79,218,21.9
1770113934.7399304,0.0462,-12.82,64,222,22.2
1770113934.843557,-0.0061,-5.18,43,455,45.5
1770113934.947767,0.0537,-6.37,25,421,42.1
1770113935.0527227,-0.0932,-14.15,192,203,20.4
1770113935.146851,-0.0772,-14.19,179,203,20.3
1770113935.2500038,-0.1819,-23.18,250,200,20.0
1770113935.3543503,-0.1662,-22.66,250,200,20.0
1770113935.4479785,-0.0468,-5.86,68,436,43.6
1770113935.5516539,-0.0200,-2.39,26,499,49.9
1770113935.655419,-0.0300,-4.75,50,465,46.5
1770113935.7587304,-0.0351,-5.37,58,450,45.0
1770113935.8637466,-0.0766,-7.82,105,373,37.3
1770113935.9561737,0.0018,-0.55,3,500,50.0
1770113936.0598247,0.0523,1.40,-29,500,50.0
1770113936.1640642,-0.0283,-21.75,198,200,20.0
1770113936.2686727,-0.0539,-23.57,234,200,20.0
1770113936.3614366,0.0085,-20.24,154,200,20.0
1770113936.464828,-0.0353,-22.47,210,200,20.0
1770113936.5690117,-0.0441,-9.43,104,318,31.8
1770113936.6725686,-0.0645,-9.09,113,329,33.0
1770113936.7658577,0.0073,-4.62,34,468,46.8
1770113936.869469,0.0313,-6.14,34,428,42.8
1770113936.973349,0.0259,-6.73,40,409,41.0
1770113937.06621,0.0252,-6.11,37,428,42.9
1770113937.1702368,-0.0203,-11.46,107,254,25.5
1770113937.2741616,-0.0745,-22.59,244,200,20.0
1770113937.3781583,-0.0724,-20.75,228,200,20.0
1770113937.4818308,-0.0310,-18.93,178,200,20.0
1770113937.5763948,0.0899,-3.73,-3,485,48.6
1770113937.6806931,0.1049,-2.62,-15,498,49.8
1770113937.7842603,0.2053,4.43,-115,472,47.2
1770113937.888035,0.3531,14.61,-250,200,20.1
1770113937.9813647,0.3608,15.21,-250,200,20.0
1770113938.0853114,0.3777,14.85,-250,200,20.0
1770113938.1897218,0.3891,14.53,-250,201,20.1
1770113938.2939692,0.3932,14.51,-250,201,20.1
1770113938.3978825,0.3894,14.32,-250,202,20.2
1770113938.4912922,0.3859,14.11,-250,204,20.4
1770113938.595142,0.3959,14.66,-250,200,20.1
1770113938.6999013,0.4025,15.69,-250,200,20.0
1770113938.7925744,0.3904,14.14,-250,203,20.4
1770113938.9004467,0.3901,14.10,-250,204,20.4
1770113938.9956713,0.3937,14.12,-250,203,20.4
1770113939.1001458,0.3904,13.92,-250,205,20.6
1770113939.205098,0.3950,14.12,-250,203,20.4
1770113939.299198,0.3948,13.78,-250,207,20.7
1770113939.4029486,0.3891,13.22,-250,215,21.5
1770113939.5070393,0.3916,13.16,-250,216,21.6
1770113939.6104455,0.3835,12.91,-250,220,22.1
1770113939.7034981,0.3938,13.27,-250,214,21.5
1770113939.806696,0.3589,8.83,-250,338,33.9
1770113939.911718,0.3661,12.92,-250,220,22.1
1770113940.0138958,0.1770,9.05,-184,331,33.1
1770113940.1072204,0.0558,4.83,-61,463,46.3
1770113940.2108977,0.0666,6.80,-87,407,40.8
1770113940.3155346,0.0829,2.95,-52,495,49.5
1770113940.419735,0.0808,3.43,-56,489,49.0
1770113940.5142114,0.0644,2.24,-40,499,50.0
1770113940.6164014,0.0774,3.82,-59,484,48.4
1770113940.720491,0.0701,3.92,-57,482,48.2
1770113940.8242862,0.0646,3.08,-47,494,49.4
1770113940.9170887,0.0726,4.28,-62,475,47.6
1770113941.021137,0.0965,1.32,-43,500,50.0
1770113941.1257114,0.1866,-2.47,-44,498,49.9
1770113941.229272,0.0724,-5.58,12,444,44.4
1770113941.3227682,0.0570,-0.43,-16,500,50.0
1770113941.4264112,0.0556,-1.48,-7,500,50.0
1770113941.530544,0.3725,20.21,-250,200,20.0
1770113941.6347058,0.9487,36.83,-250,200,20.0
1770113941.727333,0.1287,-1.17,-34,500,50.0
1770113941.8313823,0.2302,2.49,-99,498,49.9
1770113941.9355445,0.2451,8.40,-213,353,35.3
1770113942.0401278,0.9465,33.22,-250,200,20.0
1770113942.1324708,0.7870,29.27,-250,200,20.0
1770113942.2363157,0.7213,20.14,-250,200,20.0
1770113942.3394394,0.7092,20.57,-250,200,20.0
1770113942.4439235,0.7082,20.60,-250,200,20.0
1770113942.537216,0.6810,20.29,-250,200,20.0
1770113942.6409686,0.6726,14.71,-250,200,20.0
1770113942.745215,0.6692,16.93,-250,200,20.0
1770113942.8485785,-0.0288,-7.98,80,367,36.8
1770113942.9521325,-0.0144,1.41,-6,500,50.0
1770113943.0491464,0.0966,9.05,-133,330,33.1
1770113943.1535313,0.0756,7.71,-103,377,37.7
1770113943.2478259,0.0724,7.69,-101,378,37.8
1770113943.3517265,0.1019,8.35,-127,355,35.5
1770113943.4560494,0.1301,-1.02,-36,500,50.0
1770113943.559614,0.1040,-5.59,-1,443,44.4
1770113943.6525435,0.0848,-8.17,15,361,36.1
1770113943.756558,0.0698,-8.81,27,339,33.9
1770113943.8604255,0.0657,-9.14,31,328,32.8
1770113943.9647162,0.0685,-9.51,30,315,31.5
1770113944.0575404,0.0791,-9.15,22,327,32.8
1770113944.1612074,0.0861,-9.39,18,319,32.0
1770113944.265212,0.0898,-8.99,15,333,33.3
1770113944.3692417,0.0966,-9.31,11,322,32.2
1770113944.4737413,0.1002,-8.85,8,337,33.8
1770113944.566261,0.1043,-8.57,5,347,34.8
1770113944.6713934,0.1162,-7.92,-2,369,37.0
1770113944.775369,0.1159,-7.86,-2,371,37.2
1770113944.86944,0.1141,-8.36,0,354,35.5
1770113944.9727993,0.1091,-8.27,2,357,35.8
1770113945.0771668,0.1130,-8.56,0,347,34.8
1770113945.1819997,0.1095,-8.66,2,344,34.4
1770113945.2753909,0.1003,-9.95,10,300,30.1
1770113945.3790312,0.0929,-10.27,16,290,29.0
1770113945.4843478,0.0928,-9.76,15,306,30.7
1770113945.5772562,0.1151,-6.91,-3,403,40.4
1770113945.681111,0.1143,-6.18,-4,426,42.7
1770113945.7852492,0.1147,-5.49,-6,446,44.7
1770113945.8906755,0.1240,-3.67,-16,486,48.6
1770113945.9829893,0.1305,-2.51,-25,498,49.9
1770113946.08675,0.1594,-1.48,-42,500,50.0
1770113946.1909518,0.1192,-5.70,-7,440,44.1
1770113946.284088,-0.0636,-11.68,142,248,24.9
1770113946.387716,-0.2106,-19.24,250,200,20.0
1770113946.491403,-0.1794,-19.60,250,200,20.0
1770113946.595072,0.1754,-2.29,-42,499,50.0
1770113946.6877487,0.4083,3.15,-170,493,49.3
1770113946.7916405,0.5785,8.09,-250,364,36.4
1770113946.8948095,0.5814,8.50,-250,349,35.0
1770113946.999535,0.5990,11.26,-250,260,26.0
1770113947.1028244,0.5816,9.14,-250,328,32.8
1770113947.1960247,0.5716,8.19,-250,360,36.1
1770113947.299728,0.5837,9.58,-250,312,31.3
1770113947.4034152,0.5732,9.04,-250,331,33.1
1770113947.5087183,0.5663,7.57,-250,381,38.2
1770113947.6028664,0.5651,7.87,-250,371,37.2
1770113947.7065,0.5714,7.73,-250,376,37.6
1770113947.8103917,0.5654,7.43,-250,386,38.7
1770113947.9155,0.5764,8.76,-250,340,34.1
1770113948.008229,0.5751,8.76,-250,341,34.1
1770113948.1146057,0.5829,9.49,-250,316,31.6
1770113948.2197547,0.5623,8.14,-250,362,36.2
1770113948.3125377,0.5720,8.37,-250,354,35.5
1770113948.4176862,0.3333,-4.82,-96,463,46.4
1770113948.5214348,0.3291,-5.38,-98,449,45.0
1770113948.6158144,0.3257,-5.45,-97,447,44.8
1770113948.7195525,0.3274,-5.32,-97,451,45.1
1770113948.8236103,0.3212,-5.76,-97,439,43.9
1770113948.92849,0.3269,-5.54,-98,445,44.5
1770113949.024016,0.3243,-5.56,-97,444,44.5
1770113949.127923,0.3268,-5.09,-95,457,45.7
1770113949.2226179,0.3275,-4.74,-94,465,46.6
1770113949.326263,0.3315,-3.73,-92,485,48.5
1770113949.4304376,0.3202,-3.93,-88,482,48.2
1770113949.5345519,0.3135,-4.34,-86,474,47.4
1770113949.6277425,0.3212,-4.08,-89,479,47.9
1770113949.7327204,0.3234,-4.20,-90,477,47.7
1770113949.837375,0.3308,-4.12,-92,478,47.9
1770113949.9422207,0.3300,-4.24,-92,476,47.6
1770113950.0347743,0.3328,-3.53,-92,488,48.9
1770113950.1396022,0.3356,-3.12,-94,493,49.4
1770113950.2432215,0.3202,-3.81,-88,484,48.4
1770113950.3378818,0.3199,-4.72,-90,466,46.6
1770113950.4417148,0.3106,-5.66,-92,442,44.2
1770113950.5458481,0.3037,-6.79,-98,407,40.8
1770113950.6502175,0.2977,-7.49,-101,384,38.5
1770113950.7437499,0.3049,-7.18,-102,394,39.5
1770113950.8483405,0.3013,-7.03,-99,399,40.0
1770113950.9415867,0.5428,8.42,-250,352,35.3
1770113951.0452678,0.5152,7.19,-250,394,39.5
1770113951.147845,0.5697,7.11,-250,397,39.7
1770113951.2516778,0.5803,5.35,-250,450,45.1
1770113951.3446462,0.7131,3.09,-250,493,49.4
1770113951.4479938,0.9063,-0.98,-250,500,50.0
1770113951.5516713,1.0540,-13.92,-250,205,20.6
1770113951.654205,0.5450,26.13,-250,200,20.0
1770113951.7594378,-0.5155,-22.64,250,200,20.0
1770113951.8618493,-0.3943,-27.64,250,200,20.0
1770113951.9549122,-0.3365,-26.49,250,200,20.0
1770113952.0583289,-0.3083,-28.38,250,200,20.0
1770113952.1623344,-0.3068,-30.57,250,200,20.0
1770113952.2654948,-0.3307,-33.14,250,200,20.0
1770113952.359067,-0.3443,-34.38,250,200,20.0
1770113952.4628067,-0.3743,-34.88,250,200,20.0
1770113952.5656981,-0.3686,-33.49,250,200,20.0
1770113952.6691132,-0.3540,-32.26,250,200,20.0
1770113952.7623646,-0.3551,-29.78,250,200,20.0
1770113952.876987,-0.3861,-27.96,250,200,20.0
1770113952.9696224,-0.4884,-31.83,250,200,20.0
1770113953.073216,-0.5823,-34.35,250,200,20.0
1770113953.1775086,-0.6000,-33.05,250,200,20.0
1770113953.2703307,-0.6643,-30.66,250,200,20.0
1770113953.3736393,-0.6473,-24.91,250,200,20.0
1770113953.476861,1.6902,8.74,-250,341,34.2
1770113953.581102,1.5740,4.94,-250,460,46.1
1770113953.674057,1.5128,5.51,-250,446,44.6
1770113953.7771883,1.4099,2.68,-250,497,49.8
1770113953.8808284,1.4983,3.56,-250,488,48.8
1770113953.9845922,-0.5589,-20.82,250,200,20.0
1770113954.0879807,-0.2048,-16.36,250,200,20.0
1770113954.1807399,-0.1250,-27.42,250,200,20.0
1770113954.283877,-0.4738,38.81,96,200,20.0
1770113954.3874354,-0.3623,43.61,-37,200,20.0
1770113954.491097,-0.3405,45.21,-69,200,20.0
1770113954.5967379,-0.5382,40.78,136,200,20.0
1770113954.6893659,-0.7016,34.81,250,200,20.0
1770113954.7931807,-0.6765,35.27,250,200,20.0
1770113954.8994982,-0.5607,39.74,164,200,20.0
1770113954.9926155,-0.5602,38.72,171,200,20.0
1770113955.096049,-0.6967,34.77,250,200,20.0
1770113955.1998713,-0.7870,32.60,250,200,20.0
1770113955.3031147,-0.8343,34.57,250,200,20.0
1770113955.3962817,0.0006,-20.81,165,200,20.0
1770113955.5014884,-0.0353,-18.40,177,200,20.0
1770113955.6049728,-0.0897,-18.39,224,200,20.0
1770113955.7083368,-0.1576,-16.94,250,200,20.0
1770113955.8119035,-0.2684,-18.78,250,200,20.0
1770113955.9054732,-0.2715,-13.55,250,210,21.0
1770113956.0099292,-0.3321,-12.47,250,229,23.0
1770113956.113273,0.8246,-27.22,-250,200,20.0
1770113956.216943,0.7626,-26.31,-250,200,20.0
1770113956.3116472,0.7476,-24.81,-250,200,20.0
1770113956.4150329,0.5803,-27.82,-250,200,20.0
1770113956.5188396,0.5737,-28.32,-250,200,20.0
1770113956.6224165,0.6560,-28.83,-250,200,20.0
1770113956.71721,0.7582,-27.88,-250,200,20.0
1770113956.8210762,-0.2651,-4.02,132,480,48.1
1770113956.9256508,-0.3581,-18.08,250,200,20.0
1770113957.0188227,-0.2444,-21.75,250,200,20.0
1770113957.1220891,0.0018,-17.17,135,200,20.0
1770113957.2254338,0.0041,-17.20,134,200,20.0
1770113957.329092,-0.0716,-18.80,211,200,20.0
1770113957.4326284,-0.0765,-19.37,220,200,20.0
1770113957.5272045,-0.1086,-19.40,248,200,20.0
1770113957.6305556,-0.1591,-17.88,250,200,20.0
1770113957.7343853,-0.2071,-17.97,250,200,20.0
1770113957.8281314,-0.2757,-18.32,250,200,20.0
1770113957.931565,-0.3562,-18.59,250,200,20.0
1770113958.0352137,-0.4304,-18.72,250,200,20.0
1770113958.1392095,1.4320,-9.38,-250,319,32.0
1770113958.2324145,1.3896,-8.79,-250,340,34.0
1770113958.3369505,1.3482,-6.46,-250,418,41.8
1770113958.4403586,1.2490,-6.36,-250,421,42.1
1770113958.5451245,1.1760,-9.93,-250,301,30.1
1770113958.637341,1.0494,-23.65,-250,200,20.0
1770113958.7421699,-0.3066,-9.94,250,301,30.1
1770113958.845065,-0.0603,-0.84,27,500,50.0
1770113958.9490056,-0.0766,-5.46,76,447,44.8
1770113959.0524056,-0.3965,-30.64,250,200,20.0
1770113959.144686,-0.2880,-26.91,250,200,20.0
1770113959.248246,-0.3593,-25.76,250,200,20.0
1770113959.3522658,-0.4291,-24.87,250,200,20.0
1770113959.4567084,-0.4274,-24.85,250,200,20.0
1770113959.5494618,-0.4489,-25.42,250,200,20.0
1770113959.6528583,1.5219,-9.58,-250,312,31.3
1770113959.7561996,1.4722,-7.60,-250,381,38.1
1770113959.860045,1.4061,-5.86,-250,436,43.6
1770113959.9642625,1.3419,-3.49,-250,489,48.9
1770113960.056926,1.3565,-2.12,-250,499,50.0
1770113960.1601226,1.4397,-2.66,-250,497,49.8
1770113960.2629066,1.4922,-8.61,-250,346,34.6
1770113960.3675923,-0.3264,-17.02,250,200,20.0
1770113960.4603126,-0.1893,-16.82,250,200,20.0
1770113960.5628107,-0.1100,-18.32,241,200,20.0
1770113960.6667469,-0.0914,-18.09,223,200,20.0
1770113960.7697804,-0.0984,-17.23,222,200,20.0
1770113960.8762562,-0.1435,-14.06,234,204,20.5
1770113960.9707053,-0.2432,-12.88,250,221,22.1
1770113961.0739286,-0.3280,-12.66,250,225,22.6
1770113961.177363,1.6987,2.23,-250,499,50.0
1770113961.2703326,1.6257,3.63,-250,487,48.7
1770113961.3743856,1.4759,4.71,-250,466,46.6
1770113961.4774342,1.2984,6.55,-250,415,41.6
1770113961.5804677,1.2142,8.45,-250,351,35.2
1770113961.684553,1.2282,8.44,-250,352,35.2
1770113961.7871156,1.2232,8.57,-250,347,34.8
1770113961.880387,1.2420,7.87,-250,371,37.2
1770113961.9839258,1.2659,6.85,-250,405,40.6
1770113962.0870984,1.2992,7.24,-250,393,39.3
1770113962.1823714,1.3380,5.89,-250,435,43.5
1770113962.2847636,1.4159,10.93,-250,269,27.0
1770113962.3886566,1.3357,6.34,-250,422,42.2
1770113962.4920504,1.2655,-3.38,-250,490,49.1
1770113962.5956216,1.2858,-4.82,-250,463,46.4
1770113962.6884243,1.4502,4.46,-250,471,47.2
1770113962.7917023,1.5560,6.74,-250,409,40.9
1770113962.895041,1.5739,6.08,-250,429,43.0
1770113962.9984303,1.5014,0.62,-250,500,50.0
1770113963.1027608,1.5241,-0.67,-250,500,50.0
1770113963.1942306,1.6191,5.71,-250,440,44.1
1770113963.2991998,-0.7475,-16.17,250,200,20.0
1770113963.401932,-0.6957,-11.61,250,250,25.1
1770113963.5045364,-0.7757,-59.33,250,200,20.0
1770113963.6080694,-0.6309,-57.43,250,200,20.0
1770113963.7017703,-0.5048,-54.74,250,200,20.0
1770113963.8055842,-0.4617,-52.14,250,200,20.0
1770113963.909847,1.3765,6.56,-250,415,41.5
1770113964.0130317,1.2934,12.51,-250,228,22.9
1770113964.1059077,1.2504,22.92,-250,200,20.0
1770113964.2100568,1.2068,36.10,-250,200,20.0
1770113964.312664,1.1498,39.44,-250,200,20.0
1770113964.415975,1.1720,40.83,-250,200,20.0
1770113964.521899,1.1616,41.59,-250,200,20.0
1770113964.6135888,1.1524,42.50,-250,200,20.0
1770113964.717241,1.1874,44.07,-250,200,20.0
1770113964.8215866,1.2065,45.83,-250,200,20.0
1770113964.9240975,1.1985,45.80,-250,200,20.0
1770113965.0291934,1.1478,44.32,-250,200,20.0
1770113965.1213434,1.1085,43.59,-250,200,20.0
1770113965.2246134,1.0706,41.99,-250,200,20.0
1770113965.3291109,1.0428,41.54,-250,200,20.0
1770113965.432239,1.0100,40.44,-250,200,20.0
1770113965.529402,0.9989,41.52,-250,200,20.0
1770113965.6335719,0.9814,41.78,-250,200,20.0
1770113965.7267084,0.9258,40.50,-250,200,20.0
1770113965.8301337,0.9017,40.57,-250,200,20.0
1770113965.933231,0.9291,43.71,-250,200,20.0
1770113966.0363903,0.9408,46.67,-250,200,20.0
1770113966.140378,0.8926,47.63,-250,200,20.0
1770113966.2330036,0.7698,39.57,-250,200,20.0
1770113966.3372183,0.7762,40.27,-250,200,20.0
1770113966.4405098,0.7693,40.75,-250,200,20.0
1770113966.5442927,0.7435,41.09,-250,200,20.0
1770113966.6477256,0.6783,39.27,-250,200,20.0
1770113966.7405126,0.6643,41.02,-250,200,20.0
1770113966.843928,0.5817,34.24,-250,200,20.0
1770113966.9472544,0.5559,33.72,-250,200,20.0
1770113967.0514135,0.5436,34.07,-250,200,20.0
1770113967.1443965,0.5680,35.42,-250,200,20.0
1770113967.2474542,0.5829,37.17,-250,200,20.0
1770113967.3510222,0.5895,38.94,-250,200,20.0
1770113967.4544501,0.4768,27.49,-250,200,20.0
1770113967.5588367,0.4626,27.47,-250,200,20.0
1770113967.651262,0.4672,29.11,-250,200,20.0
1770113967.7537851,0.4812,30.37,-250,200,20.0
1770113967.8606248,0.5060,31.75,-250,200,20.0
1770113967.9551592,0.4524,25.63,-250,200,20.0
1770113968.058367,0.4512,25.67,-250,200,20.0
1770113968.1613545,0.4487,25.59,-250,200,20.0
1770113968.2653732,0.4490,25.04,-250,200,20.0
1770113968.3586736,0.4322,17.35,-250,200,20.0
1770113968.462543,0.4440,18.46,-250,200,20.0
1770113968.5656784,0.4624,18.50,-250,200,20.0
1770113968.669864,0.4931,20.10,-250,200,20.0
1770113968.7637277,0.4644,11.85,-250,244,24.4
1770113968.8581345,0.4741,11.23,-250,260,26.1
1770113968.9655066,0.5387,14.89,-250,200,20.0
1770113969.0578237,0.4734,-0.70,-157,500,50.0
1770113969.1383374,-0.9768,-14.32,250,202,20.2
1770113969.233014,-1.2368,-53.77,250,200,20.0
1770113969.3273108,0.1441,-33.12,141,200,20.0
1770113969.4103956,1.2736,23.32,-250,200,20.0
1770113969.4975028,1.2662,19.62,-250,200,20.0
1770113969.580582,1.2903,23.60,-250,200,20.0
1770113969.663169,1.3153,24.65,-250,200,20.0
1770113969.7464588,1.3405,23.98,-250,200,20.0
1770113969.828573,-0.1865,18.42,12,200,20.0
1770113969.9027727,0.0391,22.94,-217,200,20.0
1770113969.9870794,0.1065,27.27,-250,200,20.0
1770113970.0699215,1.0341,40.39,-250,200,20.0
1770113970.1538544,1.0761,29.79,-250,200,20.0
1770113970.247798,1.0065,13.18,-250,215,21.6
1770113970.3313482,1.1320,13.01,-250,218,21.9
1770113970.4132626,1.0879,-5.11,-250,456,45.7
1770113970.5093224,1.2491,4.57,-250,469,46.9
1770113970.5933933,0.9445,-4.64,-250,467,46.8
1770113970.68488,-2.8761,-71.99,250,200,20.0
1770113970.7687063,-1.5703,-63.12,250,200,20.0
1770113970.8509054,1.7389,34.66,-250,200,20.0
1770113970.9262166,1.3520,-30.95,-250,200,20.0
1770113971.0082164,1.3164,-25.96,-250,200,20.0
1770113971.081574,1.3529,-21.87,-250,200,20.0
1770113971.1559906,1.3228,-28.17,-250,200,20.0
1770113971.2289107,1.4339,-37.59,-250,200,20.0
1770113971.294239,1.3145,-35.87,-250,200,20.0
1770113971.3751497,1.3877,-24.33,-250,200,20.0
1770113971.4383967,1.3514,-38.02,-250,200,20.0
1770113971.5093572,0.9750,-39.62,-250,200,20.0
1770113971.5727105,0.6685,-32.13,-250,200,20.0
1770113971.644346,0.4554,-28.61,-162,200,20.0
1770113971.7066076,0.1678,-24.79,54,200,20.0
1770113971.7793915,-0.0564,-29.55,250,200,20.0
1770113971.8408182,-0.2721,-36.72,250,200,20.0
1770113971.9138122,-0.3119,-40.97,250,200,20.0
1770113971.9751027,-0.6948,-42.15,250,200,20.0
1770113972.0489306,-0.9089,-42.18,250,200,20.0
1770113972.1128755,-1.1431,-40.76,250,200,20.0
1770113972.1833482,-1.3213,-37.20,250,200,20.0
1770113972.24937,-1.4569,-43.90,250,200,20.0
1770113972.3097522,-1.5510,-48.81,250,200,20.0
1770113972.3820949,-1.5539,-49.73,250,200,20.0
1770113972.4553256,-1.5383,-46.83,250,200,20.0
1770113972.5160186,-1.5119,-33.98,250,200,20.0
1770113972.5987122,-1.5001,5.76,250,439,43.9
1770113972.669978,-1.5968,15.69,250,200,20.0
1770113972.7430663,-1.6864,54.73,250,200,20.0
1770113972.8245792,-1.6108,-81.78,250,200,20.0
1770113972.9068766,-0.6467,-35.68,250,200,20.0
1770113972.9997802,0.8553,-30.04,-250,200,20.0
1770113973.0926797,0.5798,-57.29,-40,200,20.0
1770113973.1850731,0.6651,-52.92,-148,200,20.0
1770113973.2776003,0.7854,-25.50,-250,200,20.0
1770113973.3800793,0.8992,22.51,-250,200,20.0
1770113973.4723535,0.7782,-31.31,-250,200,20.0
1770113973.574707,-0.1813,3.17,39,493,49.3
1770113973.6684844,-0.1613,-2.68,77,497,49.8
1770113973.7706199,1.3940,-2.60,-250,498,49.8
1770113973.87305,0.0000,0.00,0,500,50.0
1770113973.9755857,-0.1946,3.88,41,482,48.3
1770113974.0781872,-0.2643,-9.26,245,323,32.4
1770113974.1806142,0.8750,-56.60,-250,200,20.0
1770113974.283012,1.1971,42.77,-250,200,20.0
1770113974.3854237,0.9294,-54.40,-250,200,20.0
1770113974.4775887,0.7000,-65.48,-77,200,20.0
1770113974.5801322,0.6478,-70.54,7,200,20.0
1770113974.6826096,0.9108,-69.16,-229,200,20.0
1770113974.7849598,0.9357,-65.06,-250,200,20.0
1770113974.8874316,0.9302,-64.69,-250,200,20.0
1770113974.9898417,0.9132,-45.74,-250,200,20.0
1770113975.09232,0.8150,-64.59,-183,200,20.0
1770113975.1862051,0.9324,-67.75,-250,200,20.0
1770113975.2886584,0.8076,-66.77,-159,200,20.0
1770113975.3911083,0.8248,-68.00,-164,200,20.0
1770113975.493516,0.9327,-67.83,-250,200,20.0
1770113975.597172,0.7266,-73.72,-34,200,20.0
1770113975.6993496,1.1286,2.70,-250,497,49.7
1770113975.8022647,0.9497,-54.89,-250,200,20.0
1770113975.8967159,0.8353,-63.25,-211,200,20.0
1770113975.9985793,0.9587,-60.80,-250,200,20.0
1770113976.1010406,0.9623,-55.71,-250,200,20.0
1770113976.2035065,0.8882,-60.75,-250,200,20.0
1770113976.306703,0.9807,-58.12,-250,200,20.0
1770113976.409105,0.8954,-66.80,-235,200,20.0
1770113976.5142782,1.0383,-35.29,-250,200,20.0
1770113976.616682,0.9494,-60.24,-250,200,20.0
1770113976.720029,0.8915,-63.88,-250,200,20.0
1770113976.8231344,0.9846,-4.57,-250,469,46.9
1770113976.925767,1.0575,2.38,-250,499,49.9
1770113977.0190308,0.7651,-57.42,-198,200,20.0
1770113977.1215556,0.9240,-23.02,-250,200,20.0
1770113977.2244272,0.6961,-69.52,-42,200,20.0
1770113977.3279417,0.7921,-66.89,-145,200,20.0
1770113977.430934,0.7166,-69.27,-61,200,20.0
1770113977.5348747,0.7237,-68.35,-75,200,20.0
1770113977.6272306,0.6640,-72.52,9,200,20.0
1770113977.730454,0.9080,-37.17,-250,200,20.0
1770113977.8335314,0.8479,-68.25,-182,200,20.0
1770113977.936744,0.1094,13.14,-195,216,21.7
1770113978.0396535,-0.3137,-19.91,250,200,20.0
1770113978.143672,-0.3307,-18.50,250,200,20.0
1770113978.2359033,-0.3158,-15.39,250,200,20.0
1770113978.3390949,-0.3252,-17.36,250,200,20.0
1770113978.441638,-0.2958,-15.43,250,200,20.0
1770113978.5457435,-0.3675,-22.54,250,200,20.0
1770113978.6491072,-0.3398,-21.78,250,200,20.0
1770113978.742068,-0.3418,-21.43,250,200,20.0
1770113978.8446438,-0.3257,-16.42,250,200,20.0
1770113978.9473662,-0.6411,-56.21,250,200,20.0
1770113979.0504427,0.0107,-8.10,58,363,36.4
1770113979.1436913,-0.0144,-3.67,34,486,48.6
1770113979.2463923,-0.0208,-5.67,54,441,44.2
1770113979.3499424,0.0995,51.04,-250,200,20.0
1770113979.4531608,-0.1703,51.45,-250,200,20.0
1770113979.5552979,0.7932,34.53,-250,200,20.0
1770113979.6628752,1.7287,33.83,-250,200,20.0
1770113979.7668726,-1.9121,-41.32,250,200,20.0
1770113979.8635902,-0.0762,-2.89,49,495,49.6
1770113979.9657192,-0.9162,-49.09,250,200,20.0
1770113980.066777,-1.1235,-30.74,250,200,20.0
1770113980.1751046,-1.3864,-14.34,250,202,20.2
1770113980.2651246,0.1850,0.06,-64,500,50.0
1770113980.366949,0.1907,25.41,-250,200,20.0
1770113980.4590259,0.1621,41.05,-250,200,20.0
1770113980.5379972,-0.1032,37.40,-210,200,20.0
1770113980.6211517,-0.2175,39.81,-131,200,20.0
1770113980.6926365,-0.1491,47.23,-249,200,20.0
1770113980.775427,-0.1472,45.09,-234,200,20.0
1770113980.8577302,1.4036,19.57,-250,200,20.0
1770113980.9517574,0.1266,5.97,-105,433,43.3
1770113981.0543337,1.2528,57.91,-250,200,20.0
1770113981.156182,1.6152,57.05,-250,200,20.0
1770113981.2485244,0.9830,42.90,-250,200,20.0
1770113981.3312,0.8314,44.50,-250,200,20.0
1770113981.4227555,1.2907,30.21,-250,200,20.0
1770113981.5053105,0.3777,46.48,-250,200,20.0
1770113981.587308,1.4208,19.36,-250,200,20.0
1770113981.6695235,0.8197,44.40,-250,200,20.0
1770113981.7517135,0.7268,35.12,-250,200,20.0
1770113981.834265,1.7831,52.34,-250,200,20.0
1770113981.917981,-0.0935,37.65,-220,200,20.0
1770113982.0011845,-0.0409,50.19,-250,200,20.0
1770113982.0848658,0.4038,30.60,-250,200,20.0
1770113982.1678922,1.5443,38.56,-250,200,20.0
1770113982.2515697,-0.1075,40.47,-231,200,20.0
1770113982.3221502,-0.0083,42.08,-250,200,20.0
1770113982.3952324,1.3850,30.61,-250,200,20.0
1770113982.4656153,1.5201,30.47,-250,200,20.0
1770113982.5361414,1.3054,26.00,-250,200,20.0
1770113982.6192303,0.1355,46.10,-250,200,20.0
1770113982.7118812,0.3302,45.92,-250,200,20.0
1770113982.7937882,0.7644,51.24,-250,200,20.0
1770113982.8855338,0.8517,50.81,-250,200,20.0
1770113982.9676337,0.8096,46.10,-250,200,20.0
1770113983.0696368,1.6863,46.46,-250,200,20.0
1770113983.1630652,1.6427,33.20,-250,200,20.0
1770113983.2655265,1.7128,33.64,-250,200,20.0
1770113983.368194,1.8561,34.79,-250,200,20.0
1770113983.4703925,0.4113,39.13,-250,200,20.0
1770113983.5629418,0.2582,38.18,-250,200,20.0
1770113983.6656554,0.2519,38.09,-250,200,20.0
1770113983.7679145,0.3120,31.89,-250,200,20.0
1770113983.8697798,-0.8348,10.89,250,271,27.1
1770113983.9723384,-0.7826,8.72,250,342,34.2
1770113984.0749364,-0.8080,0.86,250,500,50.0
1770113984.177238,0.1626,-17.16,-2,200,20.0
1770113984.279888,0.1871,-13.38,-49,212,21.3
1770113984.383639,0.2317,-10.71,-83,276,27.6
1770113984.4764752,0.2101,-2.37,-53,499,49.9
1770113984.5792494,0.2304,-0.07,-78,500,50.0
1770113984.682327,0.2218,0.36,-79,500,50.0
1770113984.7852092,0.2214,-0.14,-74,500,50.0
1770113984.8882508,0.2439,1.66,-97,500,50.0
1770113984.991675,0.2420,1.71,-96,500,50.0
1770113985.0948308,0.2469,2.13,-101,499,50.0
1770113985.1882334,0.2477,2.14,-102,499,50.0
1770113985.2906847,0.2484,2.48,-105,498,49.9
1770113985.3944745,0.2568,2.44,-108,498,49.9
1770113985.496674,0.2578,2.63,-110,497,49.8
1770113985.6145675,0.2610,2.89,-114,496,49.6
1770113985.7057726,0.2635,3.23,-119,492,49.2
1770113985.8101094,0.2528,2.40,-106,499,49.9
1770113985.9133868,0.2615,3.43,-121,489,49.0
1770113986.007435,0.2642,3.41,-122,490,49.0
1770113986.1123478,0.2574,2.82,-112,496,49.7
1770113986.21716,0.2616,2.98,-115,495,49.5
1770113986.321409,0.2678,3.66,-127,486,48.7
1770113986.413457,0.2613,3.25,-119,492,49.2
1770113986.519293,0.2594,3.09,-116,494,49.4
1770113986.6231132,0.2547,3.24,-116,492,49.2
1770113986.7162206,0.2667,3.85,-130,483,48.3
1770113986.8220048,0.2602,3.16,-117,493,49.3
1770113986.9264534,0.2607,3.53,-123,488,48.8
1770113987.0194128,0.2583,3.39,-120,490,49.0
1770113987.1234028,0.2646,3.33,-121,491,49.1
1770113987.226832,0.2589,2.80,-112,496,49.7
1770113987.3305264,0.2627,3.00,-116,494,49.5
1770113987.4238288,0.2505,1.80,-100,500,50.0
1770113987.5268488,0.2553,2.67,-110,497,49.8
1770113987.6309314,0.2518,2.51,-107,498,49.9
1770113987.735768,0.2510,2.15,-103,499,50.0
1770113987.8391595,0.2530,2.67,-109,497,49.8
1770113987.9353254,0.2512,2.22,-104,499,50.0
1770113988.0295062,0.2574,2.77,-111,496,49.7
1770113988.1331196,0.2582,2.80,-112,496,49.7
1770113988.2371883,0.2519,2.33,-105,499,49.9
1770113988.341235,0.2522,2.57,-108,498,49.8
1770113988.4455702,0.2553,2.78,-111,496,49.7
1770113988.538145,0.2549,2.72,-110,497,49.7
1770113988.6415138,0.2542,2.19,-104,499,50.0
1770113988.7466576,0.2553,2.81,-111,496,49.7
1770113988.852369,0.2488,2.22,-103,499,50.0
1770113988.946263,0.2531,2.54,-107,498,49.8
1770113989.0523038,0.2567,2.78,-111,496,49.7
1770113989.1476765,0.2541,2.53,-108,498,49.9
1770113989.2514005,0.2589,3.21,-117,492,49.3
1770113989.3564248,0.2558,2.85,-112,496,49.6
1770113989.4608252,0.2565,3.06,-115,494,49.4
1770113989.5538218,0.2581,3.02,-115,494,49.5
1770113989.6570723,0.2598,3.28,-119,491,49.2
1770113989.762381,0.2518,2.38,-105,499,49.9
1770113989.8551583,0.2520,2.74,-109,497,49.7
1770113989.9587812,0.2554,2.78,-111,496,49.7
1770113990.0618484,0.2533,2.94,-112,495,49.6
1770113990.1662278,0.2560,2.86,-112,496,49.6
1770113990.2713785,0.2590,3.50,-122,488,48.9
1770113990.3641496,0.2511,2.73,-109,497,49.7
1770113990.4677606,0.2569,3.12,-116,493,49.4
1770113990.573852,0.2553,2.90,-112,495,49.6
1770113990.6676874,0.2567,3.19,-116,492,49.3
1770113990.7719784,0.2467,2.25,-102,499,50.0
1770113990.8789062,0.2523,2.82,-110,496,49.7
1770113990.9711585,0.2550,3.08,-114,494,49.4
1770113991.0778706,0.2526,3.17,-115,493,49.3
1770113991.170622,0.2501,2.60,-107,498,49.8
1770113991.2763107,0.2535,2.59,-108,498,49.8
1770113991.3818574,0.2520,2.92,-111,495,49.6
1770113991.4853923,0.2505,2.72,-109,497,49.7
1770113991.5776234,0.2554,2.74,-110,497,49.7
1770113991.681427,0.2532,3.26,-116,492,49.2
1770113991.785693,0.2518,3.11,-114,493,49.4
1770113991.88981,0.2562,3.33,-118,491,49.1
1770113991.9829757,0.2502,3.03,-112,494,49.5
1770113992.0861678,0.2561,3.37,-119,490,49.1
1770113992.1901665,0.2581,3.52,-121,488,48.9
1770113992.2946107,0.2528,3.00,-113,494,49.5
1770113992.3876545,0.2546,3.42,-119,489,49.0
1770113992.4912295,0.2526,3.24,-116,492,49.2
1770113992.5958648,0.2536,3.22,-116,492,49.3
1770113992.7015696,0.2551,3.34,-118,491,49.1
1770113992.792913,0.2566,3.45,-120,489,49.0
1770113992.8990757,0.2523,3.04,-113,494,49.5
1770113993.0055263,0.2561,3.42,-119,490,49.0
1770113993.0976171,0.2560,3.49,-120,489,48.9
1770113993.2028093,0.2494,3.34,-116,491,49.1
1770113993.3061254,0.2484,2.94,-110,495,49.6
1770113993.3993673,0.2498,3.39,-117,490,49.0
1770113993.5028844,0.2506,3.20,-114,492,49.3
1770113993.6066558,0.2486,3.11,-112,493,49.4
1770113993.711045,0.2532,3.60,-121,487,48.8
1770113993.803463,0.2505,3.14,-113,493,49.4
1770113993.9069872,0.2507,3.39,-117,490,49.0
1770113994.0106068,0.2495,2.97,-111,495,49.5
1770113994.1147044,0.2497,3.42,-117,490,49.0
1770113994.2185218,0.2541,3.61,-121,487,48.7
1770113994.3113873,0.2524,3.15,-114,493,49.3
1770113994.415414,0.2531,3.47,-119,489,48.9
1770113994.5200171,0.2509,3.36,-117,490,49.1
1770113994.6223948,0.2497,2.92,-111,495,49.6
1770113994.7162814,0.2509,3.28,-116,491,49.2
1770113994.8199334,0.2516,3.37,-117,490,49.1
1770113994.9237142,0.2491,3.31,-115,491,49.2
1770113995.0277822,0.2536,3.42,-118,489,49.0
1770113995.1210709,0.2505,3.34,-116,491,49.1
1770113995.2249234,0.2509,3.22,-115,492,49.3
1770113995.32876,0.2557,3.86,-126,483,48.3
1770113995.4327288,0.2594,3.97,-129,481,48.1
1770113995.5258102,0.2495,3.13,-113,493,49.4
1770113995.6287913,0.2494,3.10,-113,493,49.4
1770113995.732961,0.2520,3.31,-116,491,49.2
1770113995.8372793,0.2557,3.99,-128,480,48.1
1770113995.935292,0.2510,3.35,-116,490,49.1
1770113996.0397704,0.2493,2.99,-111,495,49.5
1770113996.1440363,0.2497,3.25,-115,492,49.2
1770113996.2359612,0.2526,3.46,-119,489,48.9
1770113996.3405337,0.2532,3.75,-123,485,48.5
1770113996.4445477,0.2558,3.61,-122,487,48.7
1770113996.5366066,0.2514,3.15,-114,493,49.3
1770113996.6406207,0.2533,3.39,-118,490,49.1
1770113996.7443619,0.2514,3.39,-117,490,49.0
1770113996.8485873,0.2514,3.31,-116,491,49.1
1770113996.952582,0.2506,3.40,-117,490,49.0
1770113997.045598,0.2516,3.47,-118,489,48.9
1770113997.1491766,0.2570,3.81,-125,484,48.4
1770113997.2528863,0.2518,3.62,-121,487,48.7
1770113997.357261,0.2522,3.23,-115,492,49.2
1770113997.4505885,0.2516,3.29,-116,491,49.2
1770113997.554235,0.2483,3.14,-113,493,49.3
1770113997.6580386,0.2554,3.40,-119,490,49.0
1770113997.7620223,0.2519,3.44,-118,489,49.0
1770113997.8554454,0.2517,3.12,-114,493,49.4
1770113997.959213,0.2502,3.36,-116,490,49.1
1770113998.0635917,0.2584,3.68,-124,486,48.6
1770113998.1667883,0.2526,3.41,-118,490,49.0
1770113998.2727,0.2531,3.35,-117,490,49.1
1770113998.3639224,0.2505,3.06,-113,494,49.4
1770113998.467813,0.2532,3.80,-124,484,48.4
1770113998.567079,0.2552,3.57,-121,487,48.8
1770113998.6711993,0.2533,3.34,-117,491,49.1
1770113998.7751873,0.2607,3.82,-127,483,48.4
1770113998.868933,0.2700,4.21,-137,476,47.7
1770113998.972545,0.2689,4.18,-136,477,47.7
1770113999.0801258,0.2687,3.85,-130,483,48.3
1770113999.1752396,0.2677,3.72,-128,485,48.6
1770113999.2800288,0.2672,2.96,-117,495,49.5
1770113999.3836281,0.2656,2.86,-115,496,49.6
1770113999.4769711,0.2555,3.10,-115,493,49.4
1770113999.5814526,0.2556,3.02,-114,494,49.5
1770113999.6854713,0.2575,3.41,-120,490,49.0
1770113999.7898588,0.2596,3.17,-117,493,49.3
1770113999.8824286,0.2602,3.39,-120,490,49.0
1770113999.9861763,0.2583,3.83,-126,483,48.4
1770114000.0898354,0.2575,3.46,-120,489,48.9
1770114000.194917,0.2573,3.63,-123,487,48.7
1770114000.2873735,0.2535,3.84,-124,483,48.4
1770114000.391176,0.2586,4.25,-133,476,47.6
1770114000.496269,0.2592,4.18,-132,477,47.7
1770114000.5915222,0.2570,3.82,-125,484,48.4
1770114000.6960301,0.2543,3.57,-121,487,48.8
1770114000.7996466,0.2546,3.87,-125,483,48.3
1770114000.893463,0.2557,3.57,-121,487,48.8
1770114000.997004,0.2550,3.64,-122,486,48.7
1770114001.101589,0.2548,3.77,-124,484,48.5
1770114001.2054477,0.2551,3.73,-123,485,48.5
1770114001.3000467,0.2557,3.79,-124,484,48.5
1770114001.4044788,0.2549,3.24,-116,492,49.2
1770114001.509152,0.2539,3.71,-123,485,48.6
1770114001.6038558,0.2547,3.55,-121,488,48.8
1770114001.7071526,0.2607,4.02,-130,480,48.0
1770114001.8111143,0.2608,4.17,-133,477,47.8
1770114001.914886,0.2560,3.93,-127,482,48.2
1770114002.009976,0.2546,3.69,-123,486,48.6
1770114002.1130657,0.2534,3.44,-119,489,49.0
1770114002.2166355,0.2534,3.43,-119,489,49.0
1770114002.3209803,0.2567,4.13,-130,478,47.9
1770114002.4139402,0.2547,4.07,-129,479,48.0
1770114002.5176325,0.2541,3.78,-124,484,48.5
1770114002.6216984,0.2588,4.06,-130,479,48.0
1770114002.7258716,0.2548,3.61,-121,487,48.7
1770114002.8192024,0.2577,4.04,-129,480,48.0
1770114002.9255905,0.2541,3.79,-124,484,48.5
1770114003.0301132,0.2602,4.39,-136,473,47.3
1770114003.13551,0.2565,3.93,-127,482,48.2
1770114003.2316322,0.2550,3.75,-124,485,48.5
1770114003.3254838,0.2564,3.85,-126,483,48.4
1770114003.4291663,0.2558,3.84,-125,483,48.4
1770114003.533155,0.2566,4.09,-130,479,47.9
1770114003.6259172,0.2561,4.18,-131,477,47.7
1770114003.7299473,0.2554,3.84,-125,483,48.4
1770114003.8336408,0.2582,4.44,-136,472,47.2
1770114003.9377553,0.2566,4.07,-129,479,48.0
1770114004.0420072,0.2596,4.14,-132,478,47.8
1770114004.1354356,0.2596,4.39,-136,473,47.3
1770114004.2391121,0.2568,4.20,-131,477,47.7
1770114004.3438983,0.2578,4.30,-133,475,47.5
1770114004.4471095,0.2547,3.55,-121,488,48.8
1770114004.5517151,0.2605,4.30,-135,475,47.5
1770114004.6433907,0.2566,4.09,-130,479,47.9
1770114004.7490652,0.2538,3.62,-121,487,48.7
1770114004.8410926,0.2579,4.40,-135,473,47.3
1770114004.945613,0.2563,4.13,-130,478,47.9
1770114005.0491405,0.2547,3.84,-125,483,48.4
1770114005.1530526,0.2596,4.54,-138,470,47.0
1770114005.2570696,0.2584,4.01,-129,480,48.1
1770114005.3499374,0.2572,4.14,-131,478,47.8
1770114005.454031,0.2564,3.96,-127,481,48.2
1770114005.5578883,0.2539,3.77,-124,484,48.5
1770114005.6617186,0.2517,3.80,-123,484,48.4
1770114005.7661772,0.2552,4.00,-128,480,48.1
1770114005.8595285,0.2594,4.12,-131,478,47.9
1770114005.963153,0.2539,3.62,-121,487,48.7
1770114006.067027,0.2558,4.07,-129,479,48.0
1770114006.1726756,0.2602,4.53,-138,470,47.0
1770114006.2657144,0.2586,4.13,-131,478,47.9
1770114006.3700492,0.2561,4.10,-130,479,47.9
1770114006.4638085,0.2565,4.06,-129,479,48.0
1770114006.568859,0.2597,4.22,-133,476,47.7
1770114006.673558,0.2555,4.08,-129,479,47.9
1770114006.768489,0.2565,4.16,-131,477,47.8
1770114006.8724935,0.2557,3.92,-127,482,48.2
1770114006.9771566,0.2587,4.37,-135,473,47.4
1770114007.0835955,0.2625,4.78,-144,464,46.5
1770114007.1758535,0.2609,4.49,-138,471,47.1
1770114007.2808852,0.2575,4.34,-134,474,47.4
1770114007.3847685,0.2593,4.19,-132,477,47.7
1770114007.4780288,0.2563,4.65,-139,467,46.8
1770114007.5816848,0.2567,4.27,-133,475,47.6
1770114007.6856797,0.2582,4.71,-141,466,46.6
1770114007.7906415,0.2573,4.45,-136,472,47.2
1770114007.8834562,0.2555,4.21,-131,476,47.7
1770114007.987056,0.2583,4.53,-138,470,47.0
1770114008.0916946,0.2580,4.85,-143,463,46.3
1770114008.1952965,0.2559,4.46,-135,471,47.2
1770114008.288295,0.2582,4.74,-141,465,46.6
1770114008.3919141,0.2597,4.73,-142,465,46.6
1770114008.4957368,0.2603,5.11,-149,456,45.7
1770114008.5998735,0.2557,4.62,-138,468,46.8
1770114008.6929939,0.2583,4.54,-138,470,47.0
1770114008.7978594,0.2580,4.80,-142,464,46.4
1770114008.9017253,0.2640,5.01,-149,459,45.9
1770114009.006315,0.2596,4.83,-144,463,46.4
1770114009.100121,0.2585,4.51,-137,470,47.1
1770114009.2043805,0.2591,4.62,-140,468,46.8
1770114009.3101764,0.2577,4.53,-137,470,47.0
1770114009.402835,0.2556,4.32,-133,474,47.5
1770114009.506236,0.2598,4.62,-140,468,46.8
1770114009.6103733,0.2627,4.80,-144,464,46.4
1770114009.7143338,0.2557,4.63,-138,468,46.8
1770114009.8077528,0.2600,5.18,-150,455,45.5
1770114009.911286,0.2584,4.51,-137,470,47.1
1770114010.0152414,0.2579,4.46,-136,471,47.2
1770114010.1193638,0.2604,4.85,-144,462,46.3
1770114010.2134452,0.2598,4.76,-143,465,46.5
1770114010.3171175,0.2584,4.59,-139,468,46.9
1770114010.4223905,0.2568,4.50,-136,471,47.1
1770114010.5154457,0.2584,4.62,-139,468,46.8
1770114010.6195443,0.2567,4.24,-132,476,47.6
1770114010.7237482,0.2584,4.71,-141,466,46.6
1770114010.8270128,0.2381,4.67,-132,467,46.7
1770114010.9203665,0.4086,6.05,-237,430,43.1
1770114011.0234747,0.6260,6.20,-250,426,42.6
1770114011.1270545,0.7915,5.72,-250,440,44.0
1770114011.2309012,0.9382,5.77,-250,438,43.9
1770114011.3356793,1.0846,-0.07,-250,500,50.0
1770114011.4281528,0.9284,-23.13,-250,200,20.0
1770114011.5322626,-0.5537,-11.39,250,256,25.7
1770114011.6351018,-0.3440,-20.58,250,200,20.0
1770114011.7284837,-0.2102,-26.59,250,200,20.0
1770114011.831537,-0.1983,-28.34,250,200,20.0
1770114011.9351208,-0.1755,-27.95,250,200,20.0
1770114012.040771,-0.1898,-28.86,250,200,20.0
1770114012.133493,-0.2538,-28.60,250,200,20.0
1770114012.2376752,-0.2728,-27.99,250,200,20.0
1770114012.3413322,-0.2182,-24.13,250,200,20.0
1770114012.445746,-0.3001,-26.02,250,200,20.0
1770114012.5488706,-0.3724,-24.62,250,200,20.0
1770114012.6423912,-0.4185,-25.23,250,200,20.0
1770114012.7459354,-0.4717,-26.90,250,200,20.0
1770114012.8491788,-0.5457,-30.42,250,200,20.0
1770114012.9447284,-0.5282,-26.83,250,200,20.0
1770114013.047388,-0.6424,-30.57,250,200,20.0
1770114013.15049,-0.7127,-31.20,250,200,20.0
1770114013.2542727,-0.7809,-29.66,250,200,20.0
1770114013.3576403,1.0139,-28.27,-250,200,20.0
1770114013.450774,0.9545,-28.32,-250,200,20.0
1770114013.5535436,0.4010,14.59,-250,200,20.1
1770114013.657683,0.7836,-31.68,-250,200,20.0
1770114013.7619777,0.6874,-35.66,-250,200,20.0
1770114013.8654225,0.7423,-34.85,-250,200,20.0
1770114013.9585483,0.2382,21.14,-250,200,20.0
1770114014.0620275,0.2346,13.08,-250,217,21.8
1770114014.1664681,-0.4314,-18.59,250,200,20.0
1770114014.2597218,-0.3135,-19.22,250,200,20.0
1770114014.3630395,-0.3076,-26.81,250,200,20.0
1770114014.4666457,-0.1717,-25.41,250,200,20.0
1770114014.5700922,-0.0726,-21.18,231,200,20.0
1770114014.6740146,-0.0421,-16.89,171,200,20.0
1770114014.7677555,-0.1417,-20.25,250,200,20.0
1770114014.8704967,-0.1980,-21.94,250,200,20.0
1770114014.9739542,-0.2376,-21.39,250,200,20.0
1770114015.0775223,-0.2759,-20.91,250,200,20.0
1770114015.17096,-0.3039,-18.72,250,200,20.0
1770114015.2755897,-0.3971,-20.36,250,200,20.0
1770114015.3796375,-0.4431,-18.35,250,200,20.0
1770114015.4751685,-0.5517,-21.33,250,200,20.0
1770114015.5784833,1.5641,-0.12,-250,500,50.0
1770114015.6820006,1.4711,-0.56,-250,500,50.0
1770114015.7861423,1.3120,-2.65,-250,497,49.8
1770114015.879284,0.8965,-20.56,-250,200,20.0
1770114015.9835598,1.1960,-3.40,-250,490,49.0
1770114016.0865922,0.7629,-27.33,-250,200,20.0
1770114016.1903594,0.7801,-28.55,-250,200,20.0
1770114016.294319,0.8110,-34.38,-250,200,20.0
1770114016.3875897,0.8850,-34.09,-250,200,20.0
1770114016.4915164,-0.3668,-12.26,250,234,23.4
1770114016.5945919,-0.3191,-17.39,250,200,20.0
1770114016.687282,-0.1652,-15.77,250,200,20.0
1770114016.79115,-0.1127,-16.56,229,200,20.0
1770114016.8948624,-0.2831,-27.08,250,200,20.0
1770114016.9986787,-0.3080,-26.90,250,200,20.0
1770114017.1021547,-0.2347,-21.51,250,200,20.0
1770114017.2055814,-0.1879,-15.85,250,200,20.0
1770114017.2994058,-0.2489,-15.94,250,200,20.0
1770114017.4026248,-0.3076,-16.03,250,200,20.0
1770114017.5066183,-0.3784,-15.63,250,200,20.0
1770114017.610529,-0.4558,-15.41,250,200,20.0
1770114017.7032595,1.5798,-0.52,-250,500,50.0
1770114017.8076656,1.5000,-1.52,-250,500,50.0
1770114017.9119647,1.3578,-3.62,-250,487,48.7
1770114018.0055447,1.2465,-0.70,-250,500,50.0
1770114018.1102264,1.2223,-3.24,-250,492,49.2
1770114018.213682,1.1662,-16.16,-250,200,20.0
1770114018.3175201,1.1581,-27.37,-250,200,20.0
1770114018.4214616,-0.2690,-18.86,250,200,20.0
1770114018.5143576,-0.0260,-12.51,121,228,22.9
1770114018.6177177,-0.0449,-17.76,180,200,20.0
1770114018.7211757,-0.1112,-22.35,250,200,20.0
1770114018.8252554,-0.2180,-28.89,250,200,20.0
1770114018.9179432,-0.2943,-30.25,250,200,20.0
1770114019.02183,-0.3007,-29.61,250,200,20.0
1770114019.1250176,-0.3222,-26.80,250,200,20.0
1770114019.2284045,-0.3816,-26.15,250,200,20.0
1770114019.3217223,-0.4270,-25.52,250,200,20.0
1770114019.4250243,-0.4854,-24.92,250,200,20.0
1770114019.5283911,1.5280,-11.29,-250,259,25.9
1770114019.6318054,1.4839,-9.11,-250,328,32.9
1770114019.735215,1.4364,-7.74,-250,376,37.6
1770114019.8388386,1.3903,-6.01,-250,431,43.2
1770114019.9319904,1.3954,-4.69,-250,466,46.7
1770114020.0359328,1.4931,-3.74,-250,485,48.5
1770114020.1386049,1.5854,-6.18,-250,426,42.7
1770114020.2419436,-0.3104,-15.26,250,200,20.0
1770114020.3348753,-0.1531,-15.61,250,200,20.0
1770114020.4381266,-0.0180,-15.42,138,200,20.0
1770114020.541361,0.0223,-14.85,99,200,20.0
1770114020.645049,-0.0005,-15.21,122,200,20.0
1770114020.7488155,-0.0351,-15.42,153,200,20.0
1770114020.8419979,-0.1321,-15.34,236,200,20.0
1770114020.94694,-0.2116,-14.36,250,202,20.2
1770114021.0516915,-0.2857,-12.17,250,236,23.7
1770114021.1482935,-0.3864,-11.37,250,256,25.7
1770114021.251323,1.6978,4.73,-250,465,46.6
1770114021.3550851,1.5888,5.08,-250,457,45.7
1770114021.4486933,1.4151,5.99,-250,432,43.3
1770114021.5519576,1.2224,7.49,-250,384,38.5
1770114021.6581285,1.1628,9.46,-250,316,31.7
1770114021.7631068,1.1859,9.20,-250,325,32.6
1770114021.8549259,1.2066,9.01,-250,332,33.2
1770114021.958657,1.2289,9.11,-250,329,32.9
1770114022.0612824,1.2377,8.07,-250,364,36.5
1770114022.1651022,1.2720,7.47,-250,385,38.5
1770114022.258411,1.2939,7.05,-250,399,39.9
1770114022.3616369,1.2612,3.53,-250,488,48.8
1770114022.4651256,1.2971,5.64,-250,442,44.3
1770114022.5687866,1.3563,8.59,-250,347,34.7
1770114022.6723707,1.2380,-3.98,-250,481,48.1
1770114022.7757223,1.3091,-3.84,-250,483,48.4
1770114022.8692706,1.4498,3.33,-250,491,49.1
1770114022.9722204,1.5576,7.36,-250,389,38.9
1770114023.0759485,-0.8670,-13.87,250,206,20.6
1770114023.1796122,-0.9632,-21.39,250,200,20.0
1770114023.2830074,-0.9463,-18.52,250,200,20.0
1770114023.3758512,1.2866,-7.76,-250,375,37.5
1770114023.4801126,1.2925,-3.12,-250,493,49.4
1770114023.5841343,1.3197,6.20,-250,426,42.6
1770114023.687395,1.0959,5.39,-250,449,45.0
1770114023.7799299,1.1025,15.82,-250,200,20.0
1770114023.8834124,1.1254,16.98,-250,200,20.0
1770114023.9867628,1.1119,15.69,-250,200,20.0
1770114024.0905535,1.1237,15.89,-250,200,20.0
1770114024.1837351,1.0766,12.85,-250,221,22.2
1770114024.2874405,1.1109,15.81,-250,200,20.0
1770114024.3903363,1.1785,20.90,-250,200,20.0
1770114024.4942636,1.2498,24.80,-250,200,20.0
1770114024.5972435,1.3241,29.33,-250,200,20.0
1770114024.6906712,1.3561,30.83,-250,200,20.0
1770114024.7937376,1.3580,30.94,-250,200,20.0
1770114024.8969831,1.3788,32.04,-250,200,20.0
1770114025.0002062,1.4178,34.69,-250,200,20.0
1770114025.1036634,1.4861,38.34,-250,200,20.0
1770114025.198063,1.4652,38.48,-250,200,20.0
1770114025.3010638,1.4424,38.35,-250,200,20.0
1770114025.4043276,1.4456,38.98,-250,200,20.0
1770114025.5076883,1.4209,38.81,-250,200,20.0
1770114025.6111832,1.3758,37.42,-250,200,20.0
1770114025.7071154,1.3549,37.29,-250,200,20.0
1770114025.8105276,1.3488,37.59,-250,200,20.0
1770114025.913863,1.3424,36.88,-250,200,20.0
1770114026.0071177,1.3329,37.07,-250,200,20.0
1770114026.1128361,1.2572,34.10,-250,200,20.0
1770114026.216176,1.1942,31.18,-250,200,20.0
1770114026.3197575,1.1851,32.44,-250,200,20.0
1770114026.4126518,1.2955,38.14,-250,200,20.0
1770114026.5159357,1.2714,38.60,-250,200,20.0
1770114026.6186929,1.2202,37.22,-250,200,20.0
1770114026.722436,1.2585,40.35,-250,200,20.0
1770114026.8152995,1.3347,43.23,-250,200,20.0
1770114026.9192123,1.2817,42.74,-250,200,20.0
1770114027.0226529,1.2031,40.06,-250,200,20.0
1770114027.125993,1.1351,37.17,-250,200,20.0
1770114027.2298923,1.1353,37.12,-250,200,20.0
1770114027.3237612,1.1515,36.66,-250,200,20.0
1770114027.4267068,1.0591,27.62,-250,200,20.0
1770114027.531221,1.0714,28.93,-250,200,20.0
1770114027.633567,1.1198,32.26,-250,200,20.0
1770114027.7270293,1.1421,33.90,-250,200,20.0
1770114027.8303325,1.1592,35.81,-250,200,20.0
1770114027.9337175,1.1072,29.34,-250,200,20.0
1770114028.0372634,1.1143,28.94,-250,200,20.0
1770114028.1423442,1.1054,25.20,-250,200,20.0
1770114028.247172,1.1578,30.54,-250,200,20.0
1770114028.33836,1.1354,25.23,-250,200,20.0
1770114028.4422593,1.1535,24.59,-250,200,20.0
1770114028.5462806,1.1652,24.24,-250,200,20.0
1770114028.6500947,1.1957,25.77,-250,200,20.0
1770114028.7432275,1.2071,22.12,-250,200,20.0
1770114028.847221,1.2250,21.27,-250,200,20.0
1770114028.9534178,1.2559,22.78,-250,200,20.0
1770114029.0457823,1.2705,19.17,-250,200,20.0
1770114029.1525333,1.2709,14.99,-250,200,20.0
1770114029.2455678,1.2810,14.35,-250,202,20.2
1770114029.3402216,1.3043,13.15,-250,216,21.7
1770114029.434335,1.2631,2.37,-250,499,49.9
1770114029.525971,-0.9564,-41.55,250,200,20.0
1770114029.6218698,-0.8820,-49.83,250,200,20.0
1770114029.7037878,1.3368,-24.42,-250,200,20.0
1770114029.7969358,1.4524,-36.48,-250,200,20.0
1770114029.8895159,1.6497,-25.07,-250,200,20.0
1770114029.9733303,1.0820,-1.77,-250,500,50.0
1770114030.056433,0.9558,-12.64,-250,225,22.6
1770114030.1390545,1.2328,9.57,-250,313,31.3
1770114030.2334113,-6.7052,-79.83,250,200,20.0
1770114030.317036,-0.8405,-11.79,250,245,24.6
1770114030.4100754,-1.7519,-53.05,250,200,20.0
1770114030.4921353,-2.2964,-60.41,250,200,20.0
1770114030.586194,-2.8923,-66.06,250,200,20.0
1770114030.6719337,-7.0101,-79.40,250,200,20.0
1770114030.7665715,-1.2395,-51.94,250,200,20.0
1770114030.8486362,-2.9693,-69.42,250,200,20.0
1770114030.9312012,-3.8757,-71.57,250,200,20.0
1770114031.015806,-2.4045,-65.57,250,200,20.0
1770114031.098449,-2.9274,-69.71,250,200,20.0
1770114031.1805642,-3.1464,-70.87,250,200,20.0
1770114031.2645226,-3.0938,-70.54,250,200,20.0
1770114031.3477392,-3.2232,-71.22,250,200,20.0
1770114031.4314046,-3.1027,-70.61,250,200,20.0
1770114031.5169704,-3.1151,-70.61,250,200,20.0
1770114031.5985286,-3.2358,-71.34,250,200,20.0
1770114031.6728852,-3.1837,-71.04,250,200,20.0
1770114031.7580447,-3.1584,-70.94,250,200,20.0
1770114031.8428357,-3.2494,-71.53,250,200,20.0
1770114031.9253185,-3.2082,-71.26,250,200,20.0
1770114032.0085769,-3.1858,-71.07,250,200,20.0
1770114032.0913548,-3.1697,-71.03,250,200,20.0
1770114032.1741228,-3.1705,-71.03,250,200,20.0
1770114032.2585878,-3.2003,-71.19,250,200,20.0
1770114032.3424065,-3.2230,-71.32,250,200,20.0
1770114032.4259617,-3.1458,-70.86,250,200,20.0
1770114032.4979634,-3.2110,-71.23,250,200,20.0
1770114032.580856,-3.1971,-71.23,250,200,20.0
1770114032.663777,-3.1519,-70.80,250,200,20.0
1770114032.7576857,-3.1807,-70.97,250,200,20.0
1770114032.841329,-3.2234,-71.38,250,200,20.0
1770114032.9142883,-3.1844,-71.14,250,200,20.0
1770114032.9972043,-3.2170,-71.31,250,200,20.0
1770114033.0810094,-3.2147,-71.34,250,200,20.0
1770114033.1639314,-3.2514,-71.55,250,200,20.0
1770114033.2473192,-3.1955,-71.24,250,200,20.0
1770114033.3329294,-3.3490,-72.05,250,200,20.0
1770114033.4169543,-3.2193,-71.34,250,200,20.0
1770114033.5001228,-3.2406,-71.54,250,200,20.0
1770114033.5845945,-3.2551,-71.51,250,200,20.0
1770114033.6681962,-3.2415,-71.47,250,200,20.0
1770114033.7511404,-3.2699,-71.68,250,200,20.0
1770114033.8372133,-3.2265,-71.31,250,200,20.0
1770114033.9182932,-3.2325,-71.37,250,200,20.0
1770114034.0027864,-3.2854,-71.72,250,200,20.0
1770114034.0770574,-3.1956,-71.16,250,200,20.0
1770114034.1597862,-3.2158,-71.37,250,200,20.0
1770114034.2456558,-3.2764,-71.74,250,200,20.0
1770114034.3289466,-3.2354,-71.46,250,200,20.0
1770114034.4114249,-3.2152,-71.28,250,200,20.0
1770114034.4945765,-3.2275,-71.34,250,200,20.0
1770114034.57775,-3.2409,-71.53,250,200,20.0
1770114034.663101,-3.3072,-71.86,250,200,20.0
1770114034.7447147,-3.2934,-71.86,250,200,20.0
1770114034.8272548,-3.2336,-71.39,250,200,20.0
1770114034.910589,-3.2924,-71.86,250,200,20.0
1770114034.9936123,-3.2781,-71.68,250,200,20.0
1770114035.066724,-3.2603,-71.57,250,200,20.0
1770114035.1602814,-3.2471,-71.45,250,200,20.0
1770114035.2437658,-3.2779,-71.66,250,200,20.0
1770114035.3173316,-3.2847,-71.67,250,200,20.0
1770114035.399783,-3.2736,-71.74,250,200,20.0
1770114035.4830627,-3.2412,-71.48,250,200,20.0
1770114035.5760953,-3.2703,-71.64,250,200,20.0
1770114035.6516695,-3.3151,-71.83,250,200,20.0
1770114035.7354174,-3.3505,-72.18,250,200,20.0
1770114035.8191144,-3.2601,-71.51,250,200,20.0
1770114035.9019208,-3.2814,-71.66,250,200,20.0
1770114035.9848933,-3.3046,-71.81,250,200,20.0
1770114036.0678682,-3.3770,-72.17,250,200,20.0
1770114036.1510522,-3.2669,-71.59,250,200,20.0
1770114036.2351823,-3.2724,-71.60,250,200,20.0
1770114036.3189259,-3.2929,-71.86,250,200,20.0
1770114036.3909922,-3.2584,-71.73,250,200,20.0
1770114036.4738724,-3.2534,-71.60,250,200,20.0
1770114036.5687373,-3.2511,-71.63,250,200,20.0
1770114036.641542,-3.3593,-72.24,250,200,20.0
1770114036.7353995,-3.1680,-71.15,250,200,20.0
1770114036.818037,-3.3637,-72.29,250,200,20.0
1770114036.8913202,-3.2952,-71.87,250,200,20.0
1770114036.9772933,-3.2945,-71.83,250,200,20.0
1770114037.0618346,-3.2613,-71.69,250,200,20.0
1770114037.145315,-3.2203,-71.37,250,200,20.0
1770114037.2280636,-3.2778,-71.73,250,200,20.0
1770114037.31157,-3.1725,-71.09,250,200,20.0
1770114037.3957725,-3.3270,-72.12,250,200,20.0
1770114037.4791687,-3.3174,-72.12,250,200,20.0
1770114037.5626073,-3.3042,-72.06,250,200,20.0
1770114037.646191,-3.2126,-71.42,250,200,20.0
1770114037.7196677,-3.2419,-71.49,250,200,20.0
1770114037.80234,-3.3445,-72.10,250,200,20.0
1770114037.885126,-3.2313,-71.43,250,200,20.0
1770114037.9706838,-3.3711,-72.38,250,200,20.0
1770114038.055264,-3.3557,-72.11,250,200,20.0
1770114038.1379864,-3.4597,-72.76,250,200,20.0
1770114038.2228317,-3.2860,-71.80,250,200,20.0
1770114038.3053105,-3.2793,-71.79,250,200,20.0
1770114038.3886263,-3.3237,-71.97,250,200,20.0
1770114038.4719608,-3.4046,-72.42,250,200,20.0
1770114038.5557384,-3.4485,-72.63,250,200,20.0
1770114038.6392927,-3.4357,-72.63,250,200,20.0
1770114038.7118711,-3.2492,-71.64,250,200,20.0
1770114038.7948997,-3.2644,-71.66,250,200,20.0
1770114038.8795097,-3.3329,-72.17,250,200,20.0
1770114038.9628174,-3.3194,-71.94,250,200,20.0
1770114039.04822,-3.2873,-71.87,250,200,20.0
1770114039.1320536,-3.3196,-71.90,250,200,20.0
1770114039.2143466,-3.3199,-72.08,250,200,20.0
1770114039.2980595,-3.2627,-71.65,250,200,20.0
1770114039.3812687,-3.3604,-72.20,250,200,20.0
1770114039.4643505,-3.3440,-72.23,250,200,20.0
1770114039.548578,-3.2936,-71.84,250,200,20.0
1770114039.6303492,-3.3676,-72.31,250,200,20.0
1770114039.7153811,-3.3805,-72.38,250,200,20.0
1770114039.799102,-3.3922,-72.51,250,200,20.0
1770114039.8839085,-3.3182,-72.06,250,200,20.0
1770114039.966207,-3.5787,-73.45,250,200,20.0
1770114040.0495455,-3.3779,-72.45,250,200,20.0
1770114040.1428652,-3.3820,-72.25,250,200,20.0
1770114040.226172,-3.4305,-72.66,250,200,20.0
1770114040.3100665,-3.3921,-72.33,250,200,20.0
1770114040.3951285,-3.3313,-72.06,250,200,20.0
1770114040.4781039,0.9626,13.24,-250,215,21.5
1770114040.5712845,1.0554,18.89,-250,200,20.0
1770114040.6557114,1.9223,32.62,-250,200,20.0
1770114040.738729,-3.0306,-70.38,250,200,20.0
1770114040.8205283,-3.2252,-71.36,250,200,20.0
1770114040.9147081,-2.9747,-69.90,250,200,20.0
1770114040.9995527,-3.1293,-70.80,250,200,20.0
1770114041.082147,-3.1079,-70.95,250,200,20.0
1770114041.176572,-3.0663,-70.64,250,200,20.0
1770114041.262207,2.0496,38.55,-250,200,20.0
1770114041.3438246,-3.0506,-70.47,250,200,20.0
1770114041.437833,-3.1129,-70.94,250,200,20.0
1770114041.5212636,1.8720,31.14,-250,200,20.0
1770114041.6041896,-3.1400,-71.14,250,200,20.0
1770114041.6987193,-2.9881,-70.23,250,200,20.0
1770114041.791591,2.1400,41.82,-250,200,20.0
1770114041.8757632,-3.2130,-71.35,250,200,20.0
1770114041.9579537,-3.3384,-72.00,250,200,20.0
1770114042.051393,-3.2492,-71.41,250,200,20.0
1770114042.1354318,-3.3101,-71.90,250,200,20.0
1770114042.2166874,-3.4624,-72.88,250,200,20.0
1770114042.311748,-3.3068,-72.06,250,200,20.0
1770114042.395378,2.0447,38.52,-250,200,20.0
1770114042.489249,1.3030,31.86,-250,200,20.0
1770114042.5735934,1.1474,24.78,-250,200,20.0
1770114042.65664,-3.3102,-71.91,250,200,20.0
1770114042.7504828,-3.3246,-71.90,250,200,20.0
1770114042.8336196,-3.3437,-72.13,250,200,20.0
1770114042.915606,-3.3127,-71.99,250,200,20.0
1770114042.999058,-3.4955,-72.97,250,200,20.0
1770114043.0936813,-3.3025,-71.85,250,200,20.0
1770114043.1775322,-3.2649,-71.57,250,200,20.0
1770114043.2605453,-3.5643,-73.31,250,200,20.0
1770114043.3430216,-3.5244,-73.06,250,200,20.0
1770114043.425425,-3.4750,-72.91,250,200,20.0
1770114043.5192122,-3.3325,-71.88,250,200,20.0
1770114043.6032445,-3.4996,-72.92,250,200,20.0
1770114043.6865792,-3.5461,-73.11,250,200,20.0
1770114043.7703846,-3.4435,-72.55,250,200,20.0
1770114043.8541994,-3.4113,-72.40,250,200,20.0
1770114043.936345,-3.5134,-73.05,250,200,20.0
1770114044.0198154,-3.4081,-72.38,250,200,20.0
1770114044.1035287,-3.3667,-72.18,250,200,20.0
1770114044.1874094,-3.4427,-72.53,250,200,20.0
1770114044.2727985,-3.4056,-72.25,250,200,20.0
1770114044.3561697,-3.2765,-71.60,250,200,20.0
1770114044.4383776,-3.3424,-71.98,250,200,20.0
1770114044.5225985,-3.5065,-73.04,250,200,20.0
1770114044.6059022,-3.4602,-72.74,250,200,20.0
1770114044.6892762,-3.4650,-72.77,250,200,20.0
1770114044.7727773,-3.3953,-72.35,250,200,20.0
1770114044.85777,-3.3383,-72.05,250,200,20.0
1770114044.9406023,-3.3818,-72.26,250,200,20.0
1770114045.0252101,-3.4020,-72.30,250,200,20.0
1770114045.1074977,-3.3028,-71.84,250,200,20.0
1770114045.1906617,-3.3893,-72.31,250,200,20.0
1770114045.276419,-3.3536,-72.11,250,200,20.0
1770114045.3537793,-3.4333,-72.70,250,200,20.0
1770114045.4384627,-3.3136,-71.91,250,200,20.0
1770114045.5222015,-3.3772,-72.24,250,200,20.0
1770114045.605217,-3.3730,-72.22,250,200,20.0
1770114045.6886234,-3.3916,-72.26,250,200,20.0
1770114045.7719781,-3.3233,-71.98,250,200,20.0
1770114045.8558838,-3.2821,-71.66,250,200,20.0
1770114045.9281619,-3.3621,-72.13,250,200,20.0
1770114046.0108194,-3.3175,-71.91,250,200,20.0
1770114046.1046274,-3.3866,-72.46,250,200,20.0
1770114046.1880827,-3.3380,-71.98,250,200,20.0
1770114046.27126,-3.2883,-71.73,250,200,20.0
1770114046.346011,-3.3781,-72.28,250,200,20.0
1770114046.427599,-3.2987,-71.67,250,200,20.0
1770114046.510921,-3.3492,-72.12,250,200,20.0
1770114046.5942407,-3.2974,-71.76,250,200,20.0
1770114046.6812556,-3.4734,-72.79,250,200,20.0
1770114046.7648025,-3.3312,-72.05,250,200,20.0
1770114046.8474207,-3.2642,-71.57,250,200,20.0
1770114046.9299796,-3.3051,-71.88,250,200,20.0
1770114047.0134432,-3.2797,-71.66,250,200,20.0
1770114047.096989,-3.2882,-71.64,250,200,20.0
1770114047.1805043,-3.3693,-72.15,250,200,20.0
1770114047.2627742,-3.3193,-71.99,250,200,20.0
1770114047.3463278,-3.4390,-72.67,250,200,20.0
1770114047.4295056,-3.3355,-72.04,250,200,20.0
1770114047.5129864,-3.2172,-71.39,250,200,20.0
1770114047.5968163,-3.2921,-71.77,250,200,20.0
1770114047.6789782,-3.3555,-72.19,250,200,20.0
1770114047.7631266,-3.3289,-71.91,250,200,20.0
1770114047.8468032,-3.3677,-72.28,250,200,20.0
1770114047.9190443,-3.4049,-72.47,250,200,20.0
1770114048.013971,-3.4370,-72.67,250,200,20.0
1770114048.091466,-3.4109,-72.56,250,200,20.0
1770114048.175394,-3.3886,-72.36,250,200,20.0
1770114048.2578344,-3.3817,-72.30,250,200,20.0
1770114048.3414211,-3.3092,-71.81,250,200,20.0
1770114048.4243906,-3.3262,-71.86,250,200,20.0
1770114048.5084453,-3.2326,-71.34,250,200,20.0
1770114048.5908952,-3.3577,-72.17,250,200,20.0
1770114048.674519,-3.3172,-71.95,250,200,20.0
1770114048.7567282,-3.4077,-72.46,250,200,20.0
1770114048.840651,-3.2997,-71.69,250,200,20.0
1770114048.9235506,-3.3584,-72.19,250,200,20.0
1770114049.0067825,-3.3022,-71.77,250,200,20.0
1770114049.0899334,-3.2815,-71.66,250,200,20.0
1770114049.172842,-3.3560,-72.13,250,200,20.0
1770114049.2559211,-3.2734,-71.74,250,200,20.0
1770114049.3386981,-3.3177,-72.00,250,200,20.0
1770114049.4217563,-3.3878,-72.41,250,200,20.0
1770114049.5053682,-3.4765,-73.09,250,200,20.0
1770114049.5895314,-3.4167,-72.66,250,200,20.0
1770114049.6720903,-3.4002,-72.47,250,200,20.0
1770114049.755102,-3.4299,-72.77,250,200,20.0
1770114049.8279545,-3.5085,-73.18,250,200,20.0
1770114049.92509,-3.4700,-72.93,250,200,20.0
1770114049.9990735,-3.3639,-72.43,250,200,20.0
1770114050.0846581,-3.3679,-72.39,250,200,20.0
1770114050.1673565,-3.4362,-72.87,250,200,20.0
1770114050.2498305,-3.3786,-72.38,250,200,20.0
1770114050.3326335,-3.3233,-72.09,250,200,20.0
1770114050.417822,-3.4456,-72.81,250,200,20.0
1770114050.5033355,-3.5238,-73.08,250,200,20.0
1770114050.5854228,-3.5084,-72.99,250,200,20.0
1770114050.6678472,-3.3601,-72.23,250,200,20.0
1770114050.750501,-3.5423,-73.22,250,200,20.0
1770114050.8340147,-3.4929,-72.89,250,200,20.0
1770114050.9208565,-3.5595,-73.28,250,200,20.0
1770114051.0039256,-3.5770,-73.36,250,200,20.0
1770114051.0841548,-3.4508,-72.76,250,200,20.0
1770114051.1666918,-3.4598,-72.82,250,200,20.0
1770114051.2496483,-3.6057,-73.59,250,200,20.0
1770114051.3324263,-3.4428,-72.78,250,200,20.0
1770114051.4272726,-3.4443,-72.74,250,200,20.0
1770114051.5001116,-3.4096,-72.60,250,200,20.0
1770114051.5934238,-3.3698,-72.34,250,200,20.0
1770114051.676669,-3.4035,-72.57,250,200,20.0
1770114051.759412,-3.3522,-72.22,250,200,20.0
1770114051.8350332,-3.4074,-72.55,250,200,20.0
1770114051.9185638,-3.4630,-72.69,250,200,20.0
1770114052.012008,-3.3212,-71.99,250,200,20.0
1770114052.0953512,-3.4413,-72.66,250,200,20.0
1770114052.1783812,-3.4203,-72.52,250,200,20.0
1770114052.2610443,-3.3022,-71.85,250,200,20.0
1770114052.3343577,-3.3564,-72.13,250,200,20.0
1770114052.429016,-3.4061,-72.57,250,200,20.0
1770114052.501584,-3.3820,-72.28,250,200,20.0
1770114052.5949435,-3.5013,-72.98,250,200,20.0
1770114052.667429,-3.3833,-72.25,250,200,20.0
1770114052.7504594,-3.3701,-72.12,250,200,20.0
1770114052.833418,-3.3894,-72.37,250,200,20.0
1770114052.927112,-3.3207,-72.05,250,200,20.0
1770114053.0110493,-3.5033,-72.89,250,200,20.0
1770114053.0850933,-3.3732,-72.18,250,200,20.0
1770114053.1680415,-3.3020,-71.83,250,200,20.0
1770114053.253382,-3.3858,-72.29,250,200,20.0
1770114053.3381307,-3.4416,-72.74,250,200,20.0
1770114053.423245,-3.3690,-72.20,250,200,20.0
1770114053.5062523,-3.4915,-72.96,250,200,20.0
1770114053.5892646,-3.5543,-73.16,250,200,20.0
1770114053.665805,-3.5119,-73.01,250,200,20.0
1770114053.7496684,-3.4729,-72.69,250,200,20.0
1770114053.834962,-3.5165,-72.95,250,200,20.0
1770114053.9171312,-3.5627,-73.36,250,200,20.0
1770114054.0026414,-3.3873,-72.40,250,200,20.0
1770114054.0867186,-3.3626,-72.15,250,200,20.0
1770114054.1702611,-3.4303,-72.64,250,200,20.0
1770114054.2548018,-3.6005,-73.51,250,200,20.0
1770114054.3271008,-3.3584,-72.18,250,200,20.0
1770114054.41183,-3.4311,-72.63,250,200,20.0
1770114054.495472,-3.4292,-72.57,250,200,20.0
1770114054.5787654,-3.4711,-72.76,250,200,20.0
1770114054.6626728,-3.5123,-73.05,250,200,20.0
1770114054.749009,-3.3121,-71.89,250,200,20.0
1770114054.8319926,-3.5120,-73.02,250,200,20.0
1770114054.9148023,-3.4066,-72.42,250,200,20.0
1770114054.9982543,-3.4965,-72.85,250,200,20.0
1770114055.08148,-3.5651,-73.23,250,200,20.0
1770114055.1639667,-3.4595,-72.69,250,200,20.0
1770114055.2473612,-3.5987,-73.44,250,200,20.0
1770114055.3310053,-3.5194,-73.03,250,200,20.0
1770114055.414573,-3.5136,-72.95,250,200,20.0
1770114055.4977193,-3.4399,-72.52,250,200,20.0
1770114055.5823843,-3.4403,-72.56,250,200,20.0
1770114055.6533597,-3.3861,-72.50,250,200,20.0
1770114055.74713,-3.4623,-72.60,250,200,20.0
1770114055.830394,-3.3721,-72.21,250,200,20.0
1770114055.91428,-3.3822,-72.37,250,200,20.0
1770114055.9971075,-3.3919,-72.35,250,200,20.0
1770114056.0802834,-3.5065,-72.86,250,200,20.0
1770114056.1527095,-3.5504,-73.15,250,200,20.0
1770114056.247471,-3.5389,-73.10,250,200,20.0
1770114056.3201852,-3.4985,-72.85,250,200,20.0
1770114056.4033806,-3.3670,-72.16,250,200,20.0
1770114056.4869132,-3.3777,-72.25,250,200,20.0
1770114056.5701015,-3.4780,-72.70,250,200,20.0
1770114056.6535256,-3.4463,-72.68,250,200,20.0
1770114056.7367883,-3.3665,-72.20,250,200,20.0
1770114056.8221054,-3.6022,-73.42,250,200,20.0
1770114056.9081416,-3.4129,-72.58,250,200,20.0
1770114056.9883313,-3.3459,-72.03,250,200,20.0
1770114057.0720236,-3.3877,-72.36,250,200,20.0
1770114057.1551654,-3.4611,-72.77,250,200,20.0
1770114057.2389438,-3.5083,-72.85,250,200,20.0
1770114057.3217032,-3.5471,-73.17,250,200,20.0
1770114057.4055252,-3.3809,-72.31,250,200,20.0
1770114057.4873996,-3.3411,-72.09,250,200,20.0
1770114057.5710213,-3.4006,-72.46,250,200,20.0
1770114057.6547072,-3.5018,-72.86,250,200,20.0
1770114057.7371178,-3.5034,-73.11,250,200,20.0
1770114057.8203251,-3.4405,-72.71,250,200,20.0
1770114057.9031575,-3.4795,-72.78,250,200,20.0
1770114057.9864829,-3.4336,-72.78,250,200,20.0
1770114058.0693612,-3.5109,-73.02,250,200,20.0
1770114058.1520832,-3.5303,-73.04,250,200,20.0
1770114058.2352264,-3.3848,-72.27,250,200,20.0
1770114058.318912,-3.4992,-73.09,250,200,20.0
1770114058.4015505,-3.4102,-72.51,250,200,20.0
1770114058.4846907,-3.5127,-73.16,250,200,20.0
1770114058.5683136,-3.5750,-73.33,250,200,20.0
1770114058.6537058,-3.5045,-73.13,250,200,20.0
1770114058.736843,-3.4139,-72.52,250,200,20.0
1770114058.808911,-3.4541,-72.82,250,200,20.0
1770114058.893056,-3.4978,-72.89,250,200,20.0
1770114058.975751,-3.4213,-72.56,250,200,20.0
1770114059.0587935,-3.4252,-72.54,250,200,20.0
1770114059.1541252,-3.3935,-72.38,250,200,20.0
1770114059.2373228,-3.4232,-72.50,250,200,20.0
1770114059.3111703,-3.4433,-72.57,250,200,20.0
1770114059.394353,-3.5241,-73.06,250,200,20.0
1770114059.477873,-3.3567,-72.31,250,200,20.0
1770114059.5611224,-3.3249,-72.02,250,200,20.0
1770114059.6454167,-3.4446,-72.77,250,200,20.0
1770114059.7279074,-3.4941,-72.83,250,200,20.0
1770114059.810925,-3.4211,-72.59,250,200,20.0
1770114059.891633,-3.4258,-72.45,250,200,20.0
1770114059.963938,-3.4150,-72.53,250,200,20.0
1770114060.04674,-3.3555,-72.17,250,200,20.0
1770114060.1289413,-3.4954,-72.91,250,200,20.0
1770114060.2124534,-3.4985,-72.89,250,200,20.0
1770114060.2871299,-3.4742,-72.78,250,200,20.0
1770114060.3694258,-3.5892,-73.43,250,200,20.0
1770114060.4519958,-3.5128,-73.10,250,200,20.0
1770114060.534303,-3.4923,-72.84,250,200,20.0
1770114060.6168952,-3.5074,-72.95,250,200,20.0
1770114060.6993139,-3.4929,-72.79,250,200,20.0
1770114060.7817764,-3.4417,-72.66,250,200,20.0
1770114060.8642797,-3.5433,-73.07,250,200,20.0
1770114060.946834,-3.5263,-72.95,250,200,20.0
1770114061.0295162,-3.5404,-73.02,250,200,20.0
1770114061.1116204,-3.5200,-73.06,250,200,20.0
1770114061.1954925,-3.5219,-73.04,250,200,20.0
1770114061.2766922,-3.4848,-72.78,250,200,20.0
1770114061.3593512,-3.5127,-72.92,250,200,20.0
1770114061.4422772,-3.4554,-72.72,250,200,20.0
1770114061.5245326,-3.3506,-72.21,250,200,20.0
1770114061.6072218,-3.3621,-72.25,250,200,20.0
1770114061.689639,-3.5366,-73.09,250,200,20.0
1770114061.7724347,-3.4597,-72.63,250,200,20.0
1770114061.8548148,-3.4121,-72.51,250,200,20.0
1770114061.937616,-3.5852,-73.46,250,200,20.0
1770114062.020391,-3.4821,-72.78,250,200,20.0
1770114062.1031096,-3.4296,-72.63,250,200,20.0
1770114062.1854,-3.4552,-72.71,250,200,20.0
1770114062.2682774,-3.5582,-73.33,250,200,20.0
1770114062.3506389,-3.5195,-73.01,250,200,20.0
1770114062.4335847,-3.5156,-73.00,250,200,20.0
1770114062.5156524,-3.5402,-73.24,250,200,20.0
1770114062.5985138,-3.5640,-73.47,250,200,20.0
1770114062.680993,-3.4998,-73.14,250,200,20.0
1770114062.7637138,-3.5509,-73.21,250,200,20.0
1770114062.8462267,-3.3415,-72.11,250,200,20.0
1770114062.9191153,-3.5022,-72.99,250,200,20.0
1770114063.0014298,-3.4314,-72.48,250,200,20.0
1770114063.0840209,-3.5283,-73.04,250,200,20.0
1770114063.1665957,-3.5478,-73.14,250,200,20.0
1770114063.2488363,-3.4754,-72.72,250,200,20.0
1770114063.3315454,-3.4743,-72.71,250,200,20.0
1770114063.4143605,-3.4576,-72.64,250,200,20.0
1770114063.4963758,-3.4648,-72.60,250,200,20.0
1770114063.5787537,-3.4387,-72.57,250,200,20.0
1770114063.6609817,-3.3208,-71.95,250,200,20.0
1770114063.7434049,-3.3435,-72.12,250,200,20.0
1770114063.8258593,-3.3967,-72.35,250,200,20.0
1770114063.9084067,-3.4728,-72.71,250,200,20.0
1770114063.9908817,-3.3055,-71.87,250,200,20.0
1770114064.0732193,-3.4821,-72.78,250,200,20.0
1770114064.1557026,-3.4417,-72.51,250,200,20.0
1770114064.23819,-3.4837,-72.75,250,200,20.0
1770114064.3207314,-3.5364,-73.01,250,200,20.0
1770114064.4080098,-3.3528,-72.12,250,200,20.0
1770114064.4911957,-3.3941,-72.45,250,200,20.0
1770114064.5625806,-3.4638,-72.65,250,200,20.0
1770114064.6476128,-3.3741,-72.25,250,200,20.0
1770114064.7276092,-3.4601,-72.61,250,200,20.0
1770114064.8106341,-3.5705,-73.31,250,200,20.0
1770114064.908808,-3.3444,-72.01,250,200,20.0
1770114064.9896991,-3.4459,-72.67,250,200,20.0
1770114065.0726416,-3.3603,-72.22,250,200,20.0
1770114065.1555133,-3.4968,-72.89,250,200,20.0
1770114065.238598,-3.4643,-72.63,250,200,20.0
1770114065.322225,-3.3715,-72.28,250,200,20.0
1770114065.3946798,-3.4311,-72.72,250,200,20.0
1770114065.4783869,-3.3751,-72.23,250,200,20.0
1770114065.562444,-3.4639,-72.68,250,200,20.0
1770114065.6471736,-3.3819,-72.30,250,200,20.0
1770114065.7296715,-3.4437,-72.63,250,200,20.0
1770114065.8129718,-3.3566,-72.17,250,200,20.0
1770114065.8948884,-3.5101,-72.98,250,200,20.0
1770114065.9781554,-3.3383,-72.04,250,200,20.0
1770114066.0623815,-3.5443,-73.07,250,200,20.0
1770114066.145593,-3.4113,-72.48,250,200,20.0
1770114066.2191887,-3.3468,-72.14,250,200,20.0
1770114066.3018878,-3.3696,-72.19,250,200,20.0
1770114066.3870192,-3.3709,-72.23,250,200,20.0
1770114066.469996,-3.3318,-71.98,250,200,20.0
1770114066.5537314,-3.3838,-72.31,250,200,20.0
1770114066.6371243,-3.4302,-72.64,250,200,20.0
1770114066.7194026,-3.5488,-73.19,250,200,20.0
1770114066.8032598,-3.4631,-72.73,250,200,20.0
1770114066.8868444,-3.3289,-72.04,250,200,20.0
1770114066.9604003,-3.4388,-72.60,250,200,20.0
1770114067.0480738,-3.3583,-72.11,250,200,20.0
1770114067.1317637,-3.3899,-72.30,250,200,20.0
1770114067.2051587,-3.4442,-72.57,250,200,20.0
1770114067.288791,-3.3094,-71.83,250,200,20.0
1770114067.371773,-3.3283,-72.00,250,200,20.0
1770114067.4574294,-3.3674,-72.15,250,200,20.0
1770114067.5397654,-3.4070,-72.46,250,200,20.0
1770114067.6225672,-3.4046,-72.42,250,200,20.0
1770114067.704619,-3.3586,-72.18,250,200,20.0
1770114067.7887466,-3.3282,-72.01,250,200,20.0
1770114067.87228,-3.4007,-72.34,250,200,20.0
1770114067.9546533,-3.3851,-72.28,250,200,20.0
1770114068.0279605,-3.3629,-72.21,250,200,20.0
1770114068.1121054,-3.3540,-72.13,250,200,20.0
1770114068.1968193,-3.4699,-72.72,250,200,20.0
1770114068.2792351,-3.4679,-72.67,250,200,20.0
1770114068.3623335,-3.3606,-72.20,250,200,20.0
1770114068.4451556,-3.5156,-72.97,250,200,20.0
1770114068.5282214,-3.4531,-72.52,250,200,20.0
1770114068.610402,-3.4366,-72.55,250,200,20.0
1770114068.6935842,-3.5748,-73.26,250,200,20.0
1770114068.7668507,-3.4610,-72.69,250,200,20.0
1770114068.8613532,-3.5889,-73.34,250,200,20.0
1770114068.9335122,-3.4837,-72.75,250,200,20.0
1770114069.0179434,-3.5234,-72.94,250,200,20.0
1770114069.0981367,-3.4247,-72.52,250,200,20.0
1770114069.1691964,-3.3922,-72.29,250,200,20.0
1770114069.2516794,-3.3499,-72.01,250,200,20.0
1770114069.3342047,-3.4688,-72.65,250,200,20.0
1770114069.416812,-3.4065,-72.32,250,200,20.0
1770114069.4991658,-3.3221,-71.94,250,200,20.0
1770114069.581649,-3.4121,-72.43,250,200,20.0
1770114069.6642652,-3.3806,-72.27,250,200,20.0
1770114069.7467952,-3.5222,-72.99,250,200,20.0
1770114069.8292637,-3.4857,-72.73,250,200,20.0
1770114069.911728,-3.3758,-72.28,250,200,20.0
1770114069.9942582,-3.3362,-72.02,250,200,20.0
1770114070.076936,-3.3865,-72.23,250,200,20.0
1770114070.159466,-3.4013,-72.32,250,200,20.0
1770114070.2420602,-3.3589,-72.03,250,200,20.0
1770114070.3243666,-3.3090,-71.82,250,200,20.0
1770114070.4068727,-3.5350,-73.08,250,200,20.0
1770114070.4902031,-3.4355,-72.69,250,200,20.0
1770114070.5722604,-3.4260,-72.57,250,200,20.0
1770114070.6547453,-3.4635,-72.71,250,200,20.0
1770114070.7373075,-3.4146,-72.49,250,200,20.0
1770114070.820076,-3.3079,-71.87,250,200,20.0
1770114070.90255,-3.3550,-72.12,250,200,20.0
1770114070.9861355,-3.3095,-71.81,250,200,20.0
1770114071.0676987,-3.3801,-72.19,250,200,20.0
1770114071.1503716,-3.3901,-72.34,250,200,20.0
1770114071.2330794,-3.3360,-72.05,250,200,20.0
1770114071.316334,-3.4331,-72.42,250,200,20.0
1770114071.3993583,-3.4694,-72.64,250,200,20.0
1770114071.4817736,-3.3748,-72.28,250,200,20.0
1770114071.5537975,-3.3538,-72.21,250,200,20.0
1770114071.6362507,-3.4022,-72.52,250,200,20.0
1770114071.7189984,-3.3588,-72.13,250,200,20.0
1770114071.8013084,-3.4003,-72.39,250,200,20.0
1770114071.883802,-3.5138,-72.99,250,200,20.0
1770114071.96621,-3.3579,-72.24,250,200,20.0
1770114072.0486612,-3.3718,-72.19,250,200,20.0
1770114072.1311245,-3.4446,-72.50,250,200,20.0
1770114072.2135487,-3.3541,-72.20,250,200,20.0
1770114072.2961175,-3.4577,-72.79,250,200,20.0
1770114072.3784459,-3.4929,-72.76,250,200,20.0
1770114072.4608088,-3.4240,-72.53,250,200,20.0
1770114072.543168,-3.3380,-71.99,250,200,20.0
1770114072.6255326,-3.4078,-72.52,250,200,20.0
1770114072.708195,-3.3797,-72.42,250,200,20.0
1770114072.8025708,-3.3590,-72.17,250,200,20.0
1770114072.8745484,-3.2822,-71.75,250,200,20.0
1770114072.9562378,-3.4936,-72.84,250,200,20.0
1770114073.038744,-3.3309,-72.04,250,200,20.0
1770114073.1211877,-3.4150,-72.63,250,200,20.0
1770114073.2038012,-3.3772,-72.26,250,200,20.0
1770114073.2871897,-3.4716,-72.69,250,200,20.0
1770114073.3693612,-3.3843,-72.29,250,200,20.0
1770114073.4517465,-3.4091,-72.33,250,200,20.0
1770114073.534886,-3.3331,-72.04,250,200,20.0
1770114073.6176763,-3.3823,-72.23,250,200,20.0
1770114073.699857,-3.4005,-72.33,250,200,20.0
1770114073.7828977,-3.3524,-72.08,250,200,20.0
1770114073.8663213,-3.3403,-71.99,250,200,20.0
1770114073.9510403,-3.5162,-72.93,250,200,20.0
1770114074.0227911,-3.4091,-72.43,250,200,20.0
1770114074.1216586,-3.4252,-72.60,250,200,20.0
1770114074.2027512,-3.3792,-72.28,250,200,20.0
1770114074.2752447,-3.3756,-72.21,250,200,20.0
1770114074.3608198,-3.4122,-72.42,250,200,20.0
1770114074.4444919,-3.3682,-72.17,250,200,20.0
1770114074.531624,-3.4104,-72.51,250,200,20.0
1770114074.6126645,-3.5849,-73.35,250,200,20.0
1770114074.696247,-3.3693,-72.29,250,200,20.0
1770114074.7810123,-3.3462,-72.15,250,200,20.0
1770114074.8544657,-3.3658,-72.11,250,200,20.0
1770114074.9390342,-3.4018,-72.39,250,200,20.0
1770114075.020627,-3.4939,-72.85,250,200,20.0
1770114075.1021838,-3.4747,-72.72,250,200,20.0
1770114075.1733868,-3.5775,-73.26,250,200,20.0
1770114075.2560205,-3.4270,-72.63,250,200,20.0
1770114075.3385346,-3.4095,-72.48,250,200,20.0
1770114075.4209995,-3.3908,-72.33,250,200,20.0
1770114075.5034869,-3.3230,-71.89,250,200,20.0
1770114075.5860624,-3.4183,-72.51,250,200,20.0
1770114075.668489,-3.4980,-72.94,250,200,20.0
1770114075.751572,-3.3966,-72.47,250,200,20.0
1770114075.833479,-3.2986,-71.77,250,200,20.0
1770114075.9160612,-3.2895,-71.74,250,200,20.0
1770114075.9984443,-3.3847,-72.38,250,200,20.0
1770114076.0808926,-3.3638,-72.18,250,200,20.0
1770114076.1633909,-3.3375,-72.05,250,200,20.0
1770114076.2459047,-3.3934,-72.35,250,200,20.0
1770114076.328805,-3.3706,-72.21,250,200,20.0
1770114076.4110734,-3.3976,-72.47,250,200,20.0
1770114076.4934442,-3.5255,-73.08,250,200,20.0
1770114076.5758467,-3.4343,-72.71,250,200,20.0
1770114076.6585364,-3.4350,-72.70,250,200,20.0
1770114076.7410574,-3.4715,-72.99,250,200,20.0
1770114076.823347,-3.4568,-72.80,250,200,20.0
1770114076.905831,-3.5486,-73.40,250,200,20.0
1770114076.9883156,-3.6894,-74.02,250,200,20.0
1770114077.0808794,-6.4891,-78.56,250,200,20.0
1770114077.1626453,-3.5432,-73.32,250,200,20.0
1770114077.2551603,-2.8313,-69.11,250,200,20.0
1770114077.3581042,-2.8973,-70.03,250,200,20.0
1770114077.4616966,-2.5113,-66.17,250,200,20.0
1770114077.5649188,-3.7458,-73.95,250,200,20.0
1770114077.658544,-4.1776,-71.78,250,200,20.0
1770114077.7617967,1.2008,39.83,-250,200,20.0
1770114077.8649404,1.0494,32.63,-250,200,20.0
1770114077.9671116,1.4043,4.30,-250,475,47.5
1770114078.059642,1.5556,11.02,-250,267,26.7
1770114078.1621287,1.5681,10.47,-250,283,28.4
1770114078.244049,-3.6445,-73.95,250,200,20.0
1770114078.3369398,-3.6551,-73.93,250,200,20.0
1770114078.419034,-3.5905,-73.57,250,200,20.0
1770114078.501908,-3.7396,-74.25,250,200,20.0
1770114078.5837703,-3.7072,-74.07,250,200,20.0
1770114078.6769073,-3.6237,-73.84,250,200,20.0
1770114078.7605634,-3.5509,-73.39,250,200,20.0
1770114078.843401,-3.5666,-73.48,250,200,20.0
1770114078.9262078,-3.5728,-73.45,250,200,20.0
1770114079.0002403,-3.5625,-73.41,250,200,20.0
1770114079.0934062,-3.6530,-73.74,250,200,20.0
1770114079.167039,-3.5758,-73.26,250,200,20.0
1770114079.2499104,-3.4950,-72.97,250,200,20.0
1770114079.332903,-3.6743,-73.88,250,200,20.0
1770114079.4263163,-3.5612,-73.25,250,200,20.0
1770114079.5095153,-3.4189,-72.47,250,200,20.0
1770114079.5812902,-3.4909,-73.00,250,200,20.0
1770114079.663644,-3.5532,-73.16,250,200,20.0
1770114079.7462049,-3.4375,-72.44,250,200,20.0
1770114079.8286455,-3.4500,-72.74,250,200,20.0
1770114079.9112918,-3.5734,-73.27,250,200,20.0
1770114079.9936929,-3.5146,-72.92,250,200,20.0
1770114080.0761716,-3.5022,-72.84,250,200,20.0
1770114080.1741753,-3.4324,-72.49,250,200,20.0
1770114080.255994,-3.4909,-72.72,250,200,20.0
1770114080.3397915,-3.3920,-72.27,250,200,20.0
1770114080.4219592,-3.4178,-72.31,250,200,20.0
1770114080.504543,-3.4697,-72.63,250,200,20.0
1770114080.5872147,-3.4691,-72.63,250,200,20.0
1770114080.6712484,-3.5300,-72.94,250,200,20.0
1770114080.754005,-3.3982,-72.33,250,200,20.0
1770114080.8287582,-3.4099,-72.30,250,200,20.0
1770114080.9150999,-3.3227,-71.90,250,200,20.0
1770114080.9977763,-3.4984,-72.80,250,200,20.0
1770114081.0811489,-3.5057,-72.80,250,200,20.0
1770114081.1644862,-3.3949,-72.32,250,200,20.0
1770114081.2482402,-3.4947,-72.76,250,200,20.0
1770114081.3325825,-3.4938,-72.78,250,200,20.0
1770114081.415601,-3.4529,-72.51,250,200,20.0
1770114081.489723,-3.4823,-72.74,250,200,20.0
1770114081.5750985,-3.5077,-72.89,250,200,20.0
1770114081.6577795,-3.4810,-72.66,250,200,20.0
1770114081.7425137,-3.4565,-72.57,250,200,20.0
1770114081.8256721,-3.3610,-72.13,250,200,20.0
1770114081.9001086,-3.4214,-72.31,250,200,20.0
1770114081.9921818,-3.4996,-72.80,250,200,20.0
1770114082.0655956,-3.4267,-72.31,250,200,20.0
1770114082.1497114,-3.4225,-72.51,250,200,20.0
1770114082.2366045,-3.3801,-72.19,250,200,20.0
1770114082.3191333,-3.3942,-72.31,250,200,20.0
1770114082.3904223,-3.3964,-72.29,250,200,20.0
1770114082.4727952,-3.4990,-72.88,250,200,20.0
1770114082.555213,-3.4643,-72.57,250,200,20.0
1770114082.6375163,-3.4462,-72.53,250,200,20.0
1770114082.7202675,-3.4216,-72.49,250,200,20.0
1770114082.8031564,-3.3647,-72.13,250,200,20.0
1770114082.8852248,-3.4584,-72.51,250,200,20.0
1770114082.9677854,-3.3772,-72.15,250,200,20.0
1770114083.0505881,-3.5172,-72.87,250,200,20.0
1770114083.1326911,-3.4217,-72.45,250,200,20.0
1770114083.2150996,-3.3473,-71.97,250,200,20.0
1770114083.2976346,-3.3476,-72.02,250,200,20.0
1770114083.3802006,-3.3832,-72.28,250,200,20.0
1770114083.463463,-3.3973,-72.37,250,200,20.0
1770114083.545133,-3.3724,-72.19,250,200,20.0
1770114083.6278455,-3.3949,-72.33,250,200,20.0
1770114083.7100375,-3.4426,-72.65,250,200,20.0
1770114083.7926815,-3.4156,-72.47,250,200,20.0
1770114083.875202,-3.3902,-72.29,250,200,20.0
1770114083.9578989,-3.3779,-72.33,250,200,20.0
1770114084.0400772,-3.3680,-72.15,250,200,20.0
1770114084.1224587,-3.3977,-72.33,250,200,20.0
1770114084.2050552,-3.3896,-72.29,250,200,20.0
1770114084.287476,-3.4970,-72.88,250,200,20.0
1770114084.3711174,-3.4330,-72.45,250,200,20.0
1770114084.45247,-3.4418,-72.57,250,200,20.0
1770114084.5348988,-3.3248,-71.97,250,200,20.0
1770114084.6173522,-3.3517,-72.03,250,200,20.0
1770114084.6998606,-3.3796,-72.17,250,200,20.0
1770114084.7822654,-3.3952,-72.29,250,200,20.0
1770114084.8647854,-3.5347,-73.08,250,200,20.0
1770114084.9473794,-3.4672,-72.59,250,200,20.0
1770114085.0298407,-3.3987,-72.29,250,200,20.0
1770114085.1121967,-3.3772,-72.19,250,200,20.0
1770114085.1948903,-3.3900,-72.26,250,200,20.0
1770114085.2776334,-3.4899,-72.77,250,200,20.0
1770114085.3598115,-3.3376,-71.98,250,200,20.0
1770114085.442284,-3.4596,-72.58,250,200,20.0
1770114085.5247555,-3.5041,-72.85,250,200,20.0
1770114085.6072223,-3.3856,-72.29,250,200,20.0
1770114085.6897163,-3.3847,-72.23,250,200,20.0
1770114085.7719486,-3.3716,-72.22,250,200,20.0
1770114085.8545876,-3.4557,-72.50,250,200,20.0
1770114085.937063,-3.4811,-72.65,250,200,20.0
1770114086.0194066,-3.3234,-71.90,250,200,20.0
1770114086.101803,-3.4411,-72.52,250,200,20.0
1770114086.1844923,-3.4526,-72.57,250,200,20.0
1770114086.2668235,-3.4755,-72.70,250,200,20.0
1770114086.3498416,-3.4438,-72.47,250,200,20.0
1770114086.4317415,-3.3594,-72.09,250,200,20.0
1770114086.5144837,-3.3282,-71.85,250,200,20.0
1770114086.596974,-3.3659,-72.20,250,200,20.0
1770114086.6792881,-3.3121,-71.87,250,200,20.0
1770114086.7623603,-3.3600,-72.17,250,200,20.0
1770114086.8443143,-3.4724,-72.73,250,200,20.0
1770114086.926943,-3.4585,-72.61,250,200,20.0
1770114087.0098422,-3.4013,-72.34,250,200,20.0
1770114087.0918581,-3.4542,-72.58,250,200,20.0
1770114087.174231,-3.3560,-72.08,250,200,20.0
1770114087.2567596,-3.3797,-72.23,250,200,20.0
1770114087.3530083,-3.3680,-72.14,250,200,20.0
1770114087.426181,-3.4354,-72.41,250,200,20.0
1770114087.5101016,-3.3686,-72.16,250,200,20.0
1770114087.5932593,-3.4722,-72.67,250,200,20.0
1770114087.6781292,-3.4694,-72.60,250,200,20.0
1770114087.761068,-3.4443,-72.56,250,200,20.0
1770114087.8442695,-3.3551,-71.99,250,200,20.0
1770114087.927102,-3.3180,-71.81,250,200,20.0
1770114088.0120878,-3.3507,-71.98,250,200,20.0
1770114088.094194,-3.4056,-72.17,250,200,20.0
1770114088.1678655,-3.4149,-72.45,250,200,20.0
1770114088.251962,-3.3491,-71.95,250,200,20.0
1770114088.3360023,-3.4105,-72.39,250,200,20.0
1770114088.420697,-3.4209,-72.43,250,200,20.0
1770114088.5031621,-3.3912,-72.28,250,200,20.0
1770114088.5860205,-3.3744,-72.08,250,200,20.0
1770114088.6690912,-3.4065,-72.22,250,200,20.0
1770114088.7528667,-3.3424,-72.04,250,200,20.0
1770114088.8357494,-3.3815,-72.21,250,200,20.0
1770114088.9082475,-3.4438,-72.48,250,200,20.0
1770114088.991164,-3.4519,-72.55,250,200,20.0
1770114089.0758662,-3.4271,-72.53,250,200,20.0
1770114089.1615043,-3.4002,-72.39,250,200,20.0
1770114089.2451577,-3.4682,-72.65,250,200,20.0
1770114089.3281975,-3.3218,-71.94,250,200,20.0
1770114089.411894,-3.3467,-72.04,250,200,20.0
1770114089.4948845,-3.3415,-71.99,250,200,20.0
1770114089.5783846,-3.4127,-72.33,250,200,20.0
1770114089.662119,-3.3841,-72.12,250,200,20.0
1770114089.7357237,-3.3801,-72.09,250,200,20.0
1770114089.818292,-3.4292,-72.41,250,200,20.0
1770114089.8894236,-3.4361,-72.48,250,200,20.0
1770114089.9719129,-3.3912,-72.21,250,200,20.0
1770114090.0547023,-3.3788,-72.15,250,200,20.0
1770114090.1370242,-3.4282,-72.35,250,200,20.0
1770114090.2194405,-3.4629,-72.67,250,200,20.0
1770114090.3022656,-3.4562,-72.52,250,200,20.0
1770114090.3844314,-3.4777,-72.73,250,200,20.0
1770114090.4671197,-3.2932,-71.68,250,200,20.0
1770114090.549484,-3.3612,-71.96,250,200,20.0
1770114090.631808,-3.4121,-72.30,250,200,20.0
1770114090.714235,-3.4488,-72.49,250,200,20.0
1770114090.7967718,-3.3348,-71.91,250,200,20.0
1770114090.879279,-3.4177,-72.32,250,200,20.0
1770114090.9618237,-3.3914,-72.27,250,200,20.0
1770114091.0441492,-3.3597,-72.09,250,200,20.0
1770114091.1267223,-3.4359,-72.47,250,200,20.0
1770114091.2092588,-3.3997,-72.28,250,200,20.0
1770114091.291764,-3.4888,-72.70,250,200,20.0
1770114091.3745985,-3.4300,-72.43,250,200,20.0
1770114091.4568837,-3.3071,-71.76,250,200,20.0
1770114091.539005,-3.3376,-71.88,250,200,20.0
1770114091.6214793,-3.4578,-72.54,250,200,20.0
1770114091.7038703,-3.3322,-71.92,250,200,20.0
1770114091.7864475,-3.4440,-72.59,250,200,20.0
1770114091.8692234,-3.4594,-72.62,250,200,20.0
1770114091.9513247,-3.4626,-72.59,250,200,20.0
1770114092.0337193,-3.4268,-72.38,250,200,20.0
1770114092.116214,-3.3768,-72.22,250,200,20.0
1770114092.1986134,-3.4414,-72.49,250,200,20.0
1770114092.2814581,-3.3902,-72.25,250,200,20.0
1770114092.3635085,-3.4887,-72.78,250,200,20.0
1770114092.4459283,-3.4425,-72.52,250,200,20.0
1770114092.5283744,-3.5036,-72.83,250,200,20.0
1770114092.6107802,-3.3700,-72.28,250,200,20.0
1770114092.704457,-3.4297,-72.47,250,200,20.0
1770114092.7760665,-3.4413,-72.58,250,200,20.0
1770114092.8586912,-3.4799,-72.72,250,200,20.0
1770114092.9414182,-3.3328,-71.97,250,200,20.0
1770114093.023396,-3.3785,-72.18,250,200,20.0
1770114093.1058853,-3.3304,-71.97,250,200,20.0
1770114093.189071,-3.2759,-71.60,250,200,20.0
1770114093.270747,-3.3009,-71.75,250,200,20.0
1770114093.353522,-3.2576,-71.50,250,200,20.0
1770114093.4356813,-3.3718,-72.15,250,200,20.0
1770114093.5181613,-3.3663,-72.11,250,200,20.0
1770114093.6006098,-3.3540,-72.09,250,200,20.0
1770114093.683008,-3.3637,-72.17,250,200,20.0
1770114093.7654305,-3.3079,-71.88,250,200,20.0
1770114093.8479187,-3.3557,-72.11,250,200,20.0
1770114093.9302933,-3.3391,-72.02,250,200,20.0
1770114094.0127218,-3.3090,-71.90,250,200,20.0
1770114094.095122,-3.3041,-71.93,250,200,20.0
1770114094.1772926,-3.2881,-71.70,250,200,20.0
1770114094.2713754,-3.2431,-71.42,250,200,20.0
1770114094.342244,-3.2350,-71.33,250,200,20.0
1770114094.4359944,-3.4208,-72.41,250,200,20.0
1770114094.5076866,-3.3282,-71.97,250,200,20.0
1770114094.6034207,-3.2520,-71.53,250,200,20.0
1770114094.6729147,-3.2300,-71.39,250,200,20.0
1770114094.7552376,-3.2274,-71.21,250,200,20.0
1770114094.852358,-3.2714,-71.52,250,200,20.0
1770114094.9347942,-3.2425,-71.30,250,200,20.0
1770114095.018234,-3.3785,-72.18,250,200,20.0
1770114095.1008186,-3.3707,-72.04,250,200,20.0
1770114095.1850462,-3.2674,-71.59,250,200,20.0
1770114095.267976,-3.2552,-71.39,250,200,20.0
1770114095.3529727,-3.2735,-71.59,250,200,20.0
1770114095.425428,-3.2249,-71.32,250,200,20.0
1770114095.5091462,-3.2827,-71.64,250,200,20.0
1770114095.5926435,-3.2649,-71.48,250,200,20.0
1770114095.6764312,-3.3165,-71.89,250,200,20.0
1770114095.760394,-3.2339,-71.37,250,200,20.0
1770114095.8436754,-3.3057,-71.83,250,200,20.0
1770114095.9266684,-3.3111,-71.94,250,200,20.0
1770114095.9988778,-3.2981,-71.77,250,200,20.0
1770114096.093797,-3.3225,-71.90,250,200,20.0
1770114096.177733,-3.3671,-72.10,250,200,20.0
1770114096.251377,-3.4006,-72.25,250,200,20.0
1770114096.334974,-3.3215,-71.71,250,200,20.0
1770114096.4185057,-3.2227,-71.20,250,200,20.0
1770114096.5016322,-3.3824,-72.12,250,200,20.0
1770114096.5855806,-3.3905,-72.17,250,200,20.0
1770114096.668421,-3.3231,-71.93,250,200,20.0
1770114096.750917,-3.2793,-71.65,250,200,20.0
1770114096.8338332,-3.3058,-71.79,250,200,20.0
1770114096.9111254,-3.2668,-71.56,250,200,20.0
1770114096.996499,-3.2795,-71.64,250,200,20.0
1770114097.0807898,-3.2333,-71.38,250,200,20.0
1770114097.1633408,-3.2750,-71.60,250,200,20.0
1770114097.238264,-3.3026,-71.79,250,200,20.0
1770114097.3213623,-3.2955,-71.78,250,200,20.0
1770114097.4060407,-3.3024,-71.78,250,200,20.0
1770114097.4903517,-3.3290,-71.97,250,200,20.0
1770114097.5734317,-3.2730,-71.60,250,200,20.0
1770114097.657173,-3.3246,-71.90,250,200,20.0
1770114097.7402592,-3.2698,-71.52,250,200,20.0
1770114097.8254223,-3.2598,-71.48,250,200,20.0
1770114097.8973184,-3.3633,-72.08,250,200,20.0
1770114097.9806232,-3.4050,-72.29,250,200,20.0
1770114098.06495,-3.4121,-72.35,250,200,20.0
1770114098.1477818,-3.3135,-71.72,250,200,20.0
1770114098.2285085,-3.3356,-71.99,250,200,20.0
1770114098.3001745,-3.4217,-72.46,250,200,20.0
1770114098.393783,-3.4157,-72.45,250,200,20.0
1770114098.4654088,-3.3739,-72.05,250,200,20.0
1770114098.5476406,-3.2966,-71.72,250,200,20.0
1770114098.6299229,-3.2556,-71.42,250,200,20.0
1770114098.7123928,-3.3168,-71.88,250,200,20.0
1770114098.7948644,-3.2662,-71.57,250,200,20.0
1770114098.8773139,-2.1958,-63.27,250,200,20.0
1770114098.9598691,-3.2813,-71.63,250,200,20.0
1770114099.0421143,-3.3708,-72.03,250,200,20.0
1770114099.124567,-3.2851,-71.58,250,200,20.0
1770114099.2072022,-3.2091,-71.14,250,200,20.0
1770114099.2895937,-3.3717,-72.08,250,200,20.0
1770114099.3721113,-3.3332,-71.96,250,200,20.0
1770114099.4544873,-3.3110,-71.86,250,200,20.0
1770114099.5481703,-3.2985,-71.75,250,200,20.0
1770114099.6192832,-3.4156,-72.35,250,200,20.0
1770114099.7014928,-3.3589,-72.03,250,200,20.0
1770114099.7839732,-3.4199,-72.39,250,200,20.0
1770114099.8779507,-3.3697,-72.14,250,200,20.0
1770114099.9597473,-3.3324,-71.80,250,200,20.0
1770114100.0422616,-3.2991,-71.78,250,200,20.0
1770114100.114323,-3.3182,-71.91,250,200,20.0
1770114100.2071288,-3.3867,-72.28,250,200,20.0
1770114100.2790673,-3.3658,-72.03,250,200,20.0
1770114100.3612332,-3.1902,-71.10,250,200,20.0
1770114100.4547486,-3.2838,-71.80,250,200,20.0
1770114100.5267067,-3.2846,-71.63,250,200,20.0
1770114100.6103725,-3.2788,-71.63,250,200,20.0
1770114100.6927981,-3.2404,-71.29,250,200,20.0
1770114100.7761705,-3.2409,-71.34,250,200,20.0
1770114100.861463,-3.2985,-71.70,250,200,20.0
1770114100.9443843,-3.2625,-71.45,250,200,20.0
1770114101.026423,-3.2429,-71.43,250,200,20.0
1770114101.1090827,-3.2936,-71.74,250,200,20.0
1770114101.1920707,-3.2112,-71.18,250,200,20.0
1770114101.2738118,-3.3776,-72.23,250,200,20.0
1770114101.3563511,-3.3149,-71.85,250,200,20.0
1770114101.4388545,-3.3502,-72.05,250,200,20.0
1770114101.5213397,-3.3484,-72.14,250,200,20.0
1770114101.6039119,-3.4170,-72.37,250,200,20.0
1770114101.6864479,-3.3876,-72.21,250,200,20.0
1770114101.7688267,-3.2951,-71.65,250,200,20.0
1770114101.8513424,-3.3012,-71.81,250,200,20.0
1770114101.933848,-3.3250,-72.02,250,200,20.0
1770114102.0163505,-3.2794,-71.64,250,200,20.0
1770114102.0989883,-3.4166,-72.43,250,200,20.0
1770114102.181316,-3.3046,-71.85,250,200,20.0
1770114102.2637699,-3.2585,-71.43,250,200,20.0
1770114102.3462298,-3.2925,-71.69,250,200,20.0
1770114102.4287522,-3.2688,-71.60,250,200,20.0
1770114102.511238,-3.2417,-71.45,250,200,20.0
1770114102.5936408,-3.3744,-72.27,250,200,20.0
1770114102.6761787,-3.3697,-72.15,250,200,20.0
1770114102.7586548,-3.3439,-71.98,250,200,20.0
1770114102.8410754,-3.3596,-72.13,250,200,20.0
1770114102.9235494,-3.2650,-71.50,250,200,20.0
1770114103.0060303,-3.2882,-71.68,250,200,20.0
1770114103.088605,-3.3188,-71.87,250,200,20.0
1770114103.1711893,-3.2481,-71.48,250,200,20.0
1770114103.2682297,-3.2790,-71.68,250,200,20.0
1770114103.3413265,-3.4743,-72.70,250,200,20.0
1770114103.4251683,-3.2558,-71.55,250,200,20.0
1770114103.5092142,-3.2513,-71.50,250,200,20.0
1770114103.593701,-3.3102,-71.88,250,200,20.0
1770114103.6759362,-3.4362,-72.50,250,200,20.0
1770114103.759971,-3.3268,-71.99,250,200,20.0
1770114103.8417366,-3.4627,-72.70,250,200,20.0
1770114103.925227,-3.3556,-72.15,250,200,20.0
1770114104.008363,-3.2919,-71.71,250,200,20.0
1770114104.0918236,-3.3117,-71.84,250,200,20.0
1770114104.1660008,-3.3445,-71.97,250,200,20.0
1770114104.2475574,-3.2617,-71.58,250,200,20.0
1770114104.3311665,-3.3270,-71.87,250,200,20.0
1770114104.4146004,-3.2817,-71.70,250,200,20.0
1770114104.4986808,-3.1991,-71.19,250,200,20.0
1770114104.5828238,-3.2206,-71.30,250,200,20.0
1770114104.6659815,-3.3886,-72.18,250,200,20.0
1770114104.7483842,-3.3630,-72.12,250,200,20.0
1770114104.831719,-3.3929,-72.45,250,200,20.0
1770114104.9143286,-3.4930,-73.17,250,200,20.0
1770114104.9988196,-3.3456,-72.16,250,200,20.0
1770114105.082492,-3.4666,-72.93,250,200,20.0
1770114105.1557512,-3.4021,-72.57,250,200,20.0
1770114105.2378526,-3.3638,-72.22,250,200,20.0
1770114105.3221486,-3.6359,-73.82,250,200,20.0
1770114105.4061322,-3.3957,-72.19,250,200,20.0
1770114105.489595,-3.3890,-72.15,250,200,20.0
1770114105.5727174,-3.3986,-72.24,250,200,20.0
1770114105.6559455,-3.2939,-71.67,250,200,20.0
1770114105.738599,-3.2565,-71.43,250,200,20.0
1770114105.8216715,-3.3849,-72.12,250,200,20.0
1770114105.908518,-3.3017,-71.71,250,200,20.0
1770114105.9797804,-3.3355,-71.94,250,200,20.0
1770114106.0632455,-3.3552,-72.12,250,200,20.0
1770114106.1459064,-3.2717,-71.57,250,200,20.0
1770114106.2307665,-3.2939,-71.64,250,200,20.0
1770114106.3148482,-3.3785,-72.02,250,200,20.0
1770114106.3972797,-3.2416,-71.25,250,200,20.0
1770114106.4807017,-3.2521,-71.35,250,200,20.0
1770114106.5640717,-3.2901,-71.66,250,200,20.0
1770114106.6464093,-3.4313,-72.48,250,200,20.0
1770114106.7294328,-3.2349,-71.31,250,200,20.0
1770114106.813709,-3.3192,-71.89,250,200,20.0
1770114106.8869195,-3.3769,-72.10,250,200,20.0
1770114106.970382,-3.4654,-72.63,250,200,20.0
1770114107.0551918,-3.3427,-71.99,250,200,20.0
1770114107.1373172,-3.4427,-72.63,250,200,20.0
1770114107.2205825,-3.5241,-73.15,250,200,20.0
1770114107.3038952,-3.4714,-72.75,250,200,20.0
1770114107.388376,-3.4019,-72.30,250,200,20.0
1770114107.4710898,-3.4088,-72.34,250,200,20.0
1770114107.5533795,-3.3433,-71.99,250,200,20.0
1770114107.6363566,-3.4093,-72.20,250,200,20.0
1770114107.7303617,-3.4282,-72.40,250,200,20.0
1770114107.8151915,-3.4909,-72.79,250,200,20.0
1770114107.8968706,-3.3969,-72.27,250,200,20.0
1770114107.9807606,-3.3090,-71.94,250,200,20.0
1770114108.0749583,-3.5371,-73.16,250,200,20.0
1770114108.158271,-3.4839,-72.73,250,200,20.0
1770114108.2415981,-3.3683,-72.05,250,200,20.0
1770114108.3259952,-3.6597,-73.50,250,200,20.0
1770114108.4215014,-3.5104,-72.90,250,200,20.0
1770114108.5041962,-3.4129,-72.47,250,200,20.0
1770114108.5982401,-3.4225,-72.60,250,200,20.0
1770114108.6818273,-3.4726,-72.70,250,200,20.0
1770114108.7646677,-3.3958,-72.35,250,200,20.0
1770114108.8477168,-3.5045,-72.87,250,200,20.0
1770114108.9310656,-3.4941,-72.68,250,200,20.0
1770114109.0260942,-3.4158,-72.32,250,200,20.0
1770114109.1102705,-3.5614,-73.20,250,200,20.0
1770114109.1937203,-3.4268,-72.31,250,200,20.0
1770114109.275732,-3.4692,-72.58,250,200,20.0
1770114109.3695607,-3.4269,-72.33,250,200,20.0
1770114109.4522438,-3.5872,-73.30,250,200,20.0
1770114109.5276039,-3.5902,-73.32,250,200,20.0
1770114109.6218867,-3.4188,-72.44,250,200,20.0
1770114109.7056012,-3.2091,-71.26,250,200,20.0
1770114109.789147,-3.3102,-71.83,250,200,20.0
1770114109.8630733,-3.2859,-71.67,250,200,20.0
1770114109.9568527,-3.4609,-72.63,250,200,20.0
1770114110.0296273,-3.5200,-72.93,250,200,20.0
1770114110.1132557,-3.4703,-72.69,250,200,20.0
1770114110.2074258,-3.3025,-71.65,250,200,20.0
1770114110.2920644,-3.4641,-72.56,250,200,20.0
1770114110.3745673,-3.2952,-71.70,250,200,20.0
1770114110.4461904,-3.3394,-72.02,250,200,20.0
1770114110.5405114,-3.4649,-72.78,250,200,20.0
1770114110.6243963,-3.4526,-72.52,250,200,20.0
1770114110.708824,-3.3665,-72.15,250,200,20.0
1770114110.7924,-3.3932,-72.48,250,200,20.0
1770114110.866515,-3.4789,-72.91,250,200,20.0
1770114110.952107,-3.3249,-71.83,250,200,20.0
1770114111.036367,-3.3169,-71.76,250,200,20.0
1770114111.120354,-3.3588,-72.06,250,200,20.0
1770114111.2067738,-3.3475,-72.00,250,200,20.0
1770114111.2899232,-3.4563,-72.73,250,200,20.0
1770114111.3726716,-3.3464,-72.07,250,200,20.0
1770114111.4551182,-3.3830,-72.22,250,200,20.0
1770114111.5389223,-3.3099,-71.78,250,200,20.0
1770114111.623266,-3.3092,-71.83,250,200,20.0
1770114111.7069266,-3.3573,-72.08,250,200,20.0
1770114111.7916672,-3.4145,-72.33,250,200,20.0
1770114111.8728967,-3.3559,-72.08,250,200,20.0
1770114111.956502,-3.3724,-72.13,250,200,20.0
1770114112.0391734,-3.3243,-71.83,250,200,20.0
1770114112.1249106,-3.3876,-72.30,250,200,20.0
1770114112.2092142,-3.4767,-72.65,250,200,20.0
1770114112.2934296,-3.3136,-71.81,250,200,20.0
1770114112.3758676,-3.3342,-71.97,250,200,20.0
1770114112.4593022,-3.5281,-72.96,250,200,20.0
1770114112.541016,-3.4614,-72.72,250,200,20.0
1770114112.6254878,-3.3547,-72.06,250,200,20.0
1770114112.7093227,-3.3065,-71.84,250,200,20.0
1770114112.7934322,-3.2896,-71.68,250,200,20.0
1770114112.876303,-3.3089,-71.85,250,200,20.0
1770114112.959449,-3.3502,-72.21,250,200,20.0
1770114113.0439823,-3.3866,-72.22,250,200,20.0
1770114113.1261485,-3.4061,-72.36,250,200,20.0
1770114113.2104192,-3.3668,-72.13,250,200,20.0
1770114113.2941823,-3.3762,-72.26,250,200,20.0
1770114113.378009,-3.2825,-71.66,250,200,20.0
1770114113.4618378,-3.5540,-73.33,250,200,20.0
1770114113.5460324,-3.3531,-72.11,250,200,20.0
1770114113.6287785,-3.2679,-71.54,250,200,20.0
1770114113.7136226,-3.3816,-72.24,250,200,20.0
1770114113.7982728,-3.3638,-72.05,250,200,20.0
1770114113.8811026,-3.3401,-71.92,250,200,20.0
1770114113.9632456,-3.3105,-71.77,250,200,20.0
1770114114.0475566,-3.4957,-72.82,250,200,20.0
1770114114.1311183,-3.3488,-71.95,250,200,20.0
1770114114.2137313,-3.3748,-72.13,250,200,20.0
1770114114.3002834,-3.3829,-72.23,250,200,20.0
1770114114.3846264,-3.4972,-72.73,250,200,20.0
1770114114.465412,-3.4179,-72.32,250,200,20.0
1770114114.5486753,-3.3748,-72.26,250,200,20.0
1770114114.6330552,-3.3526,-72.04,250,200,20.0
1770114114.7169597,-3.3716,-72.05,250,200,20.0
1770114114.802171,-3.3219,-71.91,250,200,20.0
1770114114.883819,-3.3471,-71.96,250,200,20.0
1770114114.9668963,-3.4358,-72.36,250,200,20.0
1770114115.050896,-3.4389,-72.48,250,200,20.0
1770114115.1346855,-3.4463,-72.43,250,200,20.0
1770114115.2194238,-3.3496,-72.01,250,200,20.0
1770114115.3030303,-3.4417,-72.45,250,200,20.0
1770114115.3857362,-3.3331,-71.93,250,200,20.0
1770114115.4700978,-3.3406,-71.95,250,200,20.0
1770114115.552151,-3.3634,-72.13,250,200,20.0
1770114115.6366444,-3.4195,-72.29,250,200,20.0
1770114115.7210653,-3.4591,-72.53,250,200,20.0
1770114115.8057203,-3.2801,-71.58,250,200,20.0
1770114115.886452,-3.3096,-71.75,250,200,20.0
1770114115.9711907,-3.4484,-72.51,250,200,20.0
1770114116.0545669,-3.4120,-72.32,250,200,20.0
1770114116.138169,-3.2993,-71.95,250,200,20.0
1770114116.2226884,-3.4858,-73.07,250,200,20.0
1770114116.3074625,-3.5770,-73.71,250,200,20.0
1770114116.3904145,-3.6210,-73.98,250,200,20.0
1770114116.4742467,-3.5864,-73.90,250,200,20.0
1770114116.5561957,-3.5455,-73.56,250,200,20.0
1770114116.6393726,-3.4658,-73.20,250,200,20.0
1770114116.734838,-3.4987,-73.30,250,200,20.0
1770114116.8177438,1.7009,17.17,-250,200,20.0
1770114116.910423,-3.5510,-73.64,250,200,20.0
1770114117.004558,1.6041,9.72,-250,308,30.8
1770114117.0977845,1.7128,17.98,-250,200,20.0
1770114117.1919756,1.6337,13.80,-250,207,20.7
1770114117.2746913,1.5744,8.37,-250,354,35.4
1770114117.3679194,1.9113,30.99,-250,200,20.0
1770114117.4604955,-3.1772,-71.38,250,200,20.0
1770114117.5538793,-1.5895,-56.80,250,200,20.0
1770114117.6470845,-3.2629,-72.09,250,200,20.0
1770114117.7403934,-3.1725,-71.60,250,200,20.0
1770114117.835056,-3.2928,-72.27,250,200,20.0
1770114117.927309,-3.2264,-71.59,250,200,20.0
1770114118.0199366,-3.2787,-72.11,250,200,20.0
1770114118.1143177,-3.2999,-72.26,250,200,20.0
1770114118.2078755,-3.3411,-72.54,250,200,20.0
1770114118.301456,-3.4751,-73.47,250,200,20.0
1770114118.394862,-3.2703,-71.94,250,200,20.0
1770114118.4882371,-1.6612,-53.71,250,200,20.0
1770114118.5935664,-2.1357,-61.22,250,200,20.0
1770114118.686018,-2.7870,-67.94,250,200,20.0
1770114118.7788022,-2.8009,-68.08,250,200,20.0
1770114118.8832662,-0.3210,-12.52,250,228,22.9
1770114118.9755912,-3.0924,-70.44,250,200,20.0
1770114119.0791702,0.6093,34.35,-250,200,20.0
1770114119.1844883,1.6832,59.61,-250,200,20.0
1770114119.2775977,-2.9796,-69.56,250,200,20.0
1770114119.380402,-2.8225,-68.64,250,200,20.0
1770114119.4728413,0.2540,18.34,-250,200,20.0
1770114119.577974,0.7186,37.00,-250,200,20.0
1770114119.6702561,1.0251,45.63,-250,200,20.0
1770114119.7675867,0.3513,21.16,-250,200,20.0
1770114119.8604493,-1.5150,-54.12,250,200,20.0
1770114119.9533942,-2.9632,-69.91,250,200,20.0
1770114120.0471897,-2.8869,-69.26,250,200,20.0
1770114120.1429138,-2.9771,-70.04,250,200,20.0
1770114120.2247257,-2.9941,-70.06,250,200,20.0
1770114120.3083498,-3.2481,-72.00,250,200,20.0
1770114120.3923402,-3.0187,-70.04,250,200,20.0
1770114120.4768326,-3.1766,-71.20,250,200,20.0
1770114120.5579953,-3.0037,-70.28,250,200,20.0
1770114120.6406496,-3.0374,-70.24,250,200,20.0
1770114120.7231688,-3.0700,-70.49,250,200,20.0
1770114120.7979066,-3.1841,-71.53,250,200,20.0
1770114120.881613,-3.1321,-71.16,250,200,20.0
1770114120.9636414,-3.1884,-71.61,250,200,20.0
1770114121.0388427,-3.1924,-71.68,250,200,20.0
1770114121.1205456,-3.0833,-70.71,250,200,20.0
1770114121.1936073,-3.0958,-70.73,250,200,20.0
1770114121.277429,-3.2697,-71.95,250,200,20.0
1770114121.359572,-3.3188,-72.03,250,200,20.0
1770114121.432433,-3.2655,-71.79,250,200,20.0
1770114121.507296,-3.2347,-71.65,250,200,20.0
1770114121.587048,-3.1388,-70.99,250,200,20.0
1770114121.6488242,-3.1676,-71.28,250,200,20.0
1770114121.7320082,-2.0661,-62.22,250,200,20.0
1770114121.8035502,-3.2003,-71.42,250,200,20.0
1770114121.8879516,-3.0972,-70.67,250,200,20.0
1770114121.9590006,0.4189,23.32,-250,200,20.0
1770114122.0307813,2.2395,63.91,-250,200,20.0
1770114122.115576,2.4691,66.58,-250,200,20.0
1770114122.18753,1.6715,56.18,-250,200,20.0
1770114122.2587304,2.1072,62.87,-250,200,20.0
1770114122.330952,-0.5912,-28.52,250,200,20.0
1770114122.403073,2.4139,65.93,-250,200,20.0
1770114122.4752524,1.9859,61.43,-250,200,20.0
1770114122.5476065,0.3631,20.06,-250,200,20.0
1770114122.6315157,-0.8149,-37.00,250,200,20.0
1770114122.7039716,2.3470,65.56,-250,200,20.0
1770114122.7768872,-2.1633,-63.61,250,200,20.0
1770114122.847532,1.8415,59.82,-250,200,20.0
1770114122.92004,-0.6665,-30.77,250,200,20.0
1770114122.9920743,2.4240,65.86,-250,200,20.0
1770114123.0640748,-0.9388,-42.09,250,200,20.0
1770114123.136457,-0.3409,-19.11,250,200,20.0
1770114123.2206059,-1.4568,-49.48,250,200,20.0
1770114123.2921867,0.9076,31.73,-250,200,20.0
1770114123.3636756,-0.3096,-32.35,250,200,20.0
1770114123.4361038,-1.9953,-59.83,250,200,20.0
1770114123.5187695,0.0854,-14.22,40,203,20.3
1770114123.601306,1.4554,35.01,-250,200,20.0
1770114123.6831474,0.8623,29.60,-250,200,20.0
1770114123.766212,3.1003,73.69,-250,200,20.0
1770114123.8696108,0.2731,-0.20,-92,500,50.0
1770114123.962014,2.0526,67.89,-250,200,20.0
1770114124.0556486,1.6242,57.51,-250,200,20.0
1770114124.148833,1.7189,55.47,-250,200,20.0
1770114124.2310152,1.7022,54.28,-250,200,20.0
1770114124.3152738,1.9455,58.97,-250,200,20.0
1770114124.386933,2.0555,60.59,-250,200,20.0
1770114124.4583242,2.0240,60.36,-250,200,20.0
1770114124.5304654,2.0771,61.31,-250,200,20.0
1770114124.6147635,2.1587,62.52,-250,200,20.0
1770114124.686617,1.6549,50.00,-250,200,20.0
1770114124.7592201,1.9217,58.15,-250,200,20.0
1770114124.8313541,2.1780,61.65,-250,200,20.0
1770114124.8919046,2.0065,59.53,-250,200,20.0
1770114124.9643927,2.3706,65.38,-250,200,20.0
1770114125.037278,2.3312,64.11,-250,200,20.0
1770114125.1107786,2.2904,64.33,-250,200,20.0
1770114125.1841133,2.4220,65.94,-250,200,20.0
1770114125.2551637,2.1757,63.40,-250,200,20.0
1770114125.3171937,2.5119,66.05,-250,200,20.0
1770114125.3899162,2.0917,60.60,-250,200,20.0
1770114125.4641113,2.4834,65.83,-250,200,20.0
1770114125.536267,2.3437,64.43,-250,200,20.0
1770114125.596414,2.1317,62.20,-250,200,20.0
1770114125.6694427,2.4303,65.52,-250,200,20.0
1770114125.7446597,2.3536,64.88,-250,200,20.0
1770114125.8164546,2.1672,62.66,-250,200,20.0
1770114125.8779743,-0.6878,-35.12,250,200,20.0
1770114125.9506207,2.4305,65.38,-250,200,20.0
1770114126.0233958,2.0300,60.08,-250,200,20.0
1770114126.0957255,-1.5126,-55.76,250,200,20.0
1770114126.1674986,2.3229,64.25,-250,200,20.0
1770114126.229648,2.2425,63.46,-250,200,20.0
1770114126.3023856,2.2843,63.93,-250,200,20.0
1770114126.3762586,-0.0867,-8.19,116,360,36.1
1770114126.4486485,2.0245,60.93,-250,200,20.0
1770114126.5087564,2.2994,63.99,-250,200,20.0
1770114126.5857093,-0.9237,-42.92,250,200,20.0
1770114126.6676934,1.8902,59.17,-250,200,20.0
1770114126.7320483,2.1156,62.12,-250,200,20.0
1770114126.8038623,2.3063,64.09,-250,200,20.0
1770114126.876502,1.8957,59.25,-250,200,20.0
1770114126.9403834,-1.0055,-45.03,250,200,20.0
1770114127.0135515,-0.3473,-20.89,250,200,20.0
1770114127.0853012,1.9108,59.49,-250,200,20.0
1770114127.1493344,2.2774,63.80,-250,200,20.0
1770114127.2094228,2.2212,63.22,-250,200,20.0
1770114127.2818906,2.1206,62.13,-250,200,20.0
1770114127.3568192,2.4035,65.05,-250,200,20.0
1770114127.4283674,2.2344,63.44,-250,200,20.0
1770114127.5004828,2.3416,64.52,-250,200,20.0
1770114127.5642934,2.2961,64.04,-250,200,20.0
1770114127.6378973,2.1967,63.13,-250,200,20.0
1770114127.7097807,0.2327,8.75,-213,341,34.1
1770114127.7818213,1.9910,60.54,-250,200,20.0
1770114127.8441732,1.8892,59.31,-250,200,20.0
1770114127.9157896,2.2307,63.23,-250,200,20.0
1770114127.990397,2.2764,63.77,-250,200,20.0
1770114128.0511708,2.4816,65.85,-250,200,20.0
1770114128.123767,2.2099,63.18,-250,200,20.0
1770114128.1968565,-0.3373,-20.51,250,200,20.0
1770114128.2706904,2.4333,65.45,-250,200,20.0
1770114128.3427644,-0.0215,-4.29,42,475,47.5
1770114128.4037738,1.6616,55.34,-250,200,20.0
1770114128.477362,1.7125,56.64,-250,200,20.0
1770114128.5498576,-0.6040,-32.09,250,200,20.0
1770114128.6226225,-0.2572,-16.60,250,200,20.0
1770114128.6833034,2.1413,62.37,-250,200,20.0
1770114128.755918,-1.0476,-45.99,250,200,20.0
1770114128.8308125,2.1325,62.26,-250,200,20.0
1770114128.9032414,1.7927,57.85,-250,200,20.0
1770114128.9758646,2.0032,60.80,-250,200,20.0
1770114129.0374656,2.0293,61.60,-250,200,20.0
1770114129.1109743,2.1354,62.52,-250,200,20.0
1770114129.1831794,2.0804,62.26,-250,200,20.0
1770114129.255542,1.9648,60.25,-250,200,20.0
1770114129.3163443,2.0262,61.06,-250,200,20.0
1770114129.3890388,1.6927,56.48,-250,200,20.0
1770114129.462201,1.7567,57.54,-250,200,20.0
1770114129.53526,1.9920,60.85,-250,200,20.0
1770114129.5962944,2.0373,61.28,-250,200,20.0
1770114129.669152,2.1015,61.87,-250,200,20.0
1770114129.7420623,2.1268,62.05,-250,200,20.0
1770114129.8148592,2.0287,61.19,-250,200,20.0
1770114129.8866556,-0.2121,-14.46,250,201,20.1
1770114129.9603465,-2.6851,-68.82,250,200,20.0
1770114130.032692,-0.5185,-13.18,250,216,21.6
1770114130.1046293,-0.7906,-26.59,250,200,20.0
1770114130.1758046,-0.7380,-26.66,250,200,20.0
1770114130.2478304,-2.6643,-66.33,250,200,20.0
1770114130.331092,-2.7907,-67.24,250,200,20.0
1770114130.404539,-2.8254,-67.64,250,200,20.0
1770114130.4876752,1.9915,63.29,-250,200,20.0
1770114130.5698514,2.0986,64.03,-250,200,20.0
1770114130.652447,1.9099,60.87,-250,200,20.0
1770114130.7479906,-0.1247,21.76,-66,200,20.0
1770114130.8410625,2.0960,68.91,-250,200,20.0
1770114130.9361281,0.2920,45.70,-250,200,20.0
1770114131.0387008,-0.6370,10.55,250,281,28.1
1770114131.1418903,-1.8454,-42.05,250,200,20.0
1770114131.2335181,-1.3512,-54.01,250,200,20.0
1770114131.326924,-0.5879,-27.63,250,200,20.0
1770114131.4197607,-2.1511,-52.61,250,200,20.0
1770114131.5119002,-0.3815,-15.36,250,200,20.0
1770114131.6051724,0.0046,4.61,-38,468,46.9
1770114131.6967134,0.5657,32.23,-250,200,20.0
1770114131.7790687,0.7003,33.68,-250,200,20.0
1770114131.8723285,0.1870,3.46,-95,489,49.0
1770114131.9546056,0.7185,34.04,-250,200,20.0
1770114132.0370874,0.9427,43.51,-250,200,20.0
1770114132.1350756,0.8474,39.97,-250,200,20.0
1770114132.2181282,0.4704,24.13,-250,200,20.0
1770114132.3000677,0.2263,12.24,-250,234,23.5
1770114132.3827376,0.3006,14.70,-250,200,20.0
1770114132.4579675,0.7140,33.22,-250,200,20.0
1770114132.5402286,1.0003,43.15,-250,200,20.0
1770114132.6161106,1.0243,44.05,-250,200,20.0
1770114132.6863303,1.0634,44.63,-250,200,20.0
1770114132.7595158,1.3003,49.86,-250,200,20.0
1770114132.8331077,1.2766,49.42,-250,200,20.0
1770114132.8950992,1.6123,55.52,-250,200,20.0
1770114132.9677155,1.7044,56.86,-250,200,20.0
1770114133.039487,1.8774,60.06,-250,200,20.0
1770114133.1028767,1.5255,53.97,-250,200,20.0
1770114133.1742296,1.6413,56.01,-250,200,20.0
1770114133.237922,1.6143,56.02,-250,200,20.0
1770114133.2988455,2.0122,61.15,-250,200,20.0
1770114133.3720207,1.6334,55.73,-250,200,20.0
1770114133.4347603,1.7779,58.12,-250,200,20.0
1770114133.5059583,1.7994,58.38,-250,200,20.0
1770114133.5696862,1.7303,57.34,-250,200,20.0
1770114133.6314378,1.5671,54.61,-250,200,20.0
1770114133.7029724,1.8238,58.72,-250,200,20.0
1770114133.7665908,1.7464,57.63,-250,200,20.0
1770114133.8287847,1.7858,58.04,-250,200,20.0
1770114133.899998,1.4308,52.34,-250,200,20.0
1770114133.9631414,1.5715,54.74,-250,200,20.0
1770114134.0258863,1.5835,54.98,-250,200,20.0
1770114134.0974386,1.5518,54.42,-250,200,20.0
1770114134.161029,1.4308,52.26,-250,200,20.0
1770114134.2235663,1.6236,55.75,-250,200,20.0
1770114134.2947392,1.7025,56.84,-250,200,20.0
1770114134.3578563,1.5741,54.85,-250,200,20.0
1770114134.4212868,1.6085,55.34,-250,200,20.0
1770114134.4829826,1.3272,50.20,-250,200,20.0
1770114134.555556,1.4903,53.29,-250,200,20.0
1770114134.6186297,1.5563,54.52,-250,200,20.0
1770114134.6802185,1.5651,54.69,-250,200,20.0
1770114134.7527323,1.7413,57.43,-250,200,20.0
1770114134.8157494,1.7478,57.61,-250,200,20.0
1770114134.8774817,1.6819,56.65,-250,200,20.0
1770114134.9496887,1.7559,57.61,-250,200,20.0
1770114135.0132096,1.6304,55.72,-250,200,20.0
1770114135.074983,1.5502,54.32,-250,200,20.0
1770114135.146602,1.4261,52.09,-250,200,20.0
1770114135.2090364,1.4714,53.01,-250,200,20.0
1770114135.2724273,1.6787,56.43,-250,200,20.0
1770114135.3345404,1.4188,51.96,-250,200,20.0
1770114135.4062045,1.3282,50.19,-250,200,20.0
1770114135.469699,1.7476,57.62,-250,200,20.0
1770114135.5329716,1.5632,54.56,-250,200,20.0
1770114135.59504,1.7254,57.21,-250,200,20.0
1770114135.6669278,1.7783,58.04,-250,200,20.0
1770114135.7289958,1.6441,55.93,-250,200,20.0
1770114135.7937398,1.6023,55.24,-250,200,20.0
1770114135.855671,1.5174,53.76,-250,200,20.0
1770114135.9266486,1.7259,57.25,-250,200,20.0
1770114135.9893887,1.5861,54.95,-250,200,20.0
1770114136.0531142,1.4648,52.93,-250,200,20.0
1770114136.1150024,1.6422,55.99,-250,200,20.0
1770114136.1768007,1.6105,55.40,-250,200,20.0
1770114136.2502367,1.6521,56.05,-250,200,20.0
1770114136.31353,1.4394,52.26,-250,200,20.0
1770114136.3758636,1.5989,55.22,-250,200,20.0
1770114136.4470928,1.6949,56.89,-250,200,20.0
1770114136.5101469,1.7201,57.16,-250,200,20.0
1770114136.574318,1.6056,55.24,-250,200,20.0
1770114136.6361754,1.4872,53.25,-250,200,20.0
1770114136.7071667,1.8660,59.16,-250,200,20.0
1770114136.7702959,1.5836,54.82,-250,200,20.0
1770114136.8335304,1.8765,59.39,-250,200,20.0
1770114136.8960366,1.7519,57.68,-250,200,20.0
1770114136.9574668,1.8274,58.94,-250,200,20.0
1770114137.031802,1.5974,55.24,-250,200,20.0
1770114137.094596,1.6388,55.90,-250,200,20.0
1770114137.158115,1.8600,59.27,-250,200,20.0
1770114137.219645,1.8797,59.49,-250,200,20.0
1770114137.2933826,1.7201,57.12,-250,200,20.0
1770114137.3553138,1.6712,56.35,-250,200,20.0
1770114137.418262,1.8555,59.05,-250,200,20.0
1770114137.4809725,1.5086,53.67,-250,200,20.0
1770114137.5433679,1.7289,57.32,-250,200,20.0
1770114137.615972,1.7422,57.52,-250,200,20.0
1770114137.679793,1.7181,57.11,-250,200,20.0
1770114137.7418091,1.7051,57.05,-250,200,20.0
1770114137.8134217,1.8262,58.76,-250,200,20.0
1770114137.875873,1.5517,54.35,-250,200,20.0
1770114137.951349,1.5472,54.38,-250,200,20.0
1770114138.0143774,1.5704,54.83,-250,200,20.0
1770114138.0775132,1.9766,60.66,-250,200,20.0
1770114138.1401055,1.6822,56.54,-250,200,20.0
1770114138.2032242,1.7775,58.01,-250,200,20.0
1770114138.2758284,1.4189,51.90,-250,200,20.0
1770114138.3387253,1.8865,59.48,-250,200,20.0
1770114138.401901,1.7538,57.79,-250,200,20.0
1770114138.4655573,1.8474,58.99,-250,200,20.0
1770114138.5303788,1.8504,59.09,-250,200,20.0
1770114138.591771,1.7502,57.61,-250,200,20.0
1770114138.6546633,1.7437,57.48,-250,200,20.0
1770114138.7165265,1.7357,57.39,-250,200,20.0
1770114138.7881982,1.7642,57.84,-250,200,20.0
1770114138.8447466,1.7519,57.58,-250,200,20.0
1770114138.9170885,1.5217,53.91,-250,200,20.0
1770114138.9805155,1.6369,55.90,-250,200,20.0
1770114139.045216,1.8231,58.75,-250,200,20.0
1770114139.1089115,1.6785,56.61,-250,200,20.0
1770114139.1704876,1.6427,56.02,-250,200,20.0
1770114139.2434733,1.7587,57.83,-250,200,20.0
1770114139.3068557,1.8927,59.67,-250,200,20.0
1770114139.3707073,1.6296,55.75,-250,200,20.0
1770114139.4330206,1.7488,57.51,-250,200,20.0
1770114139.5040216,1.7024,56.90,-250,200,20.0
1770114139.5678096,1.7333,57.36,-250,200,20.0
1770114139.6299887,1.6066,55.42,-250,200,20.0
1770114139.6919234,1.7216,57.23,-250,200,20.0
1770114139.7637491,1.8542,59.14,-250,200,20.0
1770114139.8273554,1.6803,56.59,-250,200,20.0
1770114139.8898993,1.6785,56.54,-250,200,20.0
1770114139.9514883,1.7492,57.59,-250,200,20.0
1770114140.0235126,1.8105,58.48,-250,200,20.0
1770114140.086273,1.6579,56.20,-250,200,20.0
1770114140.1498444,1.7245,57.27,-250,200,20.0
1770114140.2117414,1.7180,57.14,-250,200,20.0
1770114140.2845702,1.7213,57.23,-250,200,20.0
1770114140.3474975,1.7929,58.32,-250,200,20.0
1770114140.4102533,1.7438,57.52,-250,200,20.0
1770114140.4728692,1.8425,59.00,-250,200,20.0
1770114140.53488,1.7123,57.03,-250,200,20.0
1770114140.6070974,1.5576,54.62,-250,200,20.0
1770114140.6708133,1.8096,58.46,-250,200,20.0
1770114140.7417896,1.7863,58.21,-250,200,20.0
1770114140.794352,1.8027,58.29,-250,200,20.0
1770114140.8669744,1.8579,59.12,-250,200,20.0
1770114140.930889,1.7477,57.49,-250,200,20.0
1770114140.9918988,1.7811,58.04,-250,200,20.0
1770114141.0640664,1.8027,58.44,-250,200,20.0
1770114141.1279814,1.7331,57.45,-250,200,20.0
1770114141.1897826,1.6498,56.05,-250,200,20.0
1770114141.2515366,1.6878,56.71,-250,200,20.0
1770114141.3239732,1.9985,61.02,-250,200,20.0
1770114141.3874197,1.7219,57.12,-250,200,20.0
1770114141.4505746,1.8083,58.56,-250,200,20.0
1770114141.5118897,1.9653,60.53,-250,200,20.0
1770114141.5784097,1.9332,60.05,-250,200,20.0
1770114141.6406708,1.6130,55.45,-250,200,20.0
1770114141.7138312,1.7742,57.94,-250,200,20.0
1770114141.7765431,1.7696,57.98,-250,200,20.0
1770114141.8381765,1.4689,52.93,-250,200,20.0
1770114141.909906,1.9284,59.99,-250,200,20.0
1770114141.9733322,1.8822,59.37,-250,200,20.0
1770114142.0372872,1.9270,59.93,-250,200,20.0
1770114142.097969,1.7416,57.39,-250,200,20.0
1770114142.1698,1.8541,59.13,-250,200,20.0
1770114142.2325993,1.8702,59.34,-250,200,20.0
1770114142.2961318,1.8038,58.36,-250,200,20.0
1770114142.358268,1.7227,57.16,-250,200,20.0
1770114142.4296594,1.5183,53.76,-250,200,20.0
1770114142.4933064,1.5139,53.82,-250,200,20.0
1770114142.5641408,1.8954,59.61,-250,200,20.0
1770114142.6170802,2.0103,61.15,-250,200,20.0
1770114142.6903696,1.6478,56.02,-250,200,20.0
1770114142.75355,1.6839,56.55,-250,200,20.0
1770114142.8167102,1.8017,58.41,-250,200,20.0
1770114142.8782737,1.7658,57.75,-250,200,20.0
1770114142.9505904,1.6259,55.66,-250,200,20.0
1770114143.0139284,1.8247,58.60,-250,200,20.0
1770114143.0765405,1.7607,57.81,-250,200,20.0
1770114143.1379921,1.6218,55.58,-250,200,20.0
1770114143.2027898,1.8433,58.93,-250,200,20.0
1770114143.27567,1.9340,60.15,-250,200,20.0
1770114143.3390586,1.7027,56.97,-250,200,20.0
1770114143.4024937,1.7447,57.54,-250,200,20.0
1770114143.4634302,1.7518,57.62,-250,200,20.0
1770114143.5354402,1.7106,57.11,-250,200,20.0
1770114143.6010149,1.7023,56.94,-250,200,20.0
1770114143.6746867,1.9928,60.92,-250,200,20.0
1770114143.7373064,1.5804,54.90,-250,200,20.0
1770114143.7979536,1.7493,57.59,-250,200,20.0
1770114143.8614764,1.8307,58.82,-250,200,20.0
1770114143.9238882,2.0276,61.34,-250,200,20.0
1770114143.9877892,1.5713,54.62,-250,200,20.0
1770114144.0496461,1.7730,57.89,-250,200,20.0
1770114144.1213086,1.7006,56.84,-250,200,20.0
1770114144.1841896,1.6816,56.41,-250,200,20.0
1770114144.2481098,1.8619,59.23,-250,200,20.0
1770114144.3098898,1.9072,59.73,-250,200,20.0
1770114144.3818495,1.8796,59.41,-250,200,20.0
1770114144.4453847,1.5298,53.90,-250,200,20.0
1770114144.5087714,1.6582,56.15,-250,200,20.0
1770114144.5710838,2.0280,61.23,-250,200,20.0
1770114144.6334724,1.6723,56.38,-250,200,20.0
1770114144.706441,1.8044,58.43,-250,200,20.0
1770114144.7687845,1.7219,57.36,-250,200,20.0
1770114144.8322585,1.8462,59.06,-250,200,20.0
1770114144.893565,1.7096,56.96,-250,200,20.0
1770114144.9658546,1.8770,59.36,-250,200,20.0
1770114145.0299733,1.8725,59.30,-250,200,20.0
1770114145.0938058,1.8581,59.04,-250,200,20.0
1770114145.1550896,1.8505,58.99,-250,200,20.0
1770114145.2269783,1.7542,57.47,-250,200,20.0
1770114145.2899826,1.9634,60.47,-250,200,20.0
1770114145.353638,2.0646,61.67,-250,200,20.0
1770114145.4147613,2.2803,64.29,-250,200,20.0
1770114145.488643,2.1974,63.04,-250,200,20.0
1770114145.5500293,2.1385,62.36,-250,200,20.0
1770114145.622164,1.9551,60.22,-250,200,20.0
1770114145.6856148,1.8459,58.60,-250,200,20.0
1770114145.7575696,2.0651,61.48,-250,200,20.0
1770114145.8208525,1.9059,59.55,-250,200,20.0
1770114145.8936033,1.7582,57.43,-250,200,20.0
1770114145.9558356,1.9532,60.72,-250,200,20.0
1770114146.028197,-0.1686,-10.56,205,280,28.1
1770114146.0907345,-3.3819,-72.75,250,200,20.0
1770114146.1646724,-2.8767,-69.98,250,200,20.0
1770114146.2366357,-1.1194,-48.06,250,200,20.0
1770114146.3090522,-0.3050,-16.59,250,200,20.0
1770114146.370486,-0.7769,-36.91,250,200,20.0
1770114146.4432492,0.9438,39.83,-250,200,20.0
1770114146.5158362,1.4421,52.54,-250,200,20.0
1770114146.5884535,2.1356,62.50,-250,200,20.0
1770114146.6613069,2.1566,62.72,-250,200,20.0
1770114146.733923,2.6412,69.74,-250,200,20.0
1770114146.8084054,2.0876,62.03,-250,200,20.0
1770114146.8701308,1.9727,60.62,-250,200,20.0
1770114146.9453795,2.2075,63.36,-250,200,20.0
1770114147.0167081,2.0839,62.03,-250,200,20.0
1770114147.0796094,1.9811,60.78,-250,200,20.0
1770114147.152777,2.0985,62.19,-250,200,20.0
1770114147.2139256,2.1735,62.95,-250,200,20.0
1770114147.2871015,2.0022,60.95,-250,200,20.0
1770114147.3597019,2.2882,64.15,-250,200,20.0
1770114147.4213622,2.3524,64.69,-250,200,20.0
1770114147.4948375,2.4181,65.69,-250,200,20.0
1770114147.5566013,2.2501,63.24,-250,200,20.0
1770114147.6296635,2.1312,61.75,-250,200,20.0
1770114147.6910474,2.3943,65.64,-250,200,20.0
1770114147.7642643,1.9904,59.48,-250,200,20.0
1770114147.835967,1.9384,58.81,-250,200,20.0
1770114147.899291,2.0194,60.77,-250,200,20.0
1770114147.9600244,2.1615,63.31,-250,200,20.0
1770114148.034183,0.5682,22.69,-250,200,20.0
1770114148.094794,0.3739,12.92,-250,220,22.1
1770114148.168305,1.7259,56.88,-250,200,20.0
1770114148.2400093,2.0940,62.35,-250,200,20.0
1770114148.3028488,1.9896,60.31,-250,200,20.0
1770114148.3772547,2.1993,63.51,-250,200,20.0
1770114148.4415324,1.4994,53.71,-250,200,20.0
1770114148.5158002,0.3262,12.86,-250,221,22.2
1770114148.578078,1.0410,42.85,-250,200,20.0
1770114148.652698,0.7239,31.42,-250,200,20.0
1770114148.7168124,1.4213,50.63,-250,200,20.0
1770114148.795189,-0.0060,-3.95,33,481,48.2
1770114148.8687115,-0.1887,-12.46,250,229,23.0
1770114148.9419878,-3.0073,-71.03,250,200,20.0
1770114149.0143268,-3.6690,-74.34,250,200,20.0
1770114149.078297,-3.5738,-74.04,250,200,20.0
1770114149.1516838,-0.1310,-8.71,150,342,34.3
1770114149.2240307,-0.1418,-13.56,227,210,21.0
1770114149.2944908,-0.0091,-2.52,23,498,49.9
1770114149.3583398,-0.2141,-16.04,250,200,20.0
1770114149.43013,0.0521,0.98,-25,500,50.0
1770114149.5027313,-0.1380,-8.77,155,340,34.1
1770114149.5746133,-0.0430,-4.13,49,478,47.9
1770114149.6362078,-0.0191,-2.62,27,498,49.8
1770114149.7084029,0.0003,-1.94,15,500,50.0
1770114149.7818737,-0.1081,-7.98,125,368,36.8
1770114149.8551028,-0.0941,-8.90,130,336,33.6
1770114149.9278915,-0.0609,-5.30,68,451,45.2
1770114149.9997,0.1835,5.51,-124,446,44.6
1770114150.0627327,0.1657,7.36,-147,388,38.9
1770114150.135315,-0.1105,-8.38,132,354,35.4
1770114150.2078805,-0.0696,-4.99,68,459,46.0
1770114150.2808807,0.1704,7.36,-150,388,38.9
1770114150.3541126,0.2211,8.41,-199,353,35.3
1770114150.4263694,-0.2380,-16.66,250,200,20.0
1770114150.4871254,0.0267,-2.01,6,499,50.0
1770114150.559742,0.0891,1.01,-38,500,50.0
1770114150.6331763,-0.1871,-13.26,250,214,21.5
1770114150.7083657,0.0643,0.93,-29,500,50.0
1770114150.771023,-0.6738,-35.26,250,200,20.0
1770114150.845018,-3.3136,-72.32,250,200,20.0
1770114150.9174204,-3.4843,-73.16,250,200,20.0
1770114150.9901907,-3.7045,-74.31,250,200,20.0
1770114151.0632277,-3.5536,-73.47,250,200,20.0
1770114151.1349285,-3.5386,-73.54,250,200,20.0
1770114151.1966274,-3.4274,-72.83,250,200,20.0
1770114151.2797267,-3.6366,-74.21,250,200,20.0
1770114151.34213,-2.3019,-65.56,250,200,20.0
1770114151.4149752,-0.0187,-2.74,28,497,49.7
1770114151.4884799,-0.2060,-16.33,250,200,20.0
1770114151.5616474,0.8291,37.12,-250,200,20.0
1770114151.6362545,0.9334,41.39,-250,200,20.0
1770114151.6992195,1.2882,49.08,-250,200,20.0
1770114151.771708,0.2013,-2.52,-49,498,49.9
1770114151.8436246,0.6274,29.04,-250,200,20.0
1770114151.91624,1.2621,48.89,-250,200,20.0
1770114151.9907308,2.1573,62.85,-250,200,20.0
1770114152.0647585,1.8674,59.71,-250,200,20.0
1770114152.1370747,2.1168,60.75,-250,200,20.0
1770114152.1978843,2.6632,67.64,-250,200,20.0
1770114152.2724352,2.6090,67.58,-250,200,20.0
1770114152.3438687,2.4351,65.74,-250,200,20.0
1770114152.419395,2.6046,66.95,-250,200,20.0
1770114152.4916744,0.9422,37.40,-250,200,20.0
1770114152.564097,2.3380,64.79,-250,200,20.0
1770114152.6273363,2.3090,64.56,-250,200,20.0
1770114152.69872,-1.1318,-49.12,250,200,20.0
1770114152.7722583,2.0797,61.12,-250,200,20.0
1770114152.8453393,1.2792,43.74,-250,200,20.0
1770114152.9084342,1.4312,52.61,-250,200,20.0
1770114152.9817948,0.7534,32.91,-250,200,20.0
1770114153.0536811,-0.1101,-6.88,110,404,40.5
1770114153.1286538,2.3445,64.77,-250,200,20.0
1770114153.1985083,-0.8337,-40.40,250,200,20.0
1770114153.27632,-0.0750,-6.19,84,426,42.7
1770114153.3344836,1.8458,58.46,-250,200,20.0
1770114153.4067295,0.5699,25.14,-250,200,20.0
1770114153.4793978,2.1294,62.16,-250,200,20.0
1770114153.5527163,1.8045,57.75,-250,200,20.0
1770114153.6250212,1.9798,60.84,-250,200,20.0
1770114153.698035,-3.3521,-72.51,250,200,20.0
1770114153.7581239,-3.5006,-73.34,250,200,20.0
1770114153.830796,-3.4713,-73.19,250,200,20.0
1770114153.904226,0.2476,12.17,-250,236,23.7
1770114153.9766335,-1.2874,-51.61,250,200,20.0
1770114154.0498855,-0.4484,-24.05,250,200,20.0
1770114154.1216094,0.4335,19.46,-250,200,20.0
1770114154.1841004,0.2140,8.51,-196,349,35.0
1770114154.2577405,0.1886,6.84,-150,406,40.6
1770114154.3327582,-3.4192,-72.98,250,200,20.0
1770114154.40304,-3.4721,-73.25,250,200,20.0
1770114154.4647036,-3.5318,-73.49,250,200,20.0
1770114154.537448,-3.5570,-73.60,250,200,20.0
1770114154.611761,-3.3690,-72.62,250,200,20.0
1770114154.6828644,-3.5121,-73.39,250,200,20.0
1770114154.7451463,-3.4503,-73.14,250,200,20.0
1770114154.818731,-3.3906,-72.73,250,200,20.0
1770114154.8912551,-3.4792,-73.27,250,200,20.0
1770114154.9636827,-3.4128,-72.98,250,200,20.0
1770114155.035309,-2.1741,-64.56,250,200,20.0
1770114155.0981245,-1.2467,-50.19,250,200,20.0
1770114155.1713836,-2.1487,-64.14,250,200,20.0
1770114155.2441092,-1.0808,-46.94,250,200,20.0
1770114155.3161838,-1.0134,-45.43,250,200,20.0
1770114155.3781204,-0.6306,-33.07,250,200,20.0
1770114155.4510572,-1.7864,-60.30,250,200,20.0
1770114155.5246754,-2.2374,-65.27,250,200,20.0
1770114155.5965047,-2.2335,-65.27,250,200,20.0
1770114155.6576867,-1.0756,-47.36,250,200,20.0
1770114155.731026,-3.5006,-73.45,250,200,20.0
1770114155.8036885,-3.4768,-73.35,250,200,20.0
1770114155.8769877,-3.5824,-73.77,250,200,20.0
1770114155.949932,-3.4884,-73.40,250,200,20.0
1770114156.0220742,-3.4532,-73.21,250,200,20.0
1770114156.0953581,2.2679,63.98,-250,200,20.0
1770114156.1695852,2.1798,62.37,-250,200,20.0
1770114156.2419927,0.7618,34.78,-250,200,20.0
1770114156.3142548,2.2866,64.73,-250,200,20.0
1770114156.3868067,2.2266,63.69,-250,200,20.0
1770114156.4593558,1.6803,51.85,-250,200,20.0
1770114156.531232,2.2783,64.24,-250,200,20.0
1770114156.5920246,1.8427,55.78,-250,200,20.0
1770114156.6661751,2.2082,63.09,-250,200,20.0
1770114156.7391357,2.2444,64.20,-250,200,20.0
1770114156.8115106,2.4290,65.91,-250,200,20.0
1770114156.8751671,1.9132,58.95,-250,200,20.0
1770114156.9359148,2.0845,61.96,-250,200,20.0
1770114157.0108392,2.3026,64.69,-250,200,20.0
1770114157.0768943,1.7064,57.01,-250,200,20.0
1770114157.138327,1.8608,59.28,-250,200,20.0
1770114157.2106235,1.9605,60.55,-250,200,20.0
1770114157.2757037,1.9933,61.37,-250,200,20.0
1770114157.3366818,2.1501,63.09,-250,200,20.0
1770114157.409487,1.9959,60.88,-250,200,20.0
1770114157.472755,1.9161,59.89,-250,200,20.0
1770114157.5340202,1.7332,57.42,-250,200,20.0
1770114157.6005967,1.8897,60.05,-250,200,20.0
1770114157.6731527,1.7918,58.26,-250,200,20.0
1770114157.7361104,1.9375,60.20,-250,200,20.0
1770114157.7992957,1.8418,58.98,-250,200,20.0
1770114157.8704937,2.0273,61.26,-250,200,20.0
1770114157.9334576,1.7094,56.85,-250,200,20.0
1770114157.997013,1.8853,59.99,-250,200,20.0
1770114158.0621388,1.7570,57.74,-250,200,20.0
1770114158.1233132,1.9576,60.91,-250,200,20.0
1770114158.195768,1.7944,58.19,-250,200,20.0
1770114158.2595406,1.9646,60.56,-250,200,20.0
1770114158.321886,1.7823,58.16,-250,200,20.0
1770114158.3841064,1.8041,58.40,-250,200,20.0
1770114158.445434,2.0360,61.43,-250,200,20.0
1770114158.5179722,1.8337,59.33,-250,200,20.0
1770114158.5819361,1.8300,58.82,-250,200,20.0
1770114158.6440873,1.9497,60.80,-250,200,20.0
1770114158.7156086,1.9534,60.61,-250,200,20.0
1770114158.7783914,1.7362,57.51,-250,200,20.0
1770114158.842623,1.6921,56.62,-250,200,20.0
1770114158.905175,2.0314,61.80,-250,200,20.0
1770114158.9698467,1.8192,58.63,-250,200,20.0
1770114159.041229,1.8025,58.37,-250,200,20.0
1770114159.1040947,1.8949,60.17,-250,200,20.0
1770114159.1674924,1.8853,59.56,-250,200,20.0
1770114159.230871,2.0486,61.59,-250,200,20.0
1770114159.2971094,2.0753,61.92,-250,200,20.0
1770114159.358383,2.0636,61.81,-250,200,20.0
1770114159.4339771,1.8225,58.72,-250,200,20.0
1770114159.5042121,1.9499,60.77,-250,200,20.0
1770114159.557995,1.8023,58.24,-250,200,20.0
1770114159.6203394,1.6753,56.57,-250,200,20.0
1770114159.6832855,1.7917,58.21,-250,200,20.0
1770114159.7545915,1.9792,60.65,-250,200,20.0
1770114159.8189955,1.8872,59.48,-250,200,20.0
1770114159.882002,1.9009,59.80,-250,200,20.0
1770114159.9535635,1.8332,58.93,-250,200,20.0
1770114160.0161161,1.7933,58.22,-250,200,20.0
1770114160.078535,1.8230,58.66,-250,200,20.0
1770114160.143231,1.8641,59.05,-250,200,20.0
1770114160.2058794,1.9847,60.82,-250,200,20.0
1770114160.2767615,1.7744,58.01,-250,200,20.0
1770114160.339469,1.8606,59.27,-250,200,20.0
1770114160.403057,1.7652,57.87,-250,200,20.0
1770114160.4647095,1.5301,54.09,-250,200,20.0
1770114160.5286288,1.7764,58.03,-250,200,20.0
1770114160.6012826,1.5996,55.30,-250,200,20.0
1770114160.6642225,1.6897,56.66,-250,200,20.0
1770114160.728694,1.7608,57.88,-250,200,20.0
1770114160.7905,1.5318,54.14,-250,200,20.0
1770114160.8623316,1.7146,57.24,-250,200,20.0
1770114160.9246733,1.7441,57.62,-250,200,20.0
1770114160.9885736,1.7532,57.69,-250,200,20.0
1770114161.0510795,1.6440,56.01,-250,200,20.0
1770114161.122457,1.5582,54.56,-250,200,20.0
1770114161.184861,1.9279,60.15,-250,200,20.0
1770114161.2488303,1.6579,56.22,-250,200,20.0
1770114161.3114388,1.9262,60.06,-250,200,20.0
1770114161.3733082,1.9241,60.09,-250,200,20.0
1770114161.4456854,1.8490,58.97,-250,200,20.0
1770114161.5094893,1.6508,56.03,-250,200,20.0
1770114161.5715222,1.9021,59.77,-250,200,20.0
1770114161.6432118,1.6250,55.65,-250,200,20.0
1770114161.7062435,1.9084,59.88,-250,200,20.0
1770114161.7693565,1.8673,59.26,-250,200,20.0
1770114161.8321707,1.6420,55.84,-250,200,20.0
1770114161.8934631,1.6369,55.83,-250,200,20.0
1770114161.9658515,1.6027,55.28,-250,200,20.0
1770114162.0293915,1.6232,55.71,-250,200,20.0
1770114162.0911286,1.8417,58.80,-250,200,20.0
1770114162.1535044,1.8003,58.52,-250,200,20.0
1770114162.2266219,1.7206,57.21,-250,200,20.0
1770114162.2917848,1.8183,58.48,-250,200,20.0
1770114162.3556554,1.6102,55.52,-250,200,20.0
1770114162.4192033,1.7900,58.21,-250,200,20.0
1770114162.4799008,1.6433,56.05,-250,200,20.0
1770114162.5435104,1.9098,59.85,-250,200,20.0
1770114162.616976,1.8481,59.17,-250,200,20.0
1770114162.679552,1.8454,59.09,-250,200,20.0
1770114162.7416422,1.8760,59.43,-250,200,20.0
1770114162.813361,1.5898,55.15,-250,200,20.0
1770114162.876189,1.7347,57.48,-250,200,20.0
1770114162.9401107,1.8028,58.45,-250,200,20.0
1770114163.0021582,1.6975,56.95,-250,200,20.0
1770114163.0736697,1.5690,54.85,-250,200,20.0
1770114163.1365376,1.6492,56.22,-250,200,20.0
1770114163.2000802,1.6855,56.75,-250,200,20.0
1770114163.2623413,1.6523,56.18,-250,200,20.0
1770114163.333822,1.9178,60.01,-250,200,20.0
1770114163.3960922,1.9614,60.58,-250,200,20.0
1770114163.4598477,1.6500,56.09,-250,200,20.0
1770114163.5216563,1.7858,58.08,-250,200,20.0
1770114163.5859559,1.5611,54.67,-250,200,20.0
1770114163.6564455,1.8151,58.57,-250,200,20.0
1770114163.720024,1.9704,60.67,-250,200,20.0
1770114163.781882,1.4550,52.72,-250,200,20.0
1770114163.853544,1.6487,55.88,-250,200,20.0
1770114163.917037,1.8574,59.16,-250,200,20.0
1770114163.9800835,1.6283,55.73,-250,200,20.0
1770114164.0417316,1.9387,60.13,-250,200,20.0
1770114164.1135628,1.6070,55.43,-250,200,20.0
1770114164.1762328,2.0047,61.07,-250,200,20.0
1770114164.2438004,1.6033,55.39,-250,200,20.0
1770114164.3011324,1.6972,56.89,-250,200,20.0
1770114164.37452,1.6351,55.77,-250,200,20.0
1770114164.4369323,1.8829,59.53,-250,200,20.0
1770114164.5030904,1.6442,55.98,-250,200,20.0
1770114164.5760972,1.8449,58.94,-250,200,20.0
1770114164.6384144,1.6916,56.65,-250,200,20.0
1770114164.699508,1.7753,58.04,-250,200,20.0
1770114164.7622194,1.6975,56.87,-250,200,20.0
1770114164.8257134,1.7115,57.14,-250,200,20.0
1770114164.8873336,1.6177,55.62,-250,200,20.0
1770114164.9596999,1.8008,58.41,-250,200,20.0
1770114165.0225515,1.8045,58.41,-250,200,20.0
1770114165.0859344,1.8277,58.86,-250,200,20.0
1770114165.148863,1.9754,61.14,-250,200,20.0
1770114165.2197454,1.8711,59.41,-250,200,20.0
1770114165.2825272,1.9263,60.14,-250,200,20.0
1770114165.346072,1.7641,57.84,-250,200,20.0
1770114165.4083462,1.8074,58.54,-250,200,20.0
1770114165.470048,1.8550,59.20,-250,200,20.0
1770114165.5423994,1.7789,58.07,-250,200,20.0
1770114165.6062138,2.0441,61.93,-250,200,20.0
1770114165.6685197,1.8093,58.37,-250,200,20.0
1770114165.7400873,1.9768,60.69,-250,200,20.0
1770114165.804136,1.7987,58.26,-250,200,20.0
1770114165.868103,1.7939,58.22,-250,200,20.0
1770114165.9301252,1.7679,57.85,-250,200,20.0
1770114165.9916964,1.8837,59.40,-250,200,20.0
1770114166.0648513,1.8554,59.08,-250,200,20.0
1770114166.1283336,1.6320,55.71,-250,200,20.0
1770114166.1905282,1.8702,59.23,-250,200,20.0
1770114166.2515535,1.5871,54.99,-250,200,20.0
1770114166.324997,1.8967,59.59,-250,200,20.0
1770114166.3882887,1.6458,55.92,-250,200,20.0
1770114166.4501314,1.8620,59.15,-250,200,20.0
1770114166.5118692,1.7641,57.80,-250,200,20.0
1770114166.5840888,2.0097,61.12,-250,200,20.0
1770114166.6472714,2.0553,61.71,-250,200,20.0
1770114166.710039,1.9269,60.14,-250,200,20.0
1770114166.772783,1.7832,58.03,-250,200,20.0
1770114166.8440318,1.9740,60.60,-250,200,20.0
1770114166.9077418,1.7364,57.29,-250,200,20.0
1770114166.970999,1.7355,57.27,-250,200,20.0
1770114167.0317495,1.6716,56.51,-250,200,20.0
1770114167.103927,1.6112,55.30,-250,200,20.0
1770114167.167542,1.6335,55.84,-250,200,20.0
1770114167.2307925,2.0248,61.32,-250,200,20.0
1770114167.292161,1.5382,54.04,-250,200,20.0
1770114167.364773,1.7508,57.59,-250,200,20.0
1770114167.427969,1.8449,58.91,-250,200,20.0
1770114167.4913313,1.8946,59.53,-250,200,20.0
1770114167.553132,1.2988,49.23,-250,200,20.0
1770114167.6183007,1.8283,58.83,-250,200,20.0
1770114167.690602,1.7382,57.39,-250,200,20.0
1770114167.7558062,1.5681,54.71,-250,200,20.0
1770114167.8186486,1.8349,58.97,-250,200,20.0
1770114167.8828924,1.7106,56.97,-250,200,20.0
1770114167.9450917,1.6231,55.45,-250,200,20.0
1770114168.0075536,1.8242,58.49,-250,200,20.0
1770114168.079108,1.6117,55.30,-250,200,20.0
1770114168.1424994,1.6665,56.32,-250,200,20.0
1770114168.2039223,1.7766,57.96,-250,200,20.0
1770114168.2765145,1.9059,59.77,-250,200,20.0
1770114168.339889,1.9830,60.79,-250,200,20.0
1770114168.4027042,1.7015,56.82,-250,200,20.0
1770114168.4642413,1.6223,55.49,-250,200,20.0
1770114168.536529,1.7483,57.49,-250,200,20.0
1770114168.6003072,1.9992,60.91,-250,200,20.0
1770114168.6633346,1.7950,58.24,-250,200,20.0
1770114168.7256153,1.7732,57.89,-250,200,20.0
1770114168.7975264,1.9464,60.25,-250,200,20.0
1770114168.859588,1.8335,58.80,-250,200,20.0
1770114168.9238153,1.8670,59.59,-250,200,20.0
1770114168.9858928,1.8769,59.84,-250,200,20.0
1770114169.0572047,1.8902,59.44,-250,200,20.0
1770114169.1199257,1.7964,58.17,-250,200,20.0
1770114169.1838608,1.9503,60.32,-250,200,20.0
1770114169.2453983,2.0454,61.49,-250,200,20.0
1770114169.3175676,1.9725,60.62,-250,200,20.0
1770114169.380431,1.9217,59.95,-250,200,20.0
1770114169.4447756,1.9371,60.15,-250,200,20.0
1770114169.507351,1.6344,55.67,-250,200,20.0
1770114169.5682817,1.9230,59.93,-250,200,20.0
1770114169.6405916,1.8497,59.01,-250,200,20.0
1770114169.7067463,1.8518,59.02,-250,200,20.0
1770114169.779152,2.0188,61.17,-250,200,20.0
1770114169.8419988,1.7736,57.76,-250,200,20.0
1770114169.9030392,1.8962,59.57,-250,200,20.0
1770114169.9652228,1.8531,59.07,-250,200,20.0
1770114170.028799,1.5065,53.54,-250,200,20.0
1770114170.091273,1.9439,60.20,-250,200,20.0
1770114170.1624606,1.9289,59.99,-250,200,20.0
1770114170.22568,1.9030,59.64,-250,200,20.0
1770114170.289127,1.8351,58.68,-250,200,20.0
1770114170.3509192,1.9600,60.38,-250,200,20.0
1770114170.424246,1.7841,58.05,-250,200,20.0
1770114170.4870532,1.8416,58.78,-250,200,20.0
1770114170.5504708,2.0584,61.61,-250,200,20.0
1770114170.6124444,1.9746,60.60,-250,200,20.0
1770114170.6747298,1.8832,59.34,-250,200,20.0
1770114170.747065,1.8820,59.40,-250,200,20.0
1770114170.8117287,1.9695,60.51,-250,200,20.0
1770114170.8753152,2.1936,63.25,-250,200,20.0
1770114170.9369986,2.1471,63.04,-250,200,20.0
1770114171.0089388,2.0402,61.37,-250,200,20.0
1770114171.0725977,2.0315,61.39,-250,200,20.0
1770114171.1338046,2.1794,62.97,-250,200,20.0
1770114171.2076626,2.1715,62.95,-250,200,20.0
1770114171.2703173,2.1247,62.28,-250,200,20.0
1770114171.3435535,2.0123,61.32,-250,200,20.0
1770114171.4043443,0.9637,39.87,-250,200,20.0
1770114171.4774857,0.0973,0.76,-39,500,50.0
1770114171.5508738,-1.1738,-49.54,250,200,20.0
1770114171.6217837,-0.5076,-28.73,250,200,20.0
1770114171.6844113,-2.6936,-68.93,250,200,20.0
1770114171.7575567,-3.6515,-73.97,250,200,20.0
1770114171.8296168,-3.3412,-72.53,250,200,20.0
1770114171.902098,-3.2882,-72.42,250,200,20.0
1770114171.9759207,-3.0452,-70.99,250,200,20.0
1770114172.0463066,-3.2693,-72.19,250,200,20.0
1770114172.1190705,-3.3297,-72.52,250,200,20.0
1770114172.2023096,1.0649,41.90,-250,200,20.0
1770114172.2743208,0.3006,17.76,-250,200,20.0
1770114172.357186,0.0564,11.87,-139,243,24.4
1770114172.4405453,0.2137,20.15,-250,200,20.0
1770114172.533453,0.2227,26.15,-250,200,20.0
1770114172.6077414,0.7316,40.83,-250,200,20.0
1770114172.7015784,0.7483,42.44,-250,200,20.0
1770114172.784344,0.7073,40.70,-250,200,20.0
1770114172.865525,0.3732,3.01,-155,494,49.5
1770114172.9374933,1.2398,44.15,-250,200,20.0
1770114173.0219157,1.6694,55.04,-250,200,20.0
1770114173.0978832,0.0496,52.83,-250,200,20.0
1770114173.1708083,0.0071,52.46,-250,200,20.0
1770114173.2458825,0.2372,55.98,-250,200,20.0
1770114173.318873,0.2054,55.58,-250,200,20.0
1770114173.3910418,1.7900,57.88,-250,200,20.0
1770114173.4638324,1.6057,54.28,-250,200,20.0
1770114173.535888,1.6480,55.11,-250,200,20.0
1770114173.6081686,1.6927,55.82,-250,200,20.0
1770114173.6804829,1.5166,52.91,-250,200,20.0
1770114173.7522957,1.3245,48.45,-250,200,20.0
1770114173.8247683,1.4435,50.12,-250,200,20.0
1770114173.8970954,1.1307,36.48,-250,200,20.0
1770114173.969414,1.9123,64.07,-250,200,20.0
1770114174.0538049,1.3769,52.44,-250,200,20.0
1770114174.1261,1.1605,46.46,-250,200,20.0
1770114174.1980796,1.2914,49.97,-250,200,20.0
1770114174.2702012,0.8694,38.40,-250,200,20.0
1770114174.3429015,1.0496,51.52,-250,200,20.0
1770114174.4252427,1.0089,50.75,-250,200,20.0
1770114174.4977877,1.3539,57.72,-250,200,20.0
1770114174.580844,1.4341,59.00,-250,200,20.0
1770114174.6525753,1.5330,60.29,-250,200,20.0
1770114174.7359455,1.6602,60.97,-250,200,20.0
1770114174.8199093,1.0038,42.98,-250,200,20.0
1770114174.8942108,1.2779,52.27,-250,200,20.0
1770114174.9901175,0.8901,36.50,-250,200,20.0
1770114175.070696,-0.2259,-16.02,250,200,20.0
1770114175.1544497,-2.6904,-69.37,250,200,20.0
1770114175.2296317,-0.1607,-17.14,250,200,20.0
1770114175.3118567,0.4141,14.85,-250,200,20.0
1770114175.386591,-0.1614,-21.80,250,200,20.0
1770114175.4703715,1.7359,53.28,-250,200,20.0
1770114175.5533943,1.8174,57.39,-250,200,20.0
1770114175.6263697,1.8764,58.58,-250,200,20.0
1770114175.7019885,1.9522,56.57,-250,200,20.0
1770114175.775709,2.5302,66.89,-250,200,20.0
1770114175.8512833,2.4964,66.40,-250,200,20.0
1770114175.9233758,2.1032,61.54,-250,200,20.0
1770114175.9897137,2.1928,62.86,-250,200,20.0
1770114176.0598018,1.8669,57.21,-250,200,20.0
1770114176.1315303,2.3318,65.08,-250,200,20.0
1770114176.1946251,2.3527,65.30,-250,200,20.0
1770114176.267498,2.2476,64.12,-250,200,20.0
1770114176.3392327,2.2673,64.38,-250,200,20.0
1770114176.4036264,1.9198,60.54,-250,200,20.0
1770114176.4741912,1.9009,60.26,-250,200,20.0
1770114176.536946,1.8655,59.50,-250,200,20.0
1770114176.6093144,2.2503,64.20,-250,200,20.0
1770114176.6724873,2.0433,61.62,-250,200,20.0
1770114176.7342875,2.0847,62.02,-250,200,20.0
1770114176.8083248,2.0846,62.04,-250,200,20.0
1770114176.8693163,2.0239,61.76,-250,200,20.0
1770114176.9419372,1.6139,55.61,-250,200,20.0
1770114177.004572,1.7421,57.67,-250,200,20.0
1770114177.0767918,1.8739,59.52,-250,200,20.0
1770114177.14043,1.7717,58.15,-250,200,20.0
1770114177.2021363,1.7353,57.53,-250,200,20.0
1770114177.274067,1.9737,61.25,-250,200,20.0
1770114177.3383436,1.8621,59.35,-250,200,20.0
1770114177.3997276,1.5634,54.72,-250,200,20.0
1770114177.4720092,1.7917,58.40,-250,200,20.0
1770114177.5362492,2.0340,61.48,-250,200,20.0
1770114177.59754,1.8154,58.73,-250,200,20.0
1770114177.6704502,1.8135,58.62,-250,200,20.0
1770114177.7343018,1.7773,58.09,-250,200,20.0
1770114177.7965267,1.7353,57.52,-250,200,20.0
1770114177.8581798,1.7689,58.05,-250,200,20.0
1770114177.93187,1.9915,61.09,-250,200,20.0
1770114177.9954908,1.6139,55.59,-250,200,20.0
1770114178.0580184,1.5726,54.89,-250,200,20.0
1770114178.1287472,2.0056,61.29,-250,200,20.0
1770114178.1928868,1.7833,58.30,-250,200,20.0
1770114178.2549403,1.8783,60.02,-250,200,20.0
1770114178.3169138,1.8186,58.76,-250,200,20.0
1770114178.3888268,1.7085,57.15,-250,200,20.0
1770114178.452747,1.6087,55.67,-250,200,20.0
1770114178.513856,1.8559,59.35,-250,200,20.0
1770114178.5864186,1.7413,57.68,-250,200,20.0
1770114178.649972,1.6853,56.54,-250,200,20.0
1770114178.7119598,1.7169,57.10,-250,200,20.0
1770114178.78391,1.5952,55.08,-250,200,20.0
1770114178.8466814,1.6577,56.10,-250,200,20.0
1770114178.9102175,1.9683,60.69,-250,200,20.0
1770114178.972328,1.8007,58.38,-250,200,20.0
1770114179.0445273,1.7697,57.86,-250,200,20.0
1770114179.1078763,1.5783,54.87,-250,200,20.0
1770114179.1712215,1.8411,58.94,-250,200,20.0
1770114179.242148,1.6491,56.07,-250,200,20.0
1770114179.3061807,1.6810,56.59,-250,200,20.0
1770114179.3678865,1.8594,59.10,-250,200,20.0
1770114179.439122,1.7132,57.03,-250,200,20.0
1770114179.5019336,1.7327,57.31,-250,200,20.0
1770114179.5652575,1.7490,57.65,-250,200,20.0
1770114179.6266418,1.6888,56.71,-250,200,20.0
1770114179.7009482,1.6417,55.99,-250,200,20.0
1770114179.763918,1.6735,56.50,-250,200,20.0
1770114179.8275173,1.5421,54.49,-250,200,20.0
1770114179.8891945,1.6728,56.41,-250,200,20.0
1770114179.9612205,1.7684,57.82,-250,200,20.0
1770114180.0257838,1.6278,55.89,-250,200,20.0
1770114180.089795,1.5807,54.90,-250,200,20.0
1770114180.1507647,1.7517,57.69,-250,200,20.0
1770114180.2235658,1.9088,59.79,-250,200,20.0
1770114180.2868829,1.6082,55.23,-250,200,20.0
1770114180.3511918,1.5461,54.30,-250,200,20.0
1770114180.4150193,1.8579,59.16,-250,200,20.0
1770114180.4808588,1.5331,54.07,-250,200,20.0
1770114180.5428483,1.5221,53.78,-250,200,20.0
1770114180.6164715,1.6015,55.35,-250,200,20.0
1770114180.6796262,1.7391,57.35,-250,200,20.0
1770114180.7421923,1.9348,60.22,-250,200,20.0
1770114180.804452,1.7501,57.50,-250,200,20.0
1770114180.877317,1.6829,56.56,-250,200,20.0
1770114180.9400063,1.7076,56.89,-250,200,20.0
1770114181.006404,1.9481,60.26,-250,200,20.0
1770114181.0778391,1.9838,60.80,-250,200,20.0
1770114181.141,1.7122,56.96,-250,200,20.0
1770114181.211222,1.5082,53.59,-250,200,20.0
1770114181.2644014,1.5557,54.42,-250,200,20.0
1770114181.3364875,1.7955,58.28,-250,200,20.0
1770114181.3995922,1.6507,56.02,-250,200,20.0
1770114181.4626784,1.7845,58.15,-250,200,20.0
1770114181.5287714,1.8552,59.02,-250,200,20.0
1770114181.5899248,1.2394,47.89,-250,200,20.0
1770114181.6624312,1.8834,59.44,-250,200,20.0
1770114181.726714,1.6893,56.49,-250,200,20.0
1770114181.7890456,1.6443,55.97,-250,200,20.0
1770114181.8609009,1.6460,55.91,-250,200,20.0
1770114181.9233868,1.6665,56.34,-250,200,20.0
1770114181.9865851,1.6345,55.76,-250,200,20.0
1770114182.049301,1.6535,56.12,-250,200,20.0
1770114182.1167037,1.8458,58.82,-250,200,20.0
1770114182.1882653,1.5610,54.58,-250,200,20.0
1770114182.2508605,1.6482,55.92,-250,200,20.0
1770114182.314452,1.7213,57.08,-250,200,20.0
1770114182.376196,1.3955,51.35,-250,200,20.0
1770114182.4478807,1.7054,56.86,-250,200,20.0
1770114182.5114725,1.7276,57.76,-250,200,20.0
1770114182.5734572,1.4017,51.52,-250,200,20.0
1770114182.645138,1.4725,52.93,-250,200,20.0
1770114182.7087517,1.6739,56.38,-250,200,20.0
1770114182.7704287,1.5452,54.17,-250,200,20.0
1770114182.8325074,1.4916,53.29,-250,200,20.0
1770114182.9075837,1.6735,56.45,-250,200,20.0
1770114182.969262,1.6162,55.46,-250,200,20.0
1770114183.030784,1.7202,57.15,-250,200,20.0
1770114183.096461,1.7211,57.17,-250,200,20.0
1770114183.1686113,1.7398,57.46,-250,200,20.0
1770114183.2321265,1.5035,53.81,-250,200,20.0
1770114183.2954333,1.7956,58.35,-250,200,20.0
1770114183.3660495,1.6041,55.30,-250,200,20.0
1770114183.4290588,1.7786,58.25,-250,200,20.0
1770114183.4912565,1.6982,57.02,-250,200,20.0
1770114183.563291,1.7929,58.31,-250,200,20.0
1770114183.6272645,1.5597,54.66,-250,200,20.0
1770114183.6892352,1.6634,56.64,-250,200,20.0
1770114183.750704,1.4138,52.11,-250,200,20.0
1770114183.8228207,1.7179,57.35,-250,200,20.0
1770114183.8867977,1.3605,50.75,-250,200,20.0
1770114183.9482543,1.4666,52.93,-250,200,20.0
1770114184.0210912,1.9455,60.43,-250,200,20.0
1770114184.0844321,1.7511,57.85,-250,200,20.0
1770114184.1457233,1.7383,57.65,-250,200,20.0
1770114184.2175016,1.7499,57.77,-250,200,20.0
1770114184.2806976,1.6864,56.84,-250,200,20.0
1770114184.3435097,1.7184,57.34,-250,200,20.0
1770114184.4054089,1.8142,58.79,-250,200,20.0
1770114184.477431,1.6999,57.05,-250,200,20.0
1770114184.5410588,1.5340,54.06,-250,200,20.0
1770114184.603493,1.8855,59.70,-250,200,20.0
1770114184.6746492,1.7226,57.40,-250,200,20.0
1770114184.7381895,1.9640,60.53,-250,200,20.0
1770114184.7997444,1.9900,61.01,-250,200,20.0
1770114184.8719282,1.9248,60.28,-250,200,20.0
1770114184.934982,1.7662,58.08,-250,200,20.0
1770114184.998854,1.5744,54.96,-250,200,20.0
1770114185.0618236,1.7743,58.08,-250,200,20.0
1770114185.1340606,1.7012,56.92,-250,200,20.0
1770114185.1979127,1.7370,57.55,-250,200,20.0
1770114185.260252,1.8006,58.43,-250,200,20.0
1770114185.3313913,1.5796,54.87,-250,200,20.0
1770114185.3942082,1.9124,60.05,-250,200,20.0
1770114185.4580493,1.8367,58.99,-250,200,20.0
1770114185.5200052,1.8236,58.83,-250,200,20.0
1770114185.5923474,1.9368,60.29,-250,200,20.0
1770114185.6559823,1.8927,59.58,-250,200,20.0
1770114185.7190833,1.7234,57.31,-250,200,20.0
1770114185.7797515,1.9146,60.13,-250,200,20.0
1770114185.8524752,1.8272,58.92,-250,200,20.0
1770114185.916767,1.7535,57.80,-250,200,20.0
1770114185.977644,1.5456,54.50,-250,200,20.0
1770114186.0417175,1.7422,57.73,-250,200,20.0
1770114186.1159678,1.7791,58.22,-250,200,20.0
1770114186.1790833,1.7108,57.26,-250,200,20.0
1770114186.255227,1.7292,57.59,-250,200,20.0
1770114186.3172944,1.7625,57.94,-250,200,20.0
1770114186.3805196,1.6454,56.24,-250,200,20.0
1770114186.4435244,1.7242,57.40,-250,200,20.0
1770114186.5054018,1.7088,57.08,-250,200,20.0
1770114186.5668838,1.8621,59.29,-250,200,20.0
1770114186.6390963,1.6847,56.67,-250,200,20.0
1770114186.702483,1.5620,54.45,-250,200,20.0
1770114186.7646627,1.6356,56.01,-250,200,20.0
1770114186.8372645,1.8693,59.47,-250,200,20.0
1770114186.89954,1.8614,59.37,-250,200,20.0
1770114186.9624455,1.4192,52.09,-250,200,20.0
1770114187.0235984,1.5324,54.26,-250,200,20.0
1770114187.0963054,1.6708,56.47,-250,200,20.0
1770114187.1603818,1.6301,55.60,-250,200,20.0
1770114187.2214704,1.8887,59.61,-250,200,20.0
1770114187.2938678,1.7362,57.39,-250,200,20.0
1770114187.357286,1.7388,57.56,-250,200,20.0
1770114187.4197521,1.6531,56.09,-250,200,20.0
1770114187.4912252,1.7262,57.42,-250,200,20.0
1770114187.553854,1.4561,52.53,-250,200,20.0
1770114187.6173697,1.6753,56.37,-250,200,20.0
1770114187.6786704,1.8759,59.50,-250,200,20.0
1770114187.7511287,1.9236,60.57,-250,200,20.0
1770114187.8144996,1.8040,58.44,-250,200,20.0
1770114187.8761618,1.8779,59.40,-250,200,20.0
1770114187.9486654,1.6353,55.84,-250,200,20.0
1770114188.0118818,1.8843,59.40,-250,200,20.0
1770114188.0737038,1.8940,59.65,-250,200,20.0
1770114188.1455398,1.7803,57.96,-250,200,20.0
1770114188.2089393,1.7125,57.00,-250,200,20.0
1770114188.2713845,1.8970,59.57,-250,200,20.0
1770114188.3425221,1.4744,52.97,-250,200,20.0
1770114188.4066086,1.6729,56.45,-250,200,20.0
1770114188.4703176,1.7344,57.54,-250,200,20.0
1770114188.53184,1.4803,53.39,-250,200,20.0
1770114188.6037939,1.4436,52.77,-250,200,20.0
1770114188.6669197,1.7900,58.42,-250,200,20.0
1770114188.7296574,1.9548,60.55,-250,200,20.0
1770114188.7949162,1.8055,58.76,-250,200,20.0
1770114188.856715,1.5667,54.73,-250,200,20.0
1770114188.9287708,1.6194,55.54,-250,200,20.0
1770114188.9918764,1.4498,52.73,-250,200,20.0
1770114189.053553,1.8392,59.15,-250,200,20.0
1770114189.1271596,1.5501,54.64,-250,200,20.0
1770114189.1906016,1.5628,54.82,-250,200,20.0
1770114189.2513402,1.3873,51.31,-250,200,20.0
1770114189.3234477,1.8159,58.68,-250,200,20.0
1770114189.3867228,1.5391,54.40,-250,200,20.0
1770114189.448835,1.8973,59.89,-250,200,20.0
1770114189.520566,1.7257,57.36,-250,200,20.0
1770114189.583527,1.5124,53.89,-250,200,20.0
1770114189.6462538,1.7688,58.06,-250,200,20.0
1770114189.7175307,1.8028,58.79,-250,200,20.0
1770114189.7807329,1.6472,56.24,-250,200,20.0
1770114189.8463504,1.6650,56.54,-250,200,20.0
1770114189.9110425,1.6416,56.06,-250,200,20.0
1770114189.9735749,1.6980,56.96,-250,200,20.0
1770114190.0444987,1.7041,57.03,-250,200,20.0
1770114190.1075015,1.6830,56.53,-250,200,20.0
1770114190.17113,1.6335,55.72,-250,200,20.0
1770114190.2323096,1.6060,55.44,-250,200,20.0
1770114190.3044124,1.3644,50.93,-250,200,20.0
1770114190.3673224,1.7929,58.10,-250,200,20.0
1770114190.4303775,1.5490,54.28,-250,200,20.0
1770114190.492582,1.4243,51.90,-250,200,20.0
1770114190.5542858,1.7288,57.40,-250,200,20.0
1770114190.6266558,1.7937,58.18,-250,200,20.0
1770114190.6902466,1.7543,57.65,-250,200,20.0
1770114190.7521355,1.6614,56.23,-250,200,20.0
1770114190.8237586,1.6780,56.49,-250,200,20.0
1770114190.8887098,1.4161,51.78,-250,200,20.0
1770114190.950089,1.7243,57.23,-250,200,20.0
1770114191.0121772,1.6925,56.93,-250,200,20.0
1770114191.0729504,1.3814,51.30,-250,200,20.0
1770114191.1472008,1.5542,54.36,-250,200,20.0
1770114191.2101195,1.7151,57.17,-250,200,20.0
1770114191.273341,1.6154,55.53,-250,200,20.0
1770114191.334628,1.7972,58.26,-250,200,20.0
1770114191.4074144,1.5596,54.50,-250,200,20.0
1770114191.4700272,1.5453,54.22,-250,200,20.0
1770114191.5461452,1.7509,57.57,-250,200,20.0
1770114191.6063561,1.8394,58.95,-250,200,20.0
1770114191.6593142,1.6755,56.52,-250,200,20.0
1770114191.731482,1.6656,56.37,-250,200,20.0
1770114191.7946012,1.4750,53.04,-250,200,20.0
1770114191.8574836,1.7831,58.07,-250,200,20.0
1770114191.9282498,1.7213,57.17,-250,200,20.0
1770114191.9909253,1.7021,57.00,-250,200,20.0
1770114192.054616,1.8265,58.81,-250,200,20.0
1770114192.1180055,1.6348,55.77,-250,200,20.0
1770114192.1802301,1.7167,57.08,-250,200,20.0
1770114192.2418857,1.7005,56.72,-250,200,20.0
1770114192.315483,1.6499,55.98,-250,200,20.0
1770114192.3781986,1.7062,57.09,-250,200,20.0
1770114192.4422367,1.7123,57.13,-250,200,20.0
1770114192.5045378,1.7569,57.71,-250,200,20.0
1770114192.566592,1.7365,57.56,-250,200,20.0
1770114192.6386952,1.7114,57.01,-250,200,20.0
1770114192.7021418,1.5701,54.68,-250,200,20.0
1770114192.764329,1.6709,56.58,-250,200,20.0
1770114192.8270476,1.7900,58.38,-250,200,20.0
1770114192.8992753,1.6841,56.71,-250,200,20.0
1770114192.9615278,1.8973,59.69,-250,200,20.0
1770114193.0245228,1.7336,57.51,-250,200,20.0
1770114193.0864408,1.7286,57.29,-250,200,20.0
1770114193.1586246,1.8415,59.07,-250,200,20.0
1770114193.2221434,1.6140,55.33,-250,200,20.0
1770114193.2849753,1.6724,56.50,-250,200,20.0
1770114193.3472056,1.8901,59.56,-250,200,20.0
1770114193.4102736,1.7099,57.15,-250,200,20.0
1770114193.4833562,1.6281,55.67,-250,200,20.0
1770114193.546151,1.6211,55.57,-250,200,20.0
1770114193.6094122,1.6823,56.56,-250,200,20.0
1770114193.6713297,1.7695,57.82,-250,200,20.0
1770114193.7366557,1.8080,58.45,-250,200,20.0
1770114193.8001516,1.9488,60.32,-250,200,20.0
1770114193.8722754,1.6998,56.79,-250,200,20.0
1770114193.93582,1.6478,55.99,-250,200,20.0
1770114193.9983623,1.7869,58.20,-250,200,20.0
1770114194.059859,1.7430,57.66,-250,200,20.0
1770114194.131849,1.6275,55.61,-250,200,20.0
1770114194.1946392,1.7862,58.15,-250,200,20.0
1770114194.2577004,1.6340,55.82,-250,200,20.0
1770114194.3196192,1.6510,56.08,-250,200,20.0
1770114194.39178,1.6706,56.39,-250,200,20.0
1770114194.4543467,1.6327,55.68,-250,200,20.0
1770114194.5179129,1.6623,56.29,-250,200,20.0
1770114194.5794663,1.4838,53.27,-250,200,20.0
1770114194.6512868,1.6726,56.48,-250,200,20.0
1770114194.7138271,1.5908,55.19,-250,200,20.0
1770114194.7776594,1.3960,51.33,-250,200,20.0
1770114194.8395412,1.7365,57.31,-250,200,20.0
1770114194.9111326,1.4622,52.66,-250,200,20.0
1770114194.9736624,1.7348,57.47,-250,200,20.0
1770114195.0362968,1.7271,57.34,-250,200,20.0
1770114195.099987,1.5226,53.84,-250,200,20.0
1770114195.1710143,1.4943,53.38,-250,200,20.0
1770114195.2345498,1.7062,56.99,-250,200,20.0
1770114195.297287,1.7270,57.28,-250,200,20.0
1770114195.3588724,1.7099,57.11,-250,200,20.0
1770114195.4301286,1.7474,57.55,-250,200,20.0
1770114195.493014,1.7379,57.35,-250,200,20.0
1770114195.5577967,1.7621,57.77,-250,200,20.0
1770114195.6215472,1.7151,57.00,-250,200,20.0
1770114195.6847513,1.7784,58.00,-250,200,20.0
1770114195.746402,1.7544,57.68,-250,200,20.0
1770114195.8195238,1.7284,57.26,-250,200,20.0
1770114195.8821726,1.6753,56.47,-250,200,20.0
1770114195.9460094,1.9735,60.71,-250,200,20.0
1770114196.0075047,1.6206,55.59,-250,200,20.0
1770114196.0791686,1.7303,57.31,-250,200,20.0
1770114196.1418517,1.9204,60.00,-250,200,20.0
1770114196.2057915,1.6693,56.25,-250,200,20.0
1770114196.267922,1.7180,57.13,-250,200,20.0
1770114196.3294873,1.7998,58.29,-250,200,20.0
1770114196.4026382,1.6997,56.74,-250,200,20.0
1770114196.4652932,1.7397,57.45,-250,200,20.0
1770114196.5287592,1.7203,57.10,-250,200,20.0
1770114196.5898795,1.6754,56.36,-250,200,20.0
1770114196.6688814,1.7279,57.21,-250,200,20.0
1770114196.7307167,1.6703,56.28,-250,200,20.0
1770114196.7938654,1.8016,58.18,-250,200,20.0
1770114196.855039,1.8894,59.51,-250,200,20.0
1770114196.9191625,1.6830,56.61,-250,200,20.0
1770114196.9818773,1.8196,58.80,-250,200,20.0
1770114197.0434916,1.7534,57.56,-250,200,20.0
1770114197.116589,1.7442,57.56,-250,200,20.0
1770114197.178942,1.8539,59.10,-250,200,20.0
1770114197.2416286,1.8212,58.93,-250,200,20.0
1770114197.3033767,1.9234,59.96,-250,200,20.0
1770114197.3762012,1.4989,53.46,-250,200,20.0
1770114197.4386892,1.8601,59.07,-250,200,20.0
1770114197.5023222,1.9075,59.72,-250,200,20.0
1770114197.563627,1.6250,55.61,-250,200,20.0
1770114197.6365619,1.8731,59.47,-250,200,20.0
1770114197.6997921,1.8963,59.66,-250,200,20.0
1770114197.762774,1.8884,59.50,-250,200,20.0
1770114197.8258908,1.6258,55.61,-250,200,20.0
1770114197.8968775,1.9484,60.23,-250,200,20.0
1770114197.9593868,1.8188,58.64,-250,200,20.0
1770114198.0225325,1.7977,58.10,-250,200,20.0
1770114198.0880513,1.8691,59.04,-250,200,20.0
1770114198.1520007,2.0638,61.63,-250,200,20.0
1770114198.214263,2.0808,61.74,-250,200,20.0
1770114198.2763903,1.6726,56.35,-250,200,20.0
1770114198.3482504,2.0453,61.44,-250,200,20.0
1770114198.411629,2.0663,61.17,-250,200,20.0
1770114198.4734323,1.9862,60.66,-250,200,20.0
1770114198.5358355,1.9192,59.82,-250,200,20.0
1770114198.603226,1.9080,59.57,-250,200,20.0
1770114198.6741416,1.8902,59.50,-250,200,20.0
1770114198.7368326,1.8912,59.35,-250,200,20.0
1770114198.8006024,2.1443,62.47,-250,200,20.0
1770114198.8629966,1.7221,56.89,-250,200,20.0
1770114198.9243822,1.7911,57.92,-250,200,20.0
1770114198.997043,1.9399,59.96,-250,200,20.0
1770114199.0602524,1.7631,57.45,-250,200,20.0
1770114199.1237485,1.8541,58.86,-250,200,20.0
1770114199.1847749,2.0568,61.40,-250,200,20.0
1770114199.2578793,1.7164,56.99,-250,200,20.0
1770114199.320623,1.6405,55.57,-250,200,20.0
1770114199.3842273,1.7837,57.88,-250,200,20.0
1770114199.4463232,2.0723,61.49,-250,200,20.0
1770114199.5182781,2.0532,61.42,-250,200,20.0
1770114199.5808055,1.7994,58.21,-250,200,20.0
1770114199.6447961,1.9562,60.14,-250,200,20.0
1770114199.706796,1.7614,57.52,-250,200,20.0
1770114199.76826,1.9471,60.10,-250,200,20.0
1770114199.8405216,1.7475,57.43,-250,200,20.0
1770114199.9039097,2.0478,61.32,-250,200,20.0
1770114199.966438,2.1040,61.94,-250,200,20.0
1770114200.0281558,1.6815,56.45,-250,200,20.0
1770114200.100427,1.9903,60.72,-250,200,20.0
1770114200.163193,1.7128,56.91,-250,200,20.0
1770114200.2266521,2.0861,61.76,-250,200,20.0
1770114200.2879698,1.8352,58.56,-250,200,20.0
1770114200.3599513,1.9439,59.98,-250,200,20.0
1770114200.4233491,1.8875,59.41,-250,200,20.0
1770114200.4866452,1.9824,60.57,-250,200,20.0
1770114200.548036,1.7689,57.54,-250,200,20.0
1770114200.610351,2.0017,60.79,-250,200,20.0
1770114200.6825101,1.9377,60.05,-250,200,20.0
1770114200.7457852,1.8860,59.19,-250,200,20.0
1770114200.8072522,2.0229,60.98,-250,200,20.0
1770114200.8795266,1.8116,58.16,-250,200,20.0
1770114200.9434192,2.0566,61.53,-250,200,20.0
1770114201.0147336,2.1195,62.12,-250,200,20.0
1770114201.0776734,2.1529,62.67,-250,200,20.0
1770114201.1395364,2.2686,63.70,-250,200,20.0
1770114201.2131455,2.0898,61.93,-250,200,20.0
1770114201.2740803,0.0605,3.29,-48,491,49.2
1770114201.3475416,-0.0557,-6.41,78,419,42.0
1770114201.419402,-0.2501,-20.09,250,200,20.0
1770114201.4816172,-0.0472,-6.88,79,404,40.5
1770114201.5548787,0.1404,0.83,-54,500,50.0
1770114201.617096,0.0936,-1.76,-18,500,50.0
1770114201.6918523,0.1257,-0.11,-42,500,50.0
1770114201.7640653,-0.0586,-13.15,153,216,21.7
1770114201.8399746,0.1092,1.79,-51,500,50.0
1770114201.9111307,0.1628,3.31,-84,491,49.1
1770114201.9843845,-0.1559,-12.97,232,219,22.0
1770114202.0563788,-0.5713,-27.97,250,200,20.0
1770114202.1285172,-0.5527,-23.97,250,200,20.0
1770114202.202855,0.9581,42.20,-250,200,20.0
1770114202.27487,1.0753,44.97,-250,200,20.0
1770114202.3471816,1.8342,59.17,-250,200,20.0
1770114202.4197986,2.0735,61.99,-250,200,20.0
1770114202.49605,2.1170,62.14,-250,200,20.0
1770114202.5670578,1.9537,60.14,-250,200,20.0
1770114202.6308272,1.8783,59.32,-250,200,20.0
1770114202.6924348,2.1590,62.49,-250,200,20.0
1770114202.7656138,2.1881,62.85,-250,200,20.0
1770114202.8292115,2.2118,63.21,-250,200,20.0
1770114202.8922584,2.0673,61.78,-250,200,20.0
1770114202.9647574,2.1246,62.25,-250,200,20.0
1770114203.0284588,2.0547,61.52,-250,200,20.0
1770114203.0993996,2.2773,64.28,-250,200,20.0
1770114203.1627529,2.2777,63.90,-250,200,20.0
1770114203.226371,2.3661,65.11,-250,200,20.0
1770114203.288105,2.2265,63.35,-250,200,20.0
1770114203.3607018,2.2090,63.17,-250,200,20.0
1770114203.4234715,1.9875,60.61,-250,200,20.0
1770114203.4868996,2.1653,62.76,-250,200,20.0
1770114203.5485504,2.1445,62.93,-250,200,20.0
1770114203.6208434,2.1322,62.57,-250,200,20.0
1770114203.684224,1.9889,60.84,-250,200,20.0
1770114203.7458456,2.0439,61.33,-250,200,20.0
1770114203.81804,1.9345,59.94,-250,200,20.0
1770114203.8819637,1.9996,60.77,-250,200,20.0
1770114203.944529,1.9916,60.68,-250,200,20.0
1770114204.0083897,1.9363,60.05,-250,200,20.0
1770114204.0794392,2.0790,61.73,-250,200,20.0
1770114204.1425936,2.0415,61.27,-250,200,20.0
1770114204.2053387,2.1806,62.92,-250,200,20.0
1770114204.2701514,1.9925,60.90,-250,200,20.0
1770114204.340647,1.9598,60.37,-250,200,20.0
1770114204.4040658,2.1019,62.07,-250,200,20.0
1770114204.4671695,2.1492,62.49,-250,200,20.0
1770114204.5279682,2.1203,62.34,-250,200,20.0
1770114204.5940473,1.9785,60.55,-250,200,20.0
1770114204.6664867,2.0920,61.97,-250,200,20.0
1770114204.7320182,2.0917,61.88,-250,200,20.0
1770114204.7958884,2.1479,62.62,-250,200,20.0
1770114204.8607767,1.8695,59.27,-250,200,20.0
1770114204.923361,2.0824,61.92,-250,200,20.0
1770114204.9946876,2.0973,61.98,-250,200,20.0
1770114205.0573437,2.0266,61.09,-250,200,20.0
1770114205.1209679,1.8565,59.15,-250,200,20.0
1770114205.182401,2.0985,61.98,-250,200,20.0
1770114205.2545831,1.8308,58.51,-250,200,20.0
1770114205.318039,2.1506,62.63,-250,200,20.0
1770114205.379915,1.8558,59.16,-250,200,20.0
1770114205.452294,1.9358,60.15,-250,200,20.0
1770114205.5166848,1.8593,59.04,-250,200,20.0
1770114205.5776973,1.8278,58.60,-250,200,20.0
1770114205.6399684,1.6774,56.46,-250,200,20.0
1770114205.7123783,1.7541,57.62,-250,200,20.0
1770114205.7758303,2.0597,61.49,-250,200,20.0
1770114205.8379416,2.0594,61.46,-250,200,20.0
1770114205.8994439,1.8803,59.12,-250,200,20.0
1770114205.9720542,1.7965,58.23,-250,200,20.0
1770114206.0354311,2.0709,61.68,-250,200,20.0
1770114206.096667,1.8584,59.06,-250,200,20.0
1770114206.170668,1.7982,58.04,-250,200,20.0
1770114206.2354736,2.1446,62.47,-250,200,20.0
1770114206.2987552,1.7548,57.68,-250,200,20.0
1770114206.3610704,1.7551,57.40,-250,200,20.0
1770114206.432764,2.0821,61.96,-250,200,20.0
1770114206.4961593,1.8848,59.47,-250,200,20.0
1770114206.5589309,2.0440,61.32,-250,200,20.0
1770114206.622061,1.9007,59.58,-250,200,20.0
1770114206.6940694,1.7703,57.87,-250,200,20.0
1770114206.7567205,1.8323,58.51,-250,200,20.0
1770114206.8208435,1.8457,58.69,-250,200,20.0
1770114206.8822849,1.9083,59.69,-250,200,20.0
1770114206.9577403,1.9308,59.86,-250,200,20.0
1770114207.0301204,1.7725,57.85,-250,200,20.0
1770114207.0862105,2.0411,61.43,-250,200,20.0
1770114207.1595104,1.8459,58.86,-250,200,20.0
1770114207.2211504,2.0034,60.80,-250,200,20.0
1770114207.2744584,1.9088,59.60,-250,200,20.0
1770114207.3461404,2.0407,61.26,-250,200,20.0
1770114207.410387,1.9059,59.70,-250,200,20.0
1770114207.4714437,2.0069,60.99,-250,200,20.0
1770114207.543272,2.0102,60.89,-250,200,20.0
1770114207.606993,1.9347,60.01,-250,200,20.0
1770114207.6696348,2.0567,61.69,-250,200,20.0
1770114207.731255,2.1093,62.16,-250,200,20.0
1770114207.804346,2.1588,62.72,-250,200,20.0
1770114207.867967,1.9210,59.87,-250,200,20.0
1770114207.9315357,1.7569,57.79,-250,200,20.0
1770114207.9923832,1.8568,58.90,-250,200,20.0
1770114208.0658023,1.9935,60.85,-250,200,20.0
1770114208.1291583,1.9140,59.80,-250,200,20.0
1770114208.1926148,1.9528,60.42,-250,200,20.0
1770114208.2535787,1.8079,58.25,-250,200,20.0
1770114208.3260777,2.0077,60.86,-250,200,20.0
1770114208.3895237,1.9081,59.66,-250,200,20.0
1770114208.4528189,2.0747,61.68,-250,200,20.0
1770114208.5168583,1.9354,60.27,-250,200,20.0
1770114208.5885334,1.9436,60.15,-250,200,20.0
1770114208.651785,1.9872,60.71,-250,200,20.0
1770114208.7141395,2.0105,60.92,-250,200,20.0
1770114208.7855008,2.0434,61.29,-250,200,20.0
1770114208.848407,1.8852,59.46,-250,200,20.0
1770114208.9117122,1.8296,58.68,-250,200,20.0
1770114208.9729419,1.8741,59.16,-250,200,20.0
1770114209.0452087,1.8765,59.08,-250,200,20.0
1770114209.1087468,1.9070,59.56,-250,200,20.0
1770114209.1702733,2.0078,60.83,-250,200,20.0
1770114209.2421901,2.0732,61.78,-250,200,20.0
1770114209.3054888,1.7921,57.95,-250,200,20.0
1770114209.3690572,1.8278,58.65,-250,200,20.0
1770114209.4302862,1.9754,60.46,-250,200,20.0
1770114209.5018156,2.2953,64.08,-250,200,20.0
1770114209.5656462,2.0233,61.08,-250,200,20.0
1770114209.6267262,2.1209,62.21,-250,200,20.0
1770114209.6994832,1.7916,57.97,-250,200,20.0
1770114209.7628753,1.8680,59.07,-250,200,20.0
1770114209.8255792,2.1237,62.32,-250,200,20.0
1770114209.8871717,2.0513,61.43,-250,200,20.0
1770114209.959723,1.9347,60.06,-250,200,20.0
1770114210.0233784,2.1080,61.98,-250,200,20.0
1770114210.084926,2.0467,61.23,-250,200,20.0
1770114210.157242,2.3021,64.12,-250,200,20.0
1770114210.2210925,2.0968,62.07,-250,200,20.0
1770114210.2838335,1.8893,59.41,-250,200,20.0
1770114210.345705,2.0742,61.62,-250,200,20.0
1770114210.4170847,1.9740,60.56,-250,200,20.0
1770114210.4810028,1.8326,58.51,-250,200,20.0
1770114210.5428865,2.0786,61.66,-250,200,20.0
1770114210.6140738,2.0722,61.62,-250,200,20.0
1770114210.6779523,2.2545,63.71,-250,200,20.0
1770114210.739208,2.0253,61.24,-250,200,20.0
1770114210.8048983,2.0672,61.53,-250,200,20.0
1770114210.8768501,1.7369,57.35,-250,200,20.0
1770114210.939516,1.7512,57.47,-250,200,20.0
1770114211.0019243,1.9538,60.12,-250,200,20.0
1770114211.0641618,1.8674,58.96,-250,200,20.0
1770114211.1362014,1.9259,60.02,-250,200,20.0
1770114211.2003138,2.0909,61.81,-250,200,20.0
1770114211.2624402,2.1330,62.34,-250,200,20.0
1770114211.3342633,1.9223,59.79,-250,200,20.0
1770114211.396984,1.9573,60.22,-250,200,20.0
1770114211.4610832,1.6981,56.58,-250,200,20.0
1770114211.5223784,1.7507,57.59,-250,200,20.0
1770114211.5960069,2.0256,61.26,-250,200,20.0
1770114211.6594486,1.9081,59.77,-250,200,20.0
1770114211.7216609,1.9184,59.98,-250,200,20.0
1770114211.7849884,2.1163,62.38,-250,200,20.0
1770114211.8565862,2.0354,61.41,-250,200,20.0
1770114211.9205365,2.2097,63.48,-250,200,20.0
1770114211.9847817,1.9232,60.05,-250,200,20.0
1770114212.0459814,1.7635,57.89,-250,200,20.0
1770114212.1179476,1.8798,59.49,-250,200,20.0
1770114212.1813655,1.9874,60.86,-250,200,20.0
1770114212.2558274,2.0352,61.49,-250,200,20.0
1770114212.316181,2.0639,61.82,-250,200,20.0
1770114212.3790658,2.0889,62.10,-250,200,20.0
1770114212.4426887,2.0903,62.10,-250,200,20.0
1770114212.5043492,2.1101,62.33,-250,200,20.0
1770114212.5763268,1.9820,60.87,-250,200,20.0
1770114212.639016,1.6848,56.59,-250,200,20.0
1770114212.7022855,2.0972,62.24,-250,200,20.0
1770114212.7734153,2.1001,62.17,-250,200,20.0
1770114212.835975,2.1926,63.18,-250,200,20.0
1770114212.899557,2.1256,62.57,-250,200,20.0
1770114212.9609613,1.9220,60.06,-250,200,20.0
1770114213.0333836,2.0651,61.77,-250,200,20.0
1770114213.0964417,1.8541,59.06,-250,200,20.0
1770114213.1593935,1.7133,57.11,-250,200,20.0
1770114213.2306397,2.0452,61.51,-250,200,20.0
1770114213.293384,1.9053,59.86,-250,200,20.0
1770114213.3569705,2.0803,61.94,-250,200,20.0
1770114213.4190757,1.8969,59.66,-250,200,20.0
1770114213.4910512,2.0406,61.55,-250,200,20.0
1770114213.5544128,2.0757,61.87,-250,200,20.0
1770114213.6178463,2.1534,62.71,-250,200,20.0
1770114213.679186,1.9660,60.63,-250,200,20.0
1770114213.7516115,1.8869,59.72,-250,200,20.0
1770114213.814958,1.7559,57.63,-250,200,20.0
1770114213.876969,1.8863,59.53,-250,200,20.0
1770114213.948878,1.7806,58.08,-250,200,20.0
1770114214.0117192,1.7144,57.17,-250,200,20.0
1770114214.0750396,1.6373,55.85,-250,200,20.0
1770114214.1362529,1.8773,59.54,-250,200,20.0
1770114214.2088184,1.8444,58.85,-250,200,20.0
1770114214.2720537,1.9408,60.19,-250,200,20.0
1770114214.333857,1.8551,58.99,-250,200,20.0
1770114214.4060774,1.8861,59.45,-250,200,20.0
1770114214.4705696,1.9149,59.93,-250,200,20.0
1770114214.5332634,2.0577,61.83,-250,200,20.0
1770114214.5945902,2.1016,62.14,-250,200,20.0
1770114214.6679616,1.9115,59.95,-250,200,20.0
1770114214.7316172,1.9334,60.63,-250,200,20.0
1770114214.7941096,1.8517,59.14,-250,200,20.0
1770114214.8559034,1.7870,58.33,-250,200,20.0
1770114214.9279811,2.0925,62.06,-250,200,20.0
1770114214.9915636,2.1963,63.25,-250,200,20.0
1770114215.053099,1.9271,60.11,-250,200,20.0
1770114215.1256757,1.9581,60.40,-250,200,20.0
1770114215.1888025,1.9130,59.89,-250,200,20.0
1770114215.251831,2.2957,64.36,-250,200,20.0
1770114215.3132455,1.7906,58.09,-250,200,20.0
1770114215.3853626,1.9225,60.24,-250,200,20.0
1770114215.4489574,2.1379,62.62,-250,200,20.0
1770114215.5121183,1.9062,59.75,-250,200,20.0
1770114215.5766141,1.7743,58.18,-250,200,20.0
1770114215.639908,1.8318,58.77,-250,200,20.0
1770114215.7124372,1.8820,59.37,-250,200,20.0
1770114215.7759385,1.8243,58.66,-250,200,20.0
1770114215.8379817,2.0452,61.53,-250,200,20.0
1770114215.9092782,1.8371,58.82,-250,200,20.0
1770114215.9724646,2.0408,61.71,-250,200,20.0
1770114216.0354795,1.9381,60.37,-250,200,20.0
1770114216.0967588,2.0155,61.13,-250,200,20.0
1770114216.1695535,2.0230,61.31,-250,200,20.0
1770114216.2331853,1.9113,59.83,-250,200,20.0
1770114216.2948098,2.0658,61.81,-250,200,20.0
1770114216.3668516,2.0300,61.44,-250,200,20.0
1770114216.4315498,2.0793,62.01,-250,200,20.0
1770114216.492794,2.0364,61.34,-250,200,20.0
1770114216.5546823,1.9394,60.26,-250,200,20.0
1770114216.6270792,1.9219,59.93,-250,200,20.0
1770114216.6904387,1.8990,59.69,-250,200,20.0
1770114216.7524142,2.0016,60.91,-250,200,20.0
1770114216.8160048,1.9448,60.34,-250,200,20.0
1770114216.8885689,1.8913,59.65,-250,200,20.0
1770114216.952993,1.8188,58.67,-250,200,20.0
1770114217.0155,1.8254,58.82,-250,200,20.0
1770114217.086153,1.6935,56.89,-250,200,20.0
1770114217.1489825,2.0414,61.54,-250,200,20.0
1770114217.212518,1.9217,60.02,-250,200,20.0
1770114217.2736177,2.2131,63.41,-250,200,20.0
1770114217.3588293,1.9947,60.93,-250,200,20.0
1770114217.418968,1.9861,60.76,-250,200,20.0
1770114217.4727714,1.9677,60.74,-250,200,20.0
1770114217.5340104,1.9441,60.25,-250,200,20.0
1770114217.6068275,1.9183,60.08,-250,200,20.0
1770114217.6705725,1.7161,56.96,-250,200,20.0
1770114217.732283,1.9159,60.00,-250,200,20.0
1770114217.8042243,2.0291,61.35,-250,200,20.0
1770114217.8676257,2.1565,62.84,-250,200,20.0
1770114217.929756,1.8793,59.73,-250,200,20.0
1770114218.0024636,1.9551,60.40,-250,200,20.0
1770114218.0654073,2.0513,61.59,-250,200,20.0
1770114218.1284287,1.8667,59.37,-250,200,20.0
1770114218.1904702,1.9636,60.48,-250,200,20.0
1770114218.2621684,1.9200,59.96,-250,200,20.0
1770114218.3253174,1.9414,60.23,-250,200,20.0
1770114218.3880036,1.9713,60.54,-250,200,20.0
1770114218.451219,1.9869,60.93,-250,200,20.0
1770114218.5230367,1.7507,57.67,-250,200,20.0
1770114218.5864844,2.0786,62.03,-250,200,20.0
1770114218.648399,2.0313,61.48,-250,200,20.0
1770114218.7201707,2.0873,62.10,-250,200,20.0
1770114218.784007,1.9261,60.01,-250,200,20.0
1770114218.8462956,1.9857,60.83,-250,200,20.0
1770114218.907888,2.1927,63.20,-250,200,20.0
1770114218.9805243,2.0647,61.98,-250,200,20.0
1770114219.0439544,2.1289,62.66,-250,200,20.0
1770114219.1058316,2.1608,62.79,-250,200,20.0
1770114219.1778398,2.1378,62.52,-250,200,20.0
1770114219.2404857,1.9246,60.03,-250,200,20.0
1770114219.3042476,1.9619,60.50,-250,200,20.0
1770114219.3659146,1.9850,60.80,-250,200,20.0
1770114219.4376423,1.8119,58.54,-250,200,20.0
1770114219.5011978,1.8579,59.24,-250,200,20.0
1770114219.5686011,2.1391,62.62,-250,200,20.0
1770114219.6312776,1.9579,60.54,-250,200,20.0
1770114219.692715,1.8436,59.00,-250,200,20.0
1770114219.7650275,1.9146,59.94,-250,200,20.0
1770114219.8283556,1.8850,59.44,-250,200,20.0
1770114219.8906178,1.9411,60.18,-250,200,20.0
1770114219.9620152,1.8542,59.07,-250,200,20.0
1770114220.024659,1.9149,59.81,-250,200,20.0
1770114220.0879118,2.1359,62.54,-250,200,20.0
1770114220.1492732,2.1280,62.49,-250,200,20.0
1770114220.221792,2.1800,63.05,-250,200,20.0
1770114220.2853925,2.0951,61.97,-250,200,20.0
1770114220.3468778,2.0652,61.78,-250,200,20.0
1770114220.4197414,2.2185,63.47,-250,200,20.0
1770114220.4830642,2.1276,62.45,-250,200,20.0
1770114220.5463235,1.8479,59.01,-250,200,20.0
1770114220.6174872,2.3390,64.60,-250,200,20.0
1770114220.6828363,1.8120,58.47,-250,200,20.0
1770114220.7437718,2.0966,62.13,-250,200,20.0
1770114220.8059185,1.9996,61.11,-250,200,20.0
1770114220.8771102,2.1201,62.47,-250,200,20.0
1770114220.9403014,2.1513,62.76,-250,200,20.0
1770114221.0041566,2.1619,62.80,-250,200,20.0
1770114221.065187,2.0714,61.83,-250,200,20.0
1770114221.1375117,2.0969,62.03,-250,200,20.0
1770114221.2010329,2.1375,62.63,-250,200,20.0
1770114221.2631285,1.9129,59.90,-250,200,20.0
1770114221.327127,2.2739,64.04,-250,200,20.0
1770114221.3998206,1.9966,61.00,-250,200,20.0
1770114221.462692,1.8498,59.07,-250,200,20.0
1770114221.525513,1.9005,59.76,-250,200,20.0
1770114221.586912,1.8301,58.85,-250,200,20.0
1770114221.6602395,1.8698,59.47,-250,200,20.0
1770114221.7239242,1.8763,59.58,-250,200,20.0
1770114221.7853222,1.8578,59.27,-250,200,20.0
1770114221.8574562,1.9084,59.99,-250,200,20.0
1770114221.9201095,1.8955,59.77,-250,200,20.0
1770114221.983407,2.1446,62.81,-250,200,20.0
1770114222.0493941,1.8358,59.01,-250,200,20.0
1770114222.1104414,2.1186,62.55,-250,200,20.0
1770114222.1836607,1.7988,58.53,-250,200,20.0
1770114222.247308,1.7667,58.12,-250,200,20.0
1770114222.3108692,2.0347,61.57,-250,200,20.0
1770114222.3723633,1.9268,60.17,-250,200,20.0
1770114222.4578238,1.9211,60.21,-250,200,20.0
1770114222.5178542,2.0231,61.37,-250,200,20.0
1770114222.571468,1.7813,58.23,-250,200,20.0
1770114222.6337209,1.8364,58.91,-250,200,20.0
1770114222.7056751,2.1790,63.12,-250,200,20.0
1770114222.7690752,2.0273,61.49,-250,200,20.0
1770114222.8311572,2.0595,61.91,-250,200,20.0
1770114222.9029675,2.0346,61.64,-250,200,20.0
1770114222.9663405,2.0063,61.28,-250,200,20.0
1770114223.0299287,2.0967,62.31,-250,200,20.0
1770114223.0922472,1.9368,60.44,-250,200,20.0
1770114223.1645012,2.1176,62.52,-250,200,20.0
1770114223.2282305,1.8785,59.63,-250,200,20.0
1770114223.2918072,1.8871,59.66,-250,200,20.0
1770114223.352602,2.2899,64.32,-250,200,20.0
1770114223.4259784,2.0579,61.84,-250,200,20.0
1770114223.4880588,2.1400,62.81,-250,200,20.0
1770114223.5498776,2.0826,62.11,-250,200,20.0
1770114223.622666,2.0328,61.58,-250,200,20.0
1770114223.6850438,1.8401,59.04,-250,200,20.0
1770114223.7481215,2.0245,61.44,-250,200,20.0
1770114223.8103132,2.0576,61.82,-250,200,20.0
1770114223.882573,2.0885,62.20,-250,200,20.0
1770114223.946456,2.0961,62.28,-250,200,20.0
1770114224.008723,2.0211,61.42,-250,200,20.0
1770114224.0736878,1.9732,60.77,-250,200,20.0
1770114224.1456363,1.8522,59.26,-250,200,20.0
1770114224.2079268,2.0499,61.69,-250,200,20.0
1770114224.2707307,2.0109,61.27,-250,200,20.0
1770114224.3323221,1.9617,60.69,-250,200,20.0
1770114224.4045408,1.9909,61.02,-250,200,20.0
1770114224.4686055,2.2287,63.69,-250,200,20.0
1770114224.5308142,1.9667,60.77,-250,200,20.0
1770114224.5938752,2.0225,61.45,-250,200,20.0
1770114224.6677737,2.2602,64.05,-250,200,20.0
1770114224.7318075,2.1791,63.19,-250,200,20.0
1770114224.793889,2.2478,63.92,-250,200,20.0
1770114224.8559034,2.1125,62.45,-250,200,20.0
1770114224.9279447,1.7143,57.34,-250,200,20.0
1770114224.9915438,2.1660,63.11,-250,200,20.0
1770114225.0531805,2.0514,61.78,-250,200,20.0
1770114225.1251993,1.7806,58.29,-250,200,20.0
1770114225.1884081,2.0096,61.23,-250,200,20.0
1770114225.2510126,1.8957,59.85,-250,200,20.0
1770114225.3126771,1.9489,60.40,-250,200,20.0
1770114225.3852267,2.0865,62.20,-250,200,20.0
1770114225.4488041,1.9614,60.71,-250,200,20.0
1770114225.5101273,2.0671,61.96,-250,200,20.0
1770114225.5824916,1.9413,60.53,-250,200,20.0
1770114225.6463847,2.0625,61.88,-250,200,20.0
1770114225.7084363,2.1033,62.38,-250,200,20.0
1770114225.7798238,1.9362,60.42,-250,200,20.0
1770114225.8432038,2.0909,62.15,-250,200,20.0
1770114225.9070442,2.0648,62.07,-250,200,20.0
1770114225.9692988,2.1158,62.61,-250,200,20.0
1770114226.0313525,1.9117,60.11,-250,200,20.0
1770114226.1033635,1.8230,58.78,-250,200,20.0
1770114226.1670063,1.9584,60.58,-250,200,20.0
1770114226.2281659,1.8348,59.13,-250,200,20.0
1770114226.3013988,1.8684,59.53,-250,200,20.0
1770114226.3660839,2.0366,61.58,-250,200,20.0
1770114226.4276502,1.7545,57.84,-250,200,20.0
1770114226.4988918,2.0583,61.84,-250,200,20.0
1770114226.5624633,2.1721,63.01,-250,200,20.0
1770114226.6251075,1.9875,60.98,-250,200,20.0
1770114226.6867685,1.7841,58.33,-250,200,20.0
1770114226.7594664,1.8964,59.81,-250,200,20.0
1770114226.8225324,1.9167,60.15,-250,200,20.0
1770114226.8851404,1.9247,60.24,-250,200,20.0
1770114226.9469466,1.9312,60.27,-250,200,20.0
1770114227.0191994,1.7063,57.14,-250,200,20.0
1770114227.0829802,1.8557,59.28,-250,200,20.0
1770114227.1446252,1.7549,57.91,-250,200,20.0
1770114227.216629,1.8965,59.92,-250,200,20.0
1770114227.2797787,1.8262,58.91,-250,200,20.0
1770114227.3452473,2.0351,61.62,-250,200,20.0
1770114227.4083033,1.9763,60.93,-250,200,20.0
1770114227.4797792,1.9213,60.16,-250,200,20.0
1770114227.5550838,2.0606,61.84,-250,200,20.0
1770114227.6177368,2.0647,61.91,-250,200,20.0
1770114227.6808844,2.0067,61.22,-250,200,20.0
1770114227.7451484,1.7396,57.60,-250,200,20.0
1770114227.8145385,2.0647,61.99,-250,200,20.0
1770114227.8683813,2.1435,62.83,-250,200,20.0
1770114227.9310284,2.0769,62.04,-250,200,20.0
1770114227.9948702,2.0123,61.37,-250,200,20.0
1770114228.0663793,2.0396,61.62,-250,200,20.0
1770114228.1301668,1.9808,60.89,-250,200,20.0
1770114228.1940777,1.8093,58.66,-250,200,20.0
1770114228.2552018,2.0298,61.50,-250,200,20.0
1770114228.3277123,2.0649,61.92,-250,200,20.0
1770114228.391658,2.1149,62.56,-250,200,20.0
1770114228.453405,1.8659,59.53,-250,200,20.0
1770114228.5254087,1.9023,60.01,-250,200,20.0
1770114228.5881028,1.9078,60.01,-250,200,20.0
1770114228.6512115,2.1333,62.63,-250,200,20.0
1770114228.7123947,1.9521,60.56,-250,200,20.0
1770114228.7856214,2.0577,61.83,-250,200,20.0
1770114228.8496628,1.9111,60.10,-250,200,20.0
1770114228.9135323,1.9313,60.30,-250,200,20.0
1770114228.974742,1.9885,60.96,-250,200,20.0
1770114229.0477526,2.0728,62.06,-250,200,20.0
1770114229.111221,1.7152,57.24,-250,200,20.0
1770114229.173321,1.8851,59.72,-250,200,20.0
1770114229.2354121,1.7075,57.15,-250,200,20.0
1770114229.3077188,2.0403,61.67,-250,200,20.0
1770114229.371153,2.0060,61.21,-250,200,20.0
1770114229.4354072,1.9430,60.45,-250,200,20.0
1770114229.4973218,2.0105,61.30,-250,200,20.0
1770114229.5690436,2.0170,61.35,-250,200,20.0
1770114229.6322224,1.9156,60.05,-250,200,20.0
1770114229.6939554,1.9913,61.15,-250,200,20.0
1770114229.7658541,1.9133,60.07,-250,200,20.0
1770114229.8298569,1.8114,58.59,-250,200,20.0
1770114229.8921607,2.0746,62.01,-250,200,20.0
1770114229.9533615,1.8938,59.72,-250,200,20.0
1770114230.0271547,1.9658,60.69,-250,200,20.0
1770114230.0931282,1.9029,59.94,-250,200,20.0
1770114230.154079,1.9407,60.43,-250,200,20.0
1770114230.2252564,1.8226,58.93,-250,200,20.0
1770114230.2889507,2.0954,62.32,-250,200,20.0
1770114230.3545713,1.9528,60.68,-250,200,20.0
1770114230.418049,1.9443,60.42,-250,200,20.0
1770114230.47753,1.6697,56.64,-250,200,20.0
1770114230.5499737,1.9746,60.83,-250,200,20.0
1770114230.6138086,2.0659,61.95,-250,200,20.0
1770114230.6756368,1.9737,60.76,-250,200,20.0
1770114230.746989,1.9489,60.48,-250,200,20.0
1770114230.8097339,1.9354,60.35,-250,200,20.0
1770114230.8733075,2.0754,62.00,-250,200,20.0
1770114230.9354162,1.9184,60.17,-250,200,20.0
1770114231.0074341,1.8473,59.13,-250,200,20.0
1770114231.0721416,1.9668,60.77,-250,200,20.0
1770114231.136639,1.9135,60.02,-250,200,20.0
1770114231.1963482,1.9733,60.74,-250,200,20.0
1770114231.268386,1.9145,60.05,-250,200,20.0
1770114231.332063,2.2049,63.45,-250,200,20.0
1770114231.3936949,2.0111,61.33,-250,200,20.0
1770114231.465538,1.9902,60.99,-250,200,20.0
1770114231.5304706,1.9799,60.92,-250,200,20.0
1770114231.5925744,2.1407,62.82,-250,200,20.0
1770114231.663769,1.7441,57.72,-250,200,20.0
1770114231.7268302,2.0525,61.81,-250,200,20.0
1770114231.7908146,1.9086,59.98,-250,200,20.0
1770114231.8528965,1.8382,59.03,-250,200,20.0
1770114231.9238453,2.0378,61.58,-250,200,20.0
1770114231.9871008,2.0514,61.76,-250,200,20.0
1770114232.050502,2.0238,61.48,-250,200,20.0
1770114232.1150734,2.0311,61.54,-250,200,20.0
1770114232.1867113,1.9294,60.22,-250,200,20.0
1770114232.2516775,2.1123,62.39,-250,200,20.0
1770114232.3127117,1.9776,60.86,-250,200,20.0
1770114232.3760734,1.9550,60.66,-250,200,20.0
1770114232.447258,2.0700,62.03,-250,200,20.0
1770114232.5097547,1.9895,61.12,-250,200,20.0
1770114232.5734622,1.9953,61.05,-250,200,20.0
1770114232.6364326,2.0290,61.62,-250,200,20.0
1770114232.7095463,1.9508,60.58,-250,200,20.0
1770114232.7716136,1.7235,57.33,-250,200,20.0
1770114232.8475134,1.8242,58.86,-250,200,20.0
1770114232.9187524,1.8236,58.79,-250,200,20.0
1770114232.9716263,2.0609,61.94,-250,200,20.0
1770114233.0343914,2.1227,62.53,-250,200,20.0
1770114233.098557,1.9752,60.85,-250,200,20.0
1770114233.1612067,1.9863,60.93,-250,200,20.0
1770114233.2333336,1.7770,58.15,-250,200,20.0
1770114233.2967415,1.8282,58.89,-250,200,20.0
1770114233.3609717,1.9131,60.14,-250,200,20.0
1770114233.4243953,1.8976,59.85,-250,200,20.0
1770114233.4880288,1.9902,61.02,-250,200,20.0
1770114233.5589643,2.1659,63.04,-250,200,20.0
1770114233.6224723,2.1107,62.53,-250,200,20.0
1770114233.6834862,2.0543,61.81,-250,200,20.0
1770114233.7464776,1.9690,60.83,-250,200,20.0
1770114233.8184538,1.9031,59.96,-250,200,20.0
1770114233.882835,2.1772,63.25,-250,200,20.0
1770114233.9484868,1.9241,60.18,-250,200,20.0
1770114234.0187178,1.9060,59.91,-250,200,20.0
1770114234.0768967,1.9652,60.86,-250,200,20.0
1770114234.1493578,2.0385,61.65,-250,200,20.0
1770114234.210561,1.8187,58.81,-250,200,20.0
1770114234.2736628,1.7924,58.48,-250,200,20.0
1770114234.3356977,2.0009,61.15,-250,200,20.0
1770114234.409344,2.0846,62.17,-250,200,20.0
1770114234.4714458,2.0519,61.79,-250,200,20.0
1770114234.5351293,1.9231,60.14,-250,200,20.0
1770114234.5983453,1.9707,60.83,-250,200,20.0
1770114234.6622493,1.9055,60.05,-250,200,20.0
1770114234.733501,1.8399,59.14,-250,200,20.0
1770114234.7992263,1.9269,60.26,-250,200,20.0
1770114234.8624482,1.9140,60.06,-250,200,20.0
1770114234.9236605,1.9158,60.14,-250,200,20.0
1770114234.9949727,1.9602,60.63,-250,200,20.0
1770114235.058537,1.6842,56.77,-250,200,20.0
1770114235.1206548,1.9029,59.92,-250,200,20.0
1770114235.1922216,1.8694,59.50,-250,200,20.0
1770114235.2546992,1.9568,60.67,-250,200,20.0
1770114235.318323,1.6982,57.01,-250,200,20.0
1770114235.380547,1.8860,59.69,-250,200,20.0
1770114235.451907,2.1216,62.54,-250,200,20.0
1770114235.5154278,1.9108,60.09,-250,200,20.0
1770114235.5799363,2.0081,61.30,-250,200,20.0
1770114235.6408675,1.9235,60.15,-250,200,20.0
1770114235.7135544,1.8384,59.05,-250,200,20.0
1770114235.777043,1.8556,59.28,-250,200,20.0
1770114235.8394747,1.8364,59.02,-250,200,20.0
1770114235.9112394,1.7228,57.43,-250,200,20.0
1770114235.9738667,1.9209,60.14,-250,200,20.0
1770114236.0375717,2.0984,62.29,-250,200,20.0
1770114236.099922,1.8865,59.71,-250,200,20.0
1770114236.1717749,1.8511,59.21,-250,200,20.0
1770114236.2353365,1.9778,60.90,-250,200,20.0
1770114236.3008318,1.7017,57.05,-250,200,20.0
1770114236.3649414,1.9976,61.10,-250,200,20.0
1770114236.4273448,1.9469,60.50,-250,200,20.0
1770114236.4984994,1.7034,57.09,-250,200,20.0
1770114236.5619872,1.9349,60.32,-250,200,20.0
1770114236.6251264,1.7728,58.05,-250,200,20.0
1770114236.6861985,2.0607,61.90,-250,200,20.0
1770114236.760194,1.9928,61.16,-250,200,20.0
1770114236.8236003,2.0120,61.31,-250,200,20.0
1770114236.886418,1.7511,57.84,-250,200,20.0
1770114236.9479058,1.9781,60.86,-250,200,20.0
1770114237.0211523,2.0365,61.57,-250,200,20.0
1770114237.0843112,2.0896,62.21,-250,200,20.0
1770114237.1468973,2.0174,61.46,-250,200,20.0
1770114237.2092927,2.0213,61.40,-250,200,20.0
1770114237.281509,1.7921,58.44,-250,200,20.0
1770114237.3450916,2.0404,61.66,-250,200,20.0
1770114237.4075859,1.7794,58.28,-250,200,20.0
1770114237.4787464,1.8364,59.06,-250,200,20.0
1770114237.5426383,1.8742,59.58,-250,200,20.0
1770114237.6046312,2.1013,62.31,-250,200,20.0
1770114237.6659822,1.9424,60.42,-250,200,20.0
1770114237.7389328,1.9611,60.62,-250,200,20.0
1770114237.8017304,2.1328,62.68,-250,200,20.0
1770114237.8727639,2.0177,61.35,-250,200,20.0
1770114237.9391692,1.9856,60.96,-250,200,20.0
1770114238.0107625,1.9760,60.85,-250,200,20.0
1770114238.0623899,1.8345,59.00,-250,200,20.0
1770114238.1248488,1.9340,60.39,-250,200,20.0
1770114238.1974947,1.8982,59.83,-250,200,20.0
1770114238.260758,1.9843,60.96,-250,200,20.0
1770114238.3240612,1.9725,60.83,-250,200,20.0
1770114238.3903441,1.8946,59.80,-250,200,20.0
1770114238.4601061,1.9528,60.55,-250,200,20.0
1770114238.5243795,1.9678,60.72,-250,200,20.0
1770114238.5865033,1.8714,59.49,-250,200,20.0
1770114238.6476104,1.9460,60.48,-250,200,20.0
1770114238.7205431,1.9526,60.55,-250,200,20.0
1770114238.7836277,2.0561,61.90,-250,200,20.0
1770114238.846807,2.1351,62.72,-250,200,20.0
1770114238.9173484,2.1354,62.72,-250,200,20.0
1770114238.9801276,1.9901,61.03,-250,200,20.0
1770114239.0432012,1.9885,61.06,-250,200,20.0
1770114239.1054933,1.9776,60.84,-250,200,20.0
1770114239.1775784,1.9055,59.98,-250,200,20.0
1770114239.2413182,2.0421,61.63,-250,200,20.0
1770114239.303985,2.0367,61.61,-250,200,20.0
1770114239.3747377,2.0439,61.70,-250,200,20.0
1770114239.440057,2.0098,61.20,-250,200,20.0
1770114239.5026808,1.9610,60.61,-250,200,20.0
1770114239.5658612,2.0674,61.95,-250,200,20.0
1770114239.629133,1.6928,56.85,-250,200,20.0
1770114239.7002516,1.9437,60.41,-250,200,20.0
1770114239.7638466,1.9768,60.90,-250,200,20.0
1770114239.8266456,2.0130,61.31,-250,200,20.0
1770114239.897445,1.9206,60.11,-250,200,20.0
1770114239.9610765,1.8978,59.92,-250,200,20.0
1770114240.0238328,2.2092,63.64,-250,200,20.0
1770114240.0851061,2.0354,61.62,-250,200,20.0
1770114240.1572614,1.9230,60.18,-250,200,20.0
1770114240.221007,1.9651,60.73,-250,200,20.0
1770114240.2834046,2.0608,61.92,-250,200,20.0
1770114240.3549538,1.7352,57.52,-250,200,20.0
1770114240.4188743,1.8835,59.73,-250,200,20.0
1770114240.4814622,2.0300,61.48,-250,200,20.0
1770114240.5424373,1.9585,60.60,-250,200,20.0
1770114240.6148207,2.0897,62.25,-250,200,20.0
1770114240.6785252,1.8569,59.27,-250,200,20.0
1770114240.7403996,1.9014,59.97,-250,200,20.0
1770114240.8121502,2.0423,61.61,-250,200,20.0
1770114240.8774054,2.0071,61.30,-250,200,20.0
1770114240.94826,2.1051,62.43,-250,200,20.0
1770114241.0024996,1.8234,58.82,-250,200,20.0
1770114241.0747397,1.8979,59.87,-250,200,20.0
1770114241.137694,1.8594,59.39,-250,200,20.0
1770114241.1996365,1.9469,60.45,-250,200,20.0
1770114241.264944,1.9245,60.06,-250,200,20.0
1770114241.337538,0.0623,52.97,-250,200,20.0
1770114241.402087,-0.1115,49.30,-250,200,20.0
1770114241.4646444,-0.1511,48.34,-250,200,20.0
1770114241.5266697,-0.1304,48.41,-250,200,20.0
1770114241.6010737,-0.0324,50.85,-250,200,20.0
1770114241.6636257,0.0536,52.66,-250,200,20.0
1770114241.7258635,0.1807,54.97,-250,200,20.0
1770114241.7983792,0.2109,55.50,-250,200,20.0
1770114241.8612816,0.0489,52.34,-250,200,20.0
1770114241.9328039,0.3099,57.29,-250,200,20.0
1770114241.996252,0.1836,55.21,-250,200,20.0
1770114242.0678012,1.9515,60.37,-250,200,20.0
1770114242.1301806,2.0607,61.64,-250,200,20.0
1770114242.204678,0.1729,54.86,-250,200,20.0
1770114242.2663062,1.8646,59.28,-250,200,20.0
1770114242.339498,1.9272,60.17,-250,200,20.0
1770114242.3998485,1.8586,59.23,-250,200,20.0
1770114242.4742174,1.8978,59.78,-250,200,20.0
1770114242.544769,1.9067,59.54,-250,200,20.0
1770114242.6072257,1.9891,60.56,-250,200,20.0
1770114242.6815536,1.8618,59.21,-250,200,20.0
1770114242.7422686,1.9764,60.78,-250,200,20.0
1770114242.8160174,1.8849,59.53,-250,200,20.0
1770114242.888876,1.8636,59.31,-250,200,20.0
1770114242.950895,1.9183,59.99,-250,200,20.0
1770114243.0274582,1.9330,60.13,-250,200,20.0
1770114243.1004949,1.9815,60.78,-250,200,20.0
1770114243.173623,1.9664,60.50,-250,200,20.0
1770114243.2371318,1.9611,60.40,-250,200,20.0
1770114243.3123384,1.9992,60.93,-250,200,20.0
1770114243.3765216,1.9559,60.41,-250,200,20.0
1770114243.451833,1.9819,60.73,-250,200,20.0
1770114243.5228798,2.0341,61.36,-250,200,20.0
1770114243.5882459,1.9844,60.76,-250,200,20.0
1770114243.649914,2.0405,61.45,-250,200,20.0
1770114243.7247717,2.0060,60.99,-250,200,20.0
1770114243.7962909,2.1663,62.87,-250,200,20.0
1770114243.8594046,2.0269,61.22,-250,200,20.0
1770114243.9320023,2.0170,61.19,-250,200,20.0
1770114243.9931536,2.0842,61.96,-250,200,20.0
1770114244.0665433,1.9332,60.17,-250,200,20.0
1770114244.1390152,1.9110,59.95,-250,200,20.0
1770114244.211164,2.0395,61.50,-250,200,20.0
1770114244.2725146,2.0404,61.62,-250,200,20.0
1770114244.3453295,1.8943,59.55,-250,200,20.0
1770114244.418563,1.9887,60.88,-250,200,20.0
1770114244.4896872,1.9882,60.89,-250,200,20.0
1770114244.5527673,2.0557,61.77,-250,200,20.0
1770114244.6275575,2.0429,61.49,-250,200,20.0
1770114244.6988878,2.0989,62.05,-250,200,20.0
1770114244.7590578,2.0193,61.21,-250,200,20.0
1770114244.8322425,2.0742,61.90,-250,200,20.0
1770114244.9046595,1.8775,59.48,-250,200,20.0
1770114244.977952,1.9342,60.18,-250,200,20.0
1770114245.0393975,2.0507,61.61,-250,200,20.0
1770114245.113147,2.0257,61.25,-250,200,20.0
1770114245.1846786,1.9536,60.37,-250,200,20.0
1770114245.256529,2.0391,61.51,-250,200,20.0
1770114245.3197362,1.9934,60.98,-250,200,20.0
1770114245.3920557,2.0430,61.56,-250,200,20.0
1770114245.464639,1.9306,60.08,-250,200,20.0
1770114245.5357938,1.8974,59.59,-250,200,20.0
1770114245.5983713,1.9966,60.96,-250,200,20.0
1770114245.671915,1.9387,60.27,-250,200,20.0
1770114245.7445347,2.0531,61.61,-250,200,20.0
1770114245.8062289,1.9949,60.91,-250,200,20.0
1770114245.8781989,1.9341,60.18,-250,200,20.0
1770114245.9520214,2.0211,61.22,-250,200,20.0
1770114246.0251222,1.9966,60.94,-250,200,20.0
1770114246.0851223,1.9978,60.93,-250,200,20.0
1770114246.1586452,2.0332,61.35,-250,200,20.0
1770114246.2316,1.9116,59.86,-250,200,20.0
1770114246.3028905,1.7739,57.99,-250,200,20.0
1770114246.3659546,1.8528,59.08,-250,200,20.0
1770114246.438658,2.0323,61.43,-250,200,20.0
1770114246.5111074,1.8848,59.50,-250,200,20.0
1770114246.5827496,2.0593,61.61,-250,200,20.0
1770114246.6450744,2.0541,61.55,-250,200,20.0
1770114246.7181776,1.9753,60.62,-250,200,20.0
1770114246.7905545,1.9040,59.79,-250,200,20.0
1770114246.85148,1.9037,59.75,-250,200,20.0
1770114246.9249473,1.9081,59.73,-250,200,20.0
1770114246.9986165,1.9352,60.11,-250,200,20.0
1770114247.0700376,1.9215,59.93,-250,200,20.0
1770114247.1324894,2.0184,61.11,-250,200,20.0
1770114247.2050445,1.8446,58.88,-250,200,20.0
1770114247.2785668,1.8808,59.35,-250,200,20.0
1770114247.3403423,2.1310,62.48,-250,200,20.0
1770114247.4133976,1.8437,58.84,-250,200,20.0
1770114247.4869022,1.7455,57.39,-250,200,20.0
1770114247.5582445,2.0333,61.24,-250,200,20.0
1770114247.6206129,1.9354,60.11,-250,200,20.0
1770114247.6952121,1.8824,59.49,-250,200,20.0
1770114247.767964,2.0646,61.71,-250,200,20.0
1770114247.8292341,1.9937,61.11,-250,200,20.0
1770114247.902982,1.9238,60.09,-250,200,20.0
1770114247.9758356,1.9056,59.89,-250,200,20.0
1770114248.0473363,1.8569,59.17,-250,200,20.0
1770114248.1097982,2.0028,61.05,-250,200,20.0
1770114248.1848702,2.0108,61.09,-250,200,20.0
1770114248.2559476,1.8915,59.76,-250,200,20.0
1770114248.3184955,1.8971,59.77,-250,200,20.0
1770114248.3942096,2.0363,61.43,-250,200,20.0
1770114248.4651659,2.0074,61.13,-250,200,20.0
1770114248.5399432,1.9047,59.84,-250,200,20.0
1770114248.61291,2.0377,61.47,-250,200,20.0
1770114248.676908,1.9019,59.78,-250,200,20.0
1770114248.7501366,2.0268,61.37,-250,200,20.0
1770114248.821167,1.9102,59.96,-250,200,20.0
1770114248.8850849,2.1306,62.59,-250,200,20.0
1770114248.9470901,1.9147,59.96,-250,200,20.0
1770114249.0197532,1.8360,58.94,-250,200,20.0
1770114249.092301,1.9563,60.50,-250,200,20.0
1770114249.1540222,2.0692,61.90,-250,200,20.0
1770114249.227567,2.1182,62.41,-250,200,20.0
1770114249.3009667,1.8285,58.85,-250,200,20.0
1770114249.3741374,1.9764,60.77,-250,200,20.0
1770114249.437105,1.9127,60.00,-250,200,20.0
1770114249.509657,1.8304,58.82,-250,200,20.0
1770114249.581155,2.0055,61.16,-250,200,20.0
1770114249.6437836,2.0817,62.01,-250,200,20.0
1770114249.7170901,1.7994,58.45,-250,200,20.0
1770114249.7896667,1.9451,60.35,-250,200,20.0
1770114249.8507977,1.9878,60.90,-250,200,20.0
1770114249.9238837,2.1449,62.71,-250,200,20.0
1770114249.9976838,1.9437,60.34,-250,200,20.0
1770114250.0692859,2.0127,61.15,-250,200,20.0
1770114250.1319737,1.9634,60.52,-250,200,20.0
1770114250.2044451,1.8663,59.12,-250,200,20.0
1770114250.2781844,1.9144,59.82,-250,200,20.0
1770114250.3488533,1.7983,58.23,-250,200,20.0
1770114250.4127903,1.8778,59.62,-250,200,20.0
1770114250.4863262,1.9408,60.36,-250,200,20.0
1770114250.5572753,1.8752,59.58,-250,200,20.0
1770114250.620778,1.8309,58.98,-250,200,20.0
1770114250.6938047,1.8905,59.64,-250,200,20.0
1770114250.7662418,1.8821,59.69,-250,200,20.0
1770114250.828989,0.1986,55.83,-250,200,20.0
1770114250.9029918,0.0873,54.20,-250,200,20.0
1770114250.9759104,-0.0740,51.43,-250,200,20.0
1770114251.0374708,-0.0756,51.47,-250,200,20.0
1770114251.1106465,0.0879,54.55,-250,200,20.0
1770114251.1852076,0.1385,55.12,-250,200,20.0
1770114251.2475111,0.1179,54.65,-250,200,20.0
1770114251.319189,0.1320,54.50,-250,200,20.0
1770114251.3818514,2.1960,63.40,-250,200,20.0
1770114251.453845,2.0850,62.07,-250,200,20.0
1770114251.5172842,1.9780,60.91,-250,200,20.0
1770114251.580302,1.9430,60.59,-250,200,20.0
1770114251.651229,2.0870,62.10,-250,200,20.0
1770114251.7150784,2.1089,62.48,-250,200,20.0
1770114251.7773314,2.0144,61.35,-250,200,20.0
1770114251.8501623,1.7539,57.82,-250,200,20.0
1770114251.9137673,2.0945,62.26,-250,200,20.0
1770114251.9771292,2.0278,61.53,-250,200,20.0
1770114252.0378902,1.7963,58.42,-250,200,20.0
1770114252.1109066,2.1053,62.45,-250,200,20.0
1770114252.1736097,1.8166,58.89,-250,200,20.0
1770114252.23568,2.1556,63.02,-250,200,20.0
1770114252.307928,2.0013,61.22,-250,200,20.0
1770114252.3710284,2.1251,62.51,-250,200,20.0
1770114252.4326208,1.8575,59.22,-250,200,20.0
1770114252.5052545,2.0406,61.62,-250,200,20.0
1770114252.568349,1.9906,61.09,-250,200,20.0
1770114252.6306667,1.9384,60.35,-250,200,20.0
1770114252.6919217,2.0952,62.28,-250,200,20.0
1770114252.7645366,1.9943,61.08,-250,200,20.0
1770114252.8282266,1.9094,59.97,-250,200,20.0
1770114252.8898034,2.0201,61.44,-250,200,20.0
1770114252.9518793,2.1412,62.84,-250,200,20.0
1770114253.02435,1.9976,61.13,-250,200,20.0
1770114253.0876155,1.8927,59.85,-250,200,20.0
1770114253.1510563,1.9473,60.51,-250,200,20.0
1770114253.2243752,1.9457,60.52,-250,200,20.0
1770114253.2853274,2.0230,61.42,-250,200,20.0
1770114253.348832,2.1041,62.28,-250,200,20.0
1770114253.4111674,2.1741,63.14,-250,200,20.0
1770114253.4825861,2.0210,61.42,-250,200,20.0
1770114253.5463493,1.8848,59.68,-250,200,20.0
1770114253.609426,1.9682,60.87,-250,200,20.0
1770114253.673257,2.1396,62.73,-250,200,20.0
1770114253.7357645,2.2277,63.75,-250,200,20.0
1770114253.8103344,2.0673,61.98,-250,200,20.0
1770114253.8862371,2.0107,61.29,-250,200,20.0
1770114253.9469593,1.9963,61.06,-250,200,20.0
1770114254.010099,2.0243,61.38,-250,200,20.0
1770114254.0621507,1.9823,60.98,-250,200,20.0
1770114254.1367488,2.2428,63.79,-250,200,20.0
1770114254.1988797,2.2163,63.46,-250,200,20.0
1770114254.2625911,1.9657,60.65,-250,200,20.0
1770114254.3246799,2.2033,63.46,-250,200,20.0
1770114254.3886423,2.1951,63.32,-250,200,20.0
1770114254.4608333,2.1381,62.67,-250,200,20.0
1770114254.5237045,2.0898,62.10,-250,200,20.0
1770114254.5862205,2.1044,62.28,-250,200,20.0
1770114254.6480863,2.1201,62.53,-250,200,20.0
1770114254.7203937,2.3012,64.48,-250,200,20.0
1770114254.7849238,2.0112,61.23,-250,200,20.0
1770114254.8470762,1.9361,60.38,-250,200,20.0
1770114254.9177911,2.1250,62.62,-250,200,20.0
1770114254.9804525,2.0948,62.26,-250,200,20.0
1770114255.044034,2.2265,63.71,-250,200,20.0
1770114255.105317,2.0603,61.89,-250,200,20.0
1770114255.1783493,2.0204,61.41,-250,200,20.0
1770114255.2418354,2.1551,63.02,-250,200,20.0
1770114255.3046932,2.1357,62.74,-250,200,20.0
1770114255.3658054,2.2644,64.07,-250,200,20.0
1770114255.4378688,2.1005,62.31,-250,200,20.0
1770114255.5015566,2.2036,63.44,-250,200,20.0
1770114255.56443,2.1704,63.08,-250,200,20.0
1770114255.6253006,2.2302,63.65,-250,200,20.0
1770114255.6986737,1.8507,59.22,-250,200,20.0
1770114255.7616746,1.7811,58.25,-250,200,20.0
1770114255.8230145,2.2654,64.10,-250,200,20.0
1770114255.8966296,2.0073,61.25,-250,200,20.0
1770114255.9594593,2.0758,62.08,-250,200,20.0
1770114256.0232081,2.0542,61.75,-250,200,20.0
1770114256.0851068,2.1372,62.76,-250,200,20.0
1770114256.15718,2.1418,62.78,-250,200,20.0
1770114256.219559,2.2700,64.11,-250,200,20.0
1770114256.2831097,2.0369,61.56,-250,200,20.0
1770114256.344481,2.1933,63.29,-250,200,20.0
1770114256.416696,2.1970,63.41,-250,200,20.0
1770114256.4803069,2.2491,63.97,-250,200,20.0
1770114256.542455,2.2538,63.99,-250,200,20.0
1770114256.6041708,2.1632,62.99,-250,200,20.0
1770114256.6764524,2.2149,63.61,-250,200,20.0
1770114256.7399483,2.1735,63.10,-250,200,20.0
1770114256.8015358,2.1898,63.27,-250,200,20.0
1770114256.873439,2.0572,61.82,-250,200,20.0
1770114256.9363809,1.9193,60.18,-250,200,20.0
1770114256.9994955,2.1477,62.78,-250,200,20.0
1770114257.06218,2.0432,61.62,-250,200,20.0
1770114257.1344726,2.1925,63.28,-250,200,20.0
1770114257.1968348,1.9336,60.32,-250,200,20.0
1770114257.2590377,2.0740,61.97,-250,200,20.0
1770114257.3306067,2.1328,62.71,-250,200,20.0
1770114257.3935475,1.9478,60.50,-250,200,20.0
1770114257.4569218,2.1370,62.72,-250,200,20.0
1770114257.5183463,2.1182,62.57,-250,200,20.0
1770114257.590657,1.8994,59.84,-250,200,20.0
1770114257.6535058,1.9969,61.12,-250,200,20.0
1770114257.716292,1.9730,60.84,-250,200,20.0
1770114257.7780793,2.0222,61.52,-250,200,20.0
1770114257.850201,2.0030,61.17,-250,200,20.0
1770114257.9135797,2.1136,62.48,-250,200,20.0
1770114257.9758961,2.1778,63.15,-250,200,20.0
1770114258.0400918,2.1489,62.85,-250,200,20.0
1770114258.1120858,2.1038,62.33,-250,200,20.0
1770114258.1756225,2.1737,63.13,-250,200,20.0
1770114258.2387795,2.1120,62.43,-250,200,20.0
1770114258.3002107,2.0477,61.71,-250,200,20.0
1770114258.3730147,2.1296,62.69,-250,200,20.0
1770114258.4357722,2.0807,62.14,-250,200,20.0
1770114258.4998171,2.1557,62.98,-250,200,20.0
1770114258.560648,1.9601,60.56,-250,200,20.0
1770114258.63315,2.1676,63.07,-250,200,20.0
1770114258.6966758,2.2380,63.85,-250,200,20.0
1770114258.7590334,2.0707,62.06,-250,200,20.0
1770114258.8303201,1.6514,56.41,-250,200,20.0
1770114258.8941104,2.1488,62.89,-250,200,20.0
1770114258.9571872,1.9890,61.12,-250,200,20.0
1770114259.0225518,1.9535,60.53,-250,200,20.0
1770114259.0957398,1.9891,61.02,-250,200,20.0
1770114259.155947,2.0762,62.10,-250,200,20.0
1770114259.226588,2.0621,61.96,-250,200,20.0
1770114259.2799025,2.2249,63.69,-250,200,20.0
1770114259.3415709,2.1548,62.92,-250,200,20.0
1770114259.4146225,2.0275,61.49,-250,200,20.0
1770114259.4778216,2.2997,64.40,-250,200,20.0
1770114259.5392458,2.0466,61.74,-250,200,20.0
1770114259.612068,1.9588,60.75,-250,200,20.0
1770114259.6747472,2.0181,61.48,-250,200,20.0
1770114259.7384372,2.1307,62.71,-250,200,20.0
1770114259.8002388,2.1231,62.58,-250,200,20.0
1770114259.87226,2.0618,61.80,-250,200,20.0
1770114259.935455,1.8955,59.84,-250,200,20.0
1770114259.9976766,2.0515,61.71,-250,200,20.0
1770114260.0609307,0.3013,56.58,-250,200,20.0
1770114260.131964,2.1907,63.23,-250,200,20.0
1770114260.1956856,2.1990,63.32,-250,200,20.0
1770114260.257635,0.3817,58.09,-250,200,20.0
1770114260.3316467,2.1795,63.13,-250,200,20.0
1770114260.3947303,2.3876,65.23,-250,200,20.0
1770114260.4664423,0.5993,27.54,-250,200,20.0
1770114260.5292606,0.2151,8.36,-194,354,35.5
1770114260.6011858,-0.5799,-30.28,250,200,20.0
1770114260.6639538,-0.7880,-38.11,250,200,20.0
1770114260.7373672,-1.2786,-51.46,250,200,20.0
1770114260.808697,-0.9443,-42.97,250,200,20.0
1770114260.8714397,-0.3235,-19.83,250,200,20.0
1770114260.9454362,2.1239,62.57,-250,200,20.0
1770114261.0177343,2.4698,66.06,-250,200,20.0
1770114261.0900116,2.3573,64.81,-250,200,20.0
1770114261.1622233,0.6485,28.41,-250,200,20.0
1770114261.2351298,2.3771,64.99,-250,200,20.0
1770114261.3073318,2.4294,65.42,-250,200,20.0
1770114261.3805516,0.4231,58.89,-250,200,20.0
1770114261.4523487,-2.0889,-50.45,250,200,20.0
1770114261.524132,-1.3923,28.81,250,200,20.0
1770114261.5960314,-1.7816,-1.64,250,500,50.0
1770114261.6799543,-1.8061,-4.12,250,478,47.9
1770114261.7511575,-0.1625,4.73,27,465,46.6
1770114261.8202107,-0.5054,7.79,220,374,37.4
1770114261.8920624,-0.5995,-10.00,250,298,29.9
1770114261.963713,-0.3877,80.24,-250,200,20.0
1770114262.0464678,-1.2682,-40.65,250,200,20.0
1770114262.130342,-1.4589,-51.53,250,200,20.0
1770114262.2266183,-1.4821,25.71,250,200,20.0
1770114262.3117054,-1.3647,18.97,250,200,20.0
1770114262.3945963,-1.2180,12.85,250,221,22.2
1770114262.4772828,-0.6622,30.11,250,200,20.0
1770114262.551005,-0.7383,39.14,250,200,20.0
1770114262.6234038,0.0951,5.54,-85,445,44.5
1770114262.6846244,0.2765,29.11,-250,200,20.0
1770114262.7469077,0.4510,28.55,-250,200,20.0
1770114262.8082016,0.5338,24.68,-250,200,20.0
1770114262.8695323,0.8395,23.46,-250,200,20.0
1770114262.9304209,1.4264,11.21,-250,261,26.2
1770114263.0022905,-1.2777,-19.04,250,200,20.0
1770114263.0765145,0.8801,24.96,-250,200,20.0
1770114263.1397314,1.5062,45.48,-250,200,20.0
1770114263.222334,-0.5743,5.79,211,438,43.9
1770114263.2954614,-0.7306,25.61,250,200,20.0
1770114263.3679044,-0.8199,24.84,250,200,20.0
1770114263.4396315,-0.8870,27.07,250,200,20.0
1770114263.511727,-0.8951,22.24,250,200,20.0
1770114263.5957417,-1.0277,26.71,250,200,20.0
1770114263.6672053,0.3512,27.75,-250,200,20.0
1770114263.7502453,0.1872,31.87,-250,200,20.0
1770114263.8210378,0.0549,28.24,-250,200,20.0
1770114263.913485,-1.4249,23.20,250,200,20.0
1770114263.9954429,-1.4368,-12.36,250,232,23.2
1770114264.077697,0.2138,4.83,-125,463,46.4
1770114264.1598341,0.4104,-33.01,-88,200,20.0
1770114264.2450123,-0.6286,-39.13,250,200,20.0
1770114264.3175073,-0.6598,-47.26,250,200,20.0
1770114264.3803701,-0.4568,-43.67,250,200,20.0
1770114264.443183,-9.5903,-82.49,250,200,20.0
1770114264.5061402,-0.6263,51.33,127,200,20.0
1770114264.558597,-1.6672,26.41,250,200,20.0
1770114264.6194544,-1.4115,31.60,250,200,20.0
1770114264.6743622,-0.9964,38.41,250,200,20.0
1770114264.736483,-1.2632,-75.00,250,200,20.0
1770114264.7979531,-2.3122,-80.27,250,200,20.0
1770114264.8609369,0.7491,56.74,-250,200,20.0
1770114264.9236186,0.4306,18.86,-250,200,20.0
1770114264.9860811,0.6542,-21.58,-250,200,20.0
1770114265.048592,-0.4340,17.77,230,200,20.0
1770114265.1009333,0.0364,28.78,-250,200,20.0
1770114265.175122,0.1347,27.67,-250,200,20.0
1770114265.2379577,0.3353,12.12,-250,237,23.8
1770114265.2999537,0.5325,-5.33,-185,450,45.1
1770114265.3714573,-0.3111,-3.30,137,491,49.2
1770114265.4444103,0.1388,-0.66,-42,500,50.0
1770114265.518307,0.6260,5.40,-250,449,44.9
1770114265.6001673,-0.0341,-5.40,57,449,44.9
1770114265.6920967,-0.2836,-24.23,250,200,20.0
1770114265.7841322,0.8349,-12.94,-250,220,22.0
1770114265.8795445,-0.3113,-27.96,250,200,20.0
1770114265.9815168,1.0689,-18.63,-250,200,20.0
1770114266.085021,1.2114,-10.28,-250,290,29.0
1770114266.1785443,0.6588,2.89,-250,495,49.6
1770114266.2815537,0.4936,-25.17,-222,200,20.0
1770114266.3833303,0.9853,0.33,-250,500,50.0
1770114266.485216,1.0254,-0.53,-250,500,50.0
1770114266.5879977,0.9530,0.20,-250,500,50.0
1770114266.6908302,0.9268,-0.61,-250,500,50.0
1770114266.7943544,0.9993,2.99,-250,495,49.5
1770114266.8859632,0.9100,-1.00,-250,500,50.0
1770114266.9885347,0.8851,-1.60,-250,500,50.0
1770114267.0913432,0.8667,-0.43,-250,500,50.0
1770114267.1961222,0.8690,-0.78,-250,500,50.0
1770114267.2971911,0.8828,-0.14,-250,500,50.0
1770114267.4000783,0.8682,-1.19,-250,500,50.0
1770114267.5030572,0.8852,-0.83,-250,500,50.0
1770114267.6060228,0.8836,-0.43,-250,500,50.0
1770114267.6987867,0.8922,0.48,-250,500,50.0
1770114267.8015137,0.8880,-1.10,-250,500,50.0
1770114267.9045246,0.8668,-0.97,-250,500,50.0
1770114268.0077276,0.8074,-3.14,-250,493,49.3
1770114268.1117234,0.8251,-2.60,-250,498,49.8
1770114268.2144122,0.8503,-1.49,-250,500,50.0
1770114268.3174775,0.8627,-1.38,-250,500,50.0
1770114268.4105892,0.8637,-2.34,-250,499,49.9
1770114268.5133054,0.8677,-1.26,-250,500,50.0
1770114268.6168985,0.8809,-0.40,-250,500,50.0
1770114268.7198677,0.8410,-0.33,-250,500,50.0
1770114268.8125992,0.8306,-0.51,-250,500,50.0
1770114268.915647,0.8311,-0.63,-250,500,50.0
1770114269.018654,0.8374,1.22,-250,500,50.0
1770114269.1217365,0.8000,2.57,-250,498,49.8
1770114269.2246418,0.7355,7.22,-250,393,39.4
1770114269.3277009,0.7322,5.51,-250,446,44.6
1770114269.420128,0.7200,5.77,-250,439,43.9
1770114269.5230894,0.7208,4.73,-250,465,46.6
1770114269.6291184,0.7236,4.40,-250,473,47.3
1770114269.74278,0.7175,5.90,-250,435,43.5
1770114269.8359356,0.7378,4.97,-250,460,46.0
1770114269.9402792,0.7413,4.41,-250,472,47.3
1770114270.0436552,0.7245,4.67,-250,467,46.7
1770114270.1474144,0.7237,4.07,-250,479,48.0
1770114270.2407708,0.7650,5.85,-250,436,43.7
1770114270.3455124,0.7653,4.70,-250,466,46.7
1770114270.4502258,0.7660,6.38,-250,420,42.1
1770114270.554504,0.7488,4.89,-250,462,46.2
1770114270.6469858,0.7598,4.66,-250,467,46.8
1770114270.750514,0.7639,5.62,-250,443,44.3
1770114270.8538446,0.7569,5.08,-250,457,45.7
1770114270.9583,0.7577,4.41,-250,472,47.3
1770114271.051291,0.7581,4.81,-250,463,46.4
1770114271.154793,0.7577,5.37,-250,450,45.0
1770114271.259697,0.7628,5.67,-250,441,44.2
1770114271.3635163,0.7609,6.91,-250,403,40.4
1770114271.457178,0.7807,8.01,-250,366,36.7
1770114271.5608053,0.8071,8.18,-250,361,36.1
1770114271.6650705,0.7927,7.57,-250,381,38.2
1770114271.758294,0.7289,5.43,-250,448,44.8
1770114271.861845,0.6947,5.54,-250,445,44.5
1770114271.9648,0.7034,7.17,-250,395,39.6
1770114272.0699632,0.7190,7.45,-250,385,38.6
1770114272.173146,0.7292,7.40,-250,387,38.8
1770114272.2786665,0.7180,7.92,-250,370,37.0
1770114272.370688,0.7243,8.40,-250,353,35.3
1770114272.4747543,0.7229,5.79,-250,438,43.8
1770114272.5786886,0.7300,7.44,-250,386,38.6
1770114272.6720886,0.7230,8.29,-250,357,35.7
1770114272.7757072,0.7174,6.11,-250,429,42.9
1770114272.8814049,0.7215,6.35,-250,421,42.2
1770114272.977055,0.7272,6.62,-250,413,41.3
1770114273.0810575,0.7282,7.47,-250,385,38.5
1770114273.1850042,0.7345,8.54,-250,348,34.9
1770114273.289376,0.7300,6.90,-250,404,40.4
1770114273.382056,0.7366,7.95,-250,369,36.9
1770114273.4873543,0.7296,8.24,-250,359,35.9
1770114273.5913868,0.7215,6.36,-250,421,42.1
1770114273.6845899,0.7286,6.45,-250,418,41.9
1770114273.7884116,0.7269,6.50,-250,416,41.7
1770114273.8928213,0.7237,6.37,-250,421,42.1
1770114273.9965975,0.7224,6.23,-250,425,42.5
1770114274.089908,0.7310,6.76,-250,408,40.9
1770114274.1932945,0.7264,6.38,-250,420,42.1
1770114274.2986658,0.7306,6.84,-250,406,40.6
1770114274.40265,0.7294,6.75,-250,409,40.9
1770114274.4954364,0.7281,7.36,-250,389,38.9
1770114274.5991154,0.7194,6.16,-250,427,42.7
1770114274.7030914,0.7296,6.88,-250,404,40.5
1770114274.8072243,0.7269,6.62,-250,413,41.3
1770114274.9013402,0.7291,7.52,-250,383,38.4
1770114275.005128,0.7304,7.61,-250,380,38.1
1770114275.1106458,0.7349,7.93,-250,369,37.0
1770114275.2037094,0.7303,6.74,-250,409,41.0
1770114275.3110888,0.7319,8.25,-250,358,35.9
1770114275.4040973,0.7282,7.44,-250,386,38.6
1770114275.5082736,0.7319,6.96,-250,402,40.2
1770114275.614898,0.7301,6.83,-250,406,40.7
1770114275.7077365,0.7283,6.71,-250,410,41.1
1770114275.8153758,0.7284,7.60,-250,381,38.1
1770114275.9199462,0.7299,6.78,-250,408,40.8
1770114276.0123758,0.7291,6.74,-250,409,41.0
1770114276.117594,0.7323,6.98,-250,401,40.2
1770114276.221558,0.7310,7.58,-250,381,38.2
1770114276.3254936,0.7301,6.82,-250,406,40.7
1770114276.4211628,0.7327,6.92,-250,403,40.4
1770114276.525717,0.7299,6.36,-250,421,42.1
1770114276.6296058,0.7327,6.93,-250,403,40.3
1770114276.7232053,0.7333,6.46,-250,418,41.8
1770114276.8274999,0.7263,6.36,-250,421,42.1
1770114276.9309168,0.7285,6.58,-250,414,41.5
1770114277.0366173,0.7296,6.85,-250,405,40.6
1770114277.1289797,0.7298,6.79,-250,407,40.8
1770114277.2328398,0.7293,6.27,-250,424,42.4
1770114277.3377557,0.7308,6.87,-250,405,40.5
1770114277.4418643,0.7331,6.93,-250,403,40.3
1770114277.5346313,0.7342,6.91,-250,403,40.4
1770114277.6383224,0.7323,8.15,-250,362,36.2
1770114277.7423034,0.7302,6.94,-250,402,40.3
1770114277.8465774,0.7301,6.73,-250,409,41.0
1770114277.9394038,0.7298,6.72,-250,410,41.0
1770114278.0431154,0.7301,6.72,-250,410,41.0
1770114278.146773,0.7314,6.91,-250,403,40.4
1770114278.2503178,0.7325,7.71,-250,377,37.7
1770114278.3433552,0.7344,7.07,-250,398,39.9
1770114278.4474082,0.7300,6.85,-250,405,40.6
1770114278.5514345,0.7336,6.52,-250,416,41.6
1770114278.6551938,0.7332,6.82,-250,406,40.7
1770114278.7485538,0.7332,6.87,-250,405,40.5
1770114278.852397,0.7337,7.04,-250,399,40.0
1770114278.9564662,0.7327,6.93,-250,403,40.3
1770114279.060066,0.7287,6.26,-250,424,42.4
1770114279.1534061,0.7314,7.60,-250,380,38.1
1770114279.256617,0.7309,6.82,-250,406,40.7
1770114279.3617198,0.7331,7.78,-250,374,37.5
1770114279.4670782,0.7330,6.67,-250,411,41.2
1770114279.5599446,0.7316,6.76,-250,408,40.9
1770114279.6634548,0.7312,7.01,-250,400,40.1
1770114279.7598739,0.7299,6.81,-250,407,40.7
1770114279.8642619,0.7361,7.99,-250,367,36.8
1770114279.9682047,0.7350,7.19,-250,394,39.5
1770114280.0720568,0.7347,7.16,-250,395,39.6
1770114280.1652985,0.7323,7.03,-250,400,40.0
1770114280.2684138,0.7298,6.78,-250,408,40.8
1770114280.3719428,0.7299,6.20,-250,426,42.6
1770114280.4767737,0.7330,7.04,-250,399,40.0
1770114280.58043,0.7345,7.06,-250,399,39.9
1770114280.6729152,0.7379,6.88,-250,404,40.5
1770114280.7768846,0.7338,6.92,-250,403,40.4
1770114280.8806944,0.7368,6.72,-250,410,41.0
1770114280.9835644,0.7353,7.97,-250,368,36.8
1770114281.0775766,0.7299,6.81,-250,407,40.7
1770114281.1804821,0.7339,6.86,-250,405,40.6
1770114281.2843814,0.7328,6.93,-250,403,40.3
1770114281.388248,0.7365,7.14,-250,396,39.6
1770114281.4824843,0.7383,7.26,-250,392,39.2
1770114281.5856051,0.7333,7.24,-250,392,39.3
1770114281.689984,0.7384,7.20,-250,394,39.4
1770114281.7943594,0.7329,6.91,-250,403,40.4
1770114281.8890057,0.7335,6.93,-250,403,40.3
1770114281.992957,0.7348,7.10,-250,397,39.8
1770114282.0964777,0.7388,7.07,-250,398,39.9
1770114282.2016864,0.7354,7.10,-250,397,39.8
1770114282.2956488,0.7360,7.11,-250,397,39.7
1770114282.4000401,0.7367,7.17,-250,395,39.5
1770114282.503182,0.7343,7.80,-250,374,37.4
1770114282.6008644,0.7359,7.91,-250,370,37.0
1770114282.7052999,0.7310,6.93,-250,403,40.3
1770114282.7988648,0.7344,7.83,-250,373,37.3
1770114282.902483,0.7382,7.31,-250,390,39.1
1770114283.0068161,0.7395,7.64,-250,379,38.0
1770114283.1107416,0.7406,8.12,-250,363,36.3
1770114283.204132,0.7407,8.04,-250,365,36.6
1770114283.3074694,0.7356,6.99,-250,401,40.1
1770114283.4118137,0.7402,7.39,-250,388,38.8
1770114283.5160952,0.7395,8.09,-250,364,36.4
1770114283.6095467,0.7384,7.14,-250,396,39.7
1770114283.7132041,0.7378,7.01,-250,400,40.1
1770114283.8178704,0.7397,7.46,-250,385,38.6
1770114283.9228115,0.7364,7.24,-250,392,39.3
1770114284.015253,0.7394,7.31,-250,390,39.1
1770114284.1190095,0.7458,7.65,-250,379,37.9
1770114284.2231488,0.7401,7.45,-250,386,38.6
1770114284.3272269,0.7366,7.93,-250,369,37.0
1770114284.4204822,0.7334,7.69,-250,377,37.8
1770114284.5282426,0.7320,8.29,-250,357,35.7
1770114284.6317365,0.7353,7.81,-250,373,37.4
1770114284.7273624,0.7325,6.86,-250,405,40.6
1770114284.8316867,0.7369,7.93,-250,369,37.0
1770114284.9358282,0.7422,8.32,-250,356,35.6
1770114285.0286348,0.7434,8.38,-250,353,35.4
1770114285.1328652,0.7427,8.29,-250,357,35.7
1770114285.237439,0.7407,7.31,-250,390,39.1
1770114285.3436325,0.7445,8.57,-250,347,34.8
1770114285.4363835,0.7379,8.10,-250,363,36.4
1770114285.5435185,0.7427,8.51,-250,349,35.0
1770114285.6369152,0.7416,8.23,-250,359,35.9
1770114285.7404366,0.7359,7.82,-250,373,37.3
1770114285.8455122,0.7374,8.07,-250,364,36.5
1770114285.9390397,0.7354,7.72,-250,376,37.7
1770114286.0426273,0.7363,7.84,-250,372,37.3
1770114286.1464183,0.7356,7.91,-250,370,37.0
1770114286.2502549,0.7423,8.29,-250,357,35.7
1770114286.3446112,0.7389,8.08,-250,364,36.5
1770114286.4477954,0.7412,7.91,-250,370,37.0
1770114286.552831,0.7381,7.50,-250,384,38.4
1770114286.6561854,0.7368,7.19,-250,394,39.5
1770114286.7494938,0.7397,8.67,-250,344,34.4
1770114286.8530447,0.7339,8.32,-250,356,35.6
1770114286.9565854,0.7332,7.67,-250,378,37.9
1770114287.0608559,0.7396,8.19,-250,360,36.1
1770114287.154603,0.7354,7.05,-250,399,39.9
1770114287.2586248,0.7387,8.18,-250,361,36.1
1770114287.3629243,0.7371,7.40,-250,387,38.8
1770114287.4553092,0.7352,7.77,-250,375,37.5
1770114287.559459,0.7367,8.03,-250,366,36.6
1770114287.6659772,0.7344,8.03,-250,366,36.6
1770114287.7707312,0.7366,7.94,-250,369,36.9
1770114287.8677564,0.7365,7.90,-250,370,37.1
1770114287.9716575,0.7384,7.99,-250,367,36.8
1770114288.0678473,0.7407,8.15,-250,362,36.2
1770114288.1723604,0.7358,7.99,-250,367,36.7
1770114288.2762501,0.7380,8.69,-250,343,34.3
1770114288.3694484,0.7361,8.01,-250,366,36.7
1770114288.473067,0.7361,7.34,-250,389,39.0
1770114288.5794468,0.7429,8.98,-250,333,33.4
1770114288.6723177,0.7459,8.80,-250,339,34.0
1770114288.776471,0.7386,8.18,-250,361,36.1
1770114288.8796144,0.7349,7.78,-250,374,37.5
1770114288.9838574,0.7400,8.03,-250,366,36.6
1770114289.0780687,0.7414,8.18,-250,361,36.1
1770114289.182559,0.7365,8.21,-250,360,36.0
1770114289.2873,0.7386,8.04,-250,365,36.6
1770114289.3804357,0.7335,7.68,-250,378,37.8
1770114289.4843967,0.7365,7.71,-250,377,37.7
1770114289.5877945,0.7362,8.06,-250,365,36.5
1770114289.6846583,0.7369,8.03,-250,366,36.6
1770114289.7885382,0.7372,7.97,-250,368,36.8
1770114289.8915446,0.7346,7.88,-250,371,37.1
1770114289.9951167,0.7359,7.29,-250,391,39.1
1770114290.0993237,0.7370,7.17,-250,395,39.5
1770114290.1928637,0.7389,8.07,-250,364,36.5
1770114290.2968497,0.7388,7.23,-250,393,39.3
1770114290.400056,0.7352,6.62,-250,413,41.3
1770114290.4931798,0.7377,7.99,-250,367,36.8
1770114290.5968096,0.7358,7.94,-250,369,36.9
1770114290.7002296,0.7398,8.43,-250,352,35.2
1770114290.8036144,0.7377,8.20,-250,360,36.0
1770114290.9072347,0.7360,7.89,-250,371,37.1
1770114291.0009282,0.7387,8.00,-250,367,36.7
1770114291.103986,0.7424,8.27,-250,358,35.8
1770114291.2075472,0.7412,7.45,-250,385,38.6
1770114291.3116748,0.7448,8.22,-250,359,36.0
1770114291.4172552,0.7364,8.02,-250,366,36.6
1770114291.5117192,0.7406,8.15,-250,362,36.2
1770114291.6152594,0.7384,7.98,-250,367,36.8
1770114291.7190275,0.7403,8.09,-250,364,36.4
1770114291.8137753,0.7379,7.82,-250,373,37.3
1770114291.9169323,0.7378,7.17,-250,395,39.5
1770114292.021287,0.7386,7.37,-250,388,38.9
1770114292.1266296,0.7385,7.92,-250,369,37.0
1770114292.2193086,0.7413,7.84,-250,372,37.3
1770114292.322925,0.7356,7.81,-250,373,37.4
1770114292.4266992,0.7398,7.25,-250,392,39.3
1770114292.5307636,0.7320,7.00,-250,400,40.1
1770114292.623828,0.7367,8.02,-250,366,36.7
1770114292.7275648,0.7394,8.11,-250,363,36.3
1770114292.8333826,0.7375,7.97,-250,368,36.8
1770114292.9364765,0.7342,6.85,-250,405,40.6
1770114293.029327,0.7389,8.08,-250,364,36.4
1770114293.1348062,0.7317,7.60,-250,380,38.1
1770114293.2380102,0.7423,8.33,-250,355,35.6
1770114293.333645,0.7371,7.35,-250,389,38.9
1770114293.4394288,0.7370,8.06,-250,365,36.5
1770114293.541996,0.7357,7.94,-250,369,36.9
1770114293.6356366,0.7368,7.85,-250,372,37.2
1770114293.7392476,0.7350,6.96,-250,402,40.2
1770114293.8430462,0.7403,7.31,-250,390,39.1
1770114293.9495852,0.7387,8.05,-250,365,36.5
1770114294.042729,0.7418,8.28,-250,357,35.8
1770114294.1482873,0.7390,8.11,-250,363,36.4
1770114294.252303,0.7403,7.34,-250,389,39.0
1770114294.34541,0.7349,7.87,-250,371,37.2
1770114294.449448,0.7427,8.41,-250,352,35.3
1770114294.5526438,0.7347,7.13,-250,396,39.7
1770114294.6579669,0.7372,8.30,-250,356,35.7
1770114294.7500424,0.7375,7.25,-250,392,39.3
1770114294.8541963,0.7364,7.16,-250,395,39.6
1770114294.9582877,0.7395,7.35,-250,389,38.9
1770114295.0618892,0.7368,7.23,-250,393,39.4
1770114295.1553931,0.7360,7.90,-250,370,37.1
1770114295.2590501,0.7313,7.18,-250,394,39.5
1770114295.3631327,0.7404,7.39,-250,388,38.8
1770114295.467221,0.7526,7.50,-250,384,38.4
1770114295.5606096,0.7433,7.04,-250,399,40.0
1770114295.6642787,0.7223,5.59,-250,444,44.4
1770114295.768519,0.7262,5.87,-250,436,43.6
1770114295.8723028,0.7413,7.17,-250,395,39.5
1770114295.9647477,0.7542,7.11,-250,397,39.7
1770114296.0687122,0.7643,9.31,-250,322,32.2
1770114296.1730592,0.7652,9.25,-250,324,32.4
1770114296.2755058,0.7401,7.70,-250,377,37.8
1770114296.3788652,-0.5501,-12.73,250,224,22.4
1770114296.4723773,0.5457,-3.27,-169,491,49.2
1770114296.5737054,0.1969,-28.36,57,200,20.0
1770114296.6772819,0.1989,-56.56,250,200,20.0
1770114296.7799637,0.2756,-36.91,58,200,20.0
1770114296.8728864,-1.1786,1.99,250,500,50.0
1770114296.9756641,1.0170,56.49,-250,200,20.0
1770114297.078226,-0.0592,-12.51,148,228,22.9
1770114297.1812513,-0.5293,-16.51,250,200,20.0
1770114297.284267,-0.6732,-16.96,250,200,20.0
1770114297.3776088,-0.9331,-27.70,250,200,20.0
1770114297.480711,-14.5768,-83.63,250,200,20.0
1770114297.5839067,-1.1493,-33.31,250,200,20.0
1770114297.6865475,-1.1690,-28.41,250,200,20.0
1770114297.789126,-1.1818,-14.35,250,202,20.2
1770114297.8919632,-1.2669,-24.51,250,200,20.0
1770114297.9851062,-1.2980,-29.53,250,200,20.0
1770114298.0876176,-1.0938,-8.71,250,342,34.3
1770114298.189899,-0.2368,-10.77,250,274,27.5
1770114298.2960103,-1.4466,-17.67,250,200,20.0
1770114298.4000142,-1.4163,-13.07,250,217,21.8
1770114298.503981,-1.5797,-24.87,250,200,20.0
1770114298.6087265,-1.7660,-24.64,250,200,20.0
1770114298.7015364,-1.7599,-25.53,250,200,20.0
1770114298.8054523,-1.6625,-30.73,250,200,20.0
1770114298.9083843,0.4750,33.42,-250,200,20.0
1770114299.0003705,-0.1379,-7.26,131,392,39.2
1770114299.103267,-0.1648,-4.15,96,478,47.8
1770114299.2068279,-0.2399,-10.90,250,270,27.1
1770114299.3196282,-0.1682,-9.70,190,308,30.9
1770114299.4226027,0.1524,23.89,-250,200,20.0
1770114299.5256195,0.1951,34.32,-250,200,20.0
1770114299.6285214,0.2509,38.29,-250,200,20.0
1770114299.7317684,0.3146,41.24,-250,200,20.0
1770114299.8343692,0.2967,37.68,-250,200,20.0
1770114299.9373686,0.2819,28.38,-250,200,20.0
1770114300.0414536,0.3660,23.77,-250,200,20.0
1770114300.145348,0.3791,24.71,-250,200,20.0
1770114300.2390034,0.3665,23.55,-250,200,20.0
1770114300.3426552,0.3794,24.79,-250,200,20.0
1770114300.4463239,0.3551,21.83,-250,200,20.0
1770114300.552918,0.3552,21.61,-250,200,20.0
1770114300.6463442,0.3363,18.99,-250,200,20.0
1770114300.7508624,0.3424,19.32,-250,200,20.0
1770114300.8549578,0.3417,19.73,-250,200,20.0
1770114300.9479737,0.3391,19.33,-250,200,20.0
1770114301.0530074,0.3158,15.36,-250,200,20.0
1770114301.1575317,0.2831,9.69,-250,309,30.9
1770114301.2620492,0.2574,6.46,-176,418,41.8
1770114301.355322,0.2462,3.74,-120,485,48.5
1770114301.459324,0.2436,3.24,-112,492,49.2
1770114301.5631795,0.2348,1.87,-95,500,50.0
1770114301.6679273,0.2484,3.88,-123,482,48.3
1770114301.7599885,0.2508,4.22,-130,476,47.7
1770114301.863519,0.2523,4.45,-134,472,47.2
1770114301.967792,0.2532,4.55,-136,469,47.0
1770114302.060411,0.2545,4.87,-142,462,46.3
1770114302.1648862,0.2548,4.91,-143,461,46.2
1770114302.2691758,0.2523,4.41,-133,472,47.3
1770114302.3731947,0.2515,4.31,-131,474,47.5
1770114302.4679146,0.2538,4.71,-139,466,46.6
1770114302.5713756,0.2543,4.75,-140,465,46.6
1770114302.6788309,0.2533,4.45,-134,472,47.2
1770114302.7721362,0.2533,4.62,-137,468,46.8
1770114302.8760772,0.2579,5.21,-150,454,45.4
1770114302.9802823,0.2552,4.90,-143,461,46.2
1770114303.0738266,0.2555,4.85,-142,463,46.3
1770114303.177445,0.2551,4.73,-140,465,46.6
1770114303.281917,0.2555,4.83,-142,463,46.4
1770114303.3868623,0.2557,4.82,-142,463,46.4
1770114303.4799883,0.2547,4.82,-141,463,46.4
1770114303.5840394,0.2552,4.79,-141,464,46.5
1770114303.6873496,0.2544,4.65,-138,467,46.8
1770114303.791854,0.2537,4.56,-136,469,47.0
1770114303.8847432,0.2469,3.98,-124,481,48.1
1770114303.9877427,0.2480,4.04,-125,480,48.0
1770114304.0920496,0.2478,4.36,-131,473,47.4
1770114304.1960928,0.2483,4.48,-133,471,47.1
1770114304.292291,0.2478,4.37,-131,473,47.4
1770114304.3972669,0.2495,4.74,-138,465,46.6
1770114304.5026302,0.2501,4.85,-140,463,46.3
1770114304.5938993,0.2478,4.45,-132,472,47.2
1770114304.697581,0.2441,4.22,-127,476,47.7
1770114304.8015378,0.2478,4.46,-132,471,47.2
1770114304.9065213,0.2465,4.35,-130,474,47.4
1770114304.9991252,0.2467,4.21,-128,476,47.7
1770114305.10344,0.2456,4.07,-125,479,48.0
1770114305.2070727,0.2461,4.27,-129,475,47.6
1770114305.2996328,0.2470,4.30,-129,475,47.5
1770114305.4034371,0.2401,3.07,-109,494,49.4
1770114305.5071685,0.2414,3.82,-120,484,48.4
1770114305.6114922,0.2469,4.19,-128,477,47.7
1770114305.7097282,0.2479,4.64,-135,467,46.8
1770114305.8134942,0.2381,3.37,-112,490,49.1
1770114305.917453,0.2396,3.56,-115,488,48.8
1770114306.0097687,0.2439,3.97,-123,481,48.1
1770114306.1144383,0.2418,3.79,-119,484,48.4
1770114306.2184076,0.2436,3.82,-121,483,48.4
1770114306.3227623,0.2425,3.65,-118,486,48.7
1770114306.4167166,0.2388,3.27,-111,491,49.2
