Timestamp,Offset_m,Heading_deg,Steer_deg,Speed_PWM,Raw_Speed
1770114512.9153585,0.2507,-27.07,1,200,20.0
1770114513.0081358,0.3068,-20.09,-102,200,20.0
1770114513.0915675,0.2675,-25.23,-28,200,20.0
1770114513.1812022,0.3032,-20.47,-96,200,20.0
1770114513.285958,0.3075,-19.39,-109,200,20.0
1770114513.3776352,0.3098,-19.12,-113,200,20.0
1770114513.4816537,0.2725,-24.01,-42,200,20.0
1770114513.5757322,0.2906,-22.58,-69,200,20.0
1770114513.6785338,0.2920,-21.81,-76,200,20.0
1770114513.771473,0.3120,-18.57,-119,200,20.0
1770114513.8743687,0.2761,-23.39,-50,200,20.0
1770114513.9771385,0.3208,-18.01,-131,200,20.0
1770114514.0799494,0.3100,-19.89,-107,200,20.0
1770114514.1827137,0.2880,-22.62,-66,200,20.0
1770114514.285649,0.3105,-19.73,-109,200,20.0
1770114514.388385,0.3176,-18.28,-126,200,20.0
1770114514.481192,0.2858,-23.08,-60,200,20.0
1770114514.5871153,0.2940,-21.72,-78,200,20.0
1770114514.6899867,0.2808,-23.94,-49,200,20.0
1770114514.7927103,0.2893,-22.32,-70,200,20.0
1770114514.8972998,0.2780,-23.38,-51,200,20.0
1770114515.0009742,0.2955,-22.05,-77,200,20.0
1770114515.1045072,0.3114,-19.39,-112,200,20.0
1770114515.2080874,0.3095,-19.14,-112,200,20.0
1770114515.3017876,0.3138,-18.45,-122,200,20.0
1770114515.3959737,0.3069,-19.57,-107,200,20.0
1770114515.4989576,0.2939,-21.56,-80,200,20.0
1770114515.6023638,0.2982,-20.19,-94,200,20.0
1770114515.695195,0.3220,-17.76,-134,200,20.0
1770114515.798158,0.2922,-22.53,-70,200,20.0
1770114515.9011955,0.2740,-23.81,-45,200,20.0
1770114516.0041103,0.2828,-22.90,-59,200,20.0
1770114516.1070907,0.2635,-25.53,-22,200,20.0
1770114516.2034056,0.3175,-18.59,-124,200,20.0
1770114516.306307,0.2649,-25.53,-23,200,20.0
1770114516.4091182,0.2717,-24.07,-40,200,20.0
1770114516.5121703,0.3041,-19.23,-107,200,20.0
1770114516.6151173,0.2680,-24.98,-30,200,20.0
1770114516.7079573,0.2959,-21.17,-84,200,20.0
1770114516.810712,0.2910,-21.92,-74,200,20.0
1770114516.9134748,0.2942,-21.43,-81,200,20.0
1770114517.016324,0.2947,-21.06,-84,200,20.0
1770114517.1192508,0.2964,-20.31,-92,200,20.0
1770114517.222631,0.2799,-23.00,-56,200,20.0
1770114517.3154976,0.2617,-25.91,-17,200,20.0
1770114517.4182782,0.2889,-21.96,-72,200,20.0
1770114517.521218,0.2858,-22.30,-67,200,20.0
1770114517.6238554,0.2905,-21.79,-75,200,20.0
1770114517.7267551,0.2852,-22.02,-68,200,20.0
1770114517.8298326,0.2892,-21.74,-74,200,20.0
1770114517.922532,0.2682,-24.36,-35,200,20.0
1770114518.0252943,0.2992,-20.04,-96,200,20.0
1770114518.128149,0.2669,-25.13,-28,200,20.0
1770114518.2309074,0.2770,-23.64,-48,200,20.0
1770114518.333758,0.2676,-24.79,-31,200,20.0
1770114518.436662,0.2641,-25.47,-23,200,20.0
1770114518.5394511,0.2902,-21.67,-75,200,20.0
1770114518.6322422,0.2787,-23.50,-51,200,20.0
1770114518.7349517,0.2975,-20.19,-94,200,20.0
1770114518.8377242,0.2745,-23.70,-46,200,20.0
1770114518.9404025,0.2770,-23.51,-50,200,20.0
1770114519.0434878,0.2607,-25.55,-19,200,20.0
1770114519.146286,0.2775,-22.88,-55,200,20.0
1770114519.2490275,0.3067,-18.87,-112,200,20.0
1770114519.35189,0.2724,-24.08,-41,200,20.0
1770114519.4445212,0.2825,-22.62,-61,200,20.0
1770114550.305794,0.4223,1.64,-158,500,50.0
1770114550.397431,0.3206,-15.06,-155,200,20.0
1770114550.502348,0.2884,-20.58,-83,200,20.0
1770114550.5957296,0.3270,-14.67,-163,200,20.1
1770114550.6986732,0.2179,-29.46,48,200,20.0
1770114550.8021457,0.2817,-21.49,-70,200,20.0
1770114550.9059439,0.2010,-32.70,88,200,20.0
1770114550.9989197,0.3866,-4.78,-118,464,46.5
1770114551.1023905,0.4011,-2.15,-120,499,50.0
1770114551.206003,0.3496,-8.56,-143,348,34.8
1770114551.3096676,0.4009,2.15,-155,499,50.0
1770114551.4138074,0.3979,1.37,-147,500,50.0
1770114551.5073588,0.4143,2.17,-159,499,50.0
1770114551.611287,0.3339,-16.12,-158,200,20.0
1770114551.7150362,0.2865,-23.69,-56,200,20.0
1770114551.8188696,0.3106,-19.96,-107,200,20.0
1770114551.9121602,0.3047,-20.08,-101,200,20.0
1770114552.0157402,0.3108,-20.25,-105,200,20.0
1770114552.1198199,0.3355,-15.89,-161,200,20.0
1770114552.224192,0.3087,-20.58,-100,200,20.0
1770114552.318225,0.3064,-20.57,-98,200,20.0
1770114552.421602,0.3249,-20.35,-116,200,20.0
1770114552.5261977,0.3210,-23.61,-87,200,20.0
1770114552.6314163,0.2594,-33.83,47,200,20.0
1770114552.7236097,0.2447,-35.34,72,200,20.0
1770114552.8270712,0.2065,-39.66,139,200,20.0
1770114552.930962,0.2199,-36.89,106,200,20.0
1770114553.0279286,0.8498,-26.21,-250,200,20.0
1770114553.1312165,0.9056,-18.48,-250,200,20.0
1770114553.2353616,0.8527,-25.06,-250,200,20.0
1770114553.3283415,0.2088,-38.27,126,200,20.0
1770114553.4331262,0.2279,-37.03,100,200,20.0
1770114553.5368848,0.1956,-40.78,158,200,20.0
1770114553.6415842,0.2188,-36.87,106,200,20.0
1770114553.7343647,0.1948,-38.09,137,200,20.0
1770114553.837657,0.8529,-25.80,-250,200,20.0
1770114553.9414434,0.8489,-25.93,-250,200,20.0
1770114554.0448418,0.9055,-18.67,-250,200,20.0
1770114554.1401563,0.1978,-37.86,132,200,20.0
1770114554.2452998,0.2214,-37.66,111,200,20.0
1770114554.3498275,0.2277,-37.90,107,200,20.0
1770114554.4528294,0.2055,-38.26,129,200,20.0
1770114554.5474648,0.9223,-15.52,-250,200,20.0
1770114554.652833,0.8974,-19.49,-250,200,20.0
1770114554.756321,0.8875,-20.00,-250,200,20.0
1770114554.8488455,0.1993,-38.37,135,200,20.0
1770114554.9523096,0.2148,-39.02,127,200,20.0
1770114555.0566843,0.2252,-37.98,110,200,20.0
1770114555.160351,0.2161,-37.24,112,200,20.0
1770114555.253272,0.8633,-24.38,-250,200,20.0
1770114555.3578982,0.8997,-20.51,-250,200,20.0
1770114555.4609725,0.8812,-22.12,-250,200,20.0
1770114555.5640435,0.2356,-35.38,80,200,20.0
1770114555.6576703,0.2656,-33.78,42,200,20.0
1770114555.7613745,0.2287,-38.14,108,200,20.0
1770114555.8649063,0.2393,-35.91,81,200,20.0
1770114555.9714746,0.8942,-21.00,-250,200,20.0
1770114556.0725453,0.9927,-6.47,-250,417,41.8
1770114556.166091,0.9369,-18.20,-250,200,20.0
1770114556.2695913,1.0091,-9.38,-250,319,32.0
1770114556.3730786,0.3149,-24.31,-76,200,20.0
1770114556.4773626,0.4153,-12.15,-233,236,23.7
1770114556.5704875,0.3566,-19.25,-152,200,20.0
1770114556.6736755,0.4134,-12.77,-236,223,22.4
1770114556.7771125,0.3468,-22.78,-115,200,20.0
1770114556.8816586,0.3590,-19.63,-151,200,20.0
1770114556.984901,0.3449,-20.93,-128,200,20.0
1770114557.0811694,0.2931,-28.88,-20,200,20.0
1770114557.1845737,0.2709,-31.12,16,200,20.0
1770114557.2889202,0.2814,-28.90,-10,200,20.0
1770114557.3815475,0.2887,-27.68,-26,200,20.0
1770114557.4855382,0.2821,-29.09,-9,200,20.0
1770114557.5886846,0.2809,-29.47,-5,200,20.0
1770114557.692921,0.2628,-31.49,26,200,20.0
1770114557.7858434,0.3028,-25.78,-53,200,20.0
1770114557.8888788,0.2937,-27.44,-32,200,20.0
1770114557.9940934,0.2743,-30.89,11,200,20.0
1770114558.0978081,0.2771,-29.41,-2,200,20.0
1770114558.1924295,0.2867,-28.44,-18,200,20.0
1770114558.2965865,0.2955,-27.31,-35,200,20.0
1770114558.40065,0.2762,-29.78,0,200,20.0
1770114558.5041475,0.2804,-28.62,-12,200,20.0
1770114558.597346,0.2846,-28.49,-16,200,20.0
1770114558.7009017,0.2689,-30.49,12,200,20.0
1770114558.8048213,0.2592,-32.32,35,200,20.0
1770114558.9091737,0.2719,-30.07,6,200,20.0
1770114559.001839,0.2903,-27.84,-26,200,20.0
1770114559.1052403,0.2686,-30.97,16,200,20.0
1770114559.2091038,0.2700,-30.62,12,200,20.0
1770114559.3128374,0.2962,-26.42,-43,200,20.0
1770114559.4058456,0.2785,-28.88,-8,200,20.0
1770114559.5093453,0.2533,-32.47,42,200,20.0
1770114559.6128304,0.2570,-32.27,37,200,20.0
1770114559.71602,0.2556,-32.26,38,200,20.0
1770114559.820326,0.2540,-32.44,41,200,20.0
1770114559.9133356,0.2734,-29.13,-1,200,20.0
1770114560.0168114,0.2569,-32.28,37,200,20.0
1770114560.1204765,0.2747,-29.69,1,200,20.0
1770114560.2251768,0.2683,-31.05,17,200,20.0
1770114560.3176734,0.2689,-30.92,16,200,20.0
1770114560.4325473,0.2703,-31.01,15,200,20.0
1770114560.5260637,0.2725,-29.99,5,200,20.0
1770114560.6298687,0.2584,-32.28,36,200,20.0
1770114560.7227983,0.2543,-32.82,43,200,20.0
1770114560.8262117,0.2667,-31.47,22,200,20.0
1770114560.9295852,0.2633,-31.44,25,200,20.0
1770114561.0339797,0.2594,-32.12,34,200,20.0
1770114561.127125,0.2616,-31.61,28,200,20.0
1770114561.230629,0.2580,-32.72,40,200,20.0
1770114561.33419,0.2752,-29.59,0,200,20.0
1770114561.4384162,0.2696,-30.87,15,200,20.0
1770114561.542955,0.2571,-32.08,35,200,20.0
1770114561.6363363,0.2792,-28.89,-8,200,20.0
1770114561.739251,0.2643,-30.92,20,200,20.0
1770114561.8431823,0.2771,-29.01,-6,200,20.0
1770114561.946888,0.2713,-30.55,11,200,20.0
1770114562.040481,0.2644,-30.90,19,200,20.0
1770114562.1438522,0.2597,-31.55,29,200,20.0
1770114562.2483099,0.2854,-27.74,-23,200,20.0
1770114562.3534865,0.2500,-32.98,49,200,20.0
1770114562.4466393,0.2586,-32.13,34,200,20.0
1770114562.5510666,0.2617,-31.07,23,200,20.0
1770114562.6550376,0.2757,-29.97,2,200,20.0
1770114562.7482967,0.2745,-29.14,-2,200,20.0
1770114562.852559,0.2717,-29.31,0,200,20.0
1770114562.9556572,0.2711,-29.16,0,200,20.0
1770114563.0593817,0.2594,-31.57,29,200,20.0
1770114563.163997,0.2629,-31.17,23,200,20.0
1770114563.2564116,0.2654,-31.16,21,200,20.0
1770114563.3598285,0.2796,-29.17,-6,200,20.0
1770114563.463852,0.2794,-29.29,-5,200,20.0
1770114563.5675726,0.2774,-29.73,0,200,20.0
1770114563.6636488,0.2625,-31.13,23,200,20.0
1770114563.767599,0.2764,-29.47,-1,200,20.0
1770114563.8629262,0.2912,-27.03,-34,200,20.0
1770114563.9673216,0.2624,-31.21,24,200,20.0
1770114564.070818,0.2669,-32.08,27,200,20.0
1770114564.1646175,0.2702,-31.31,18,200,20.0
1770114564.2698662,0.2806,-28.43,-13,200,20.0
1770114564.374474,0.2756,-29.76,1,200,20.0
1770114564.478458,0.2870,-27.03,-30,200,20.0
1770114564.571449,0.2803,-29.03,-8,200,20.0
1770114564.6746488,0.2637,-30.85,20,200,20.0
1770114564.7782116,0.2763,-29.05,-5,200,20.0
1770114564.88314,0.3124,-24.95,-68,200,20.0
1770114564.986972,0.3425,-20.66,-129,200,20.0
1770114565.081412,0.3717,-17.46,-179,200,20.0
1770114565.187594,0.4203,-11.86,-234,244,24.4
1770114565.2810502,0.4203,-10.70,-220,276,27.7
1770114565.3859124,0.4237,-11.81,-236,245,24.5
1770114565.4901094,0.4261,-10.95,-227,269,26.9
1770114565.582547,0.4200,-11.92,-234,242,24.3
1770114565.6866896,0.4241,-11.75,-236,246,24.7
1770114565.7900498,0.4175,-12.03,-233,239,24.0
1770114565.8938265,0.4224,-11.64,-233,249,25.0
1770114565.9976957,0.4282,-10.81,-227,273,27.4
1770114566.0919304,0.4276,-10.95,-229,269,26.9
1770114566.1969328,0.4257,-11.54,-235,252,25.3
1770114566.3004649,0.4250,-11.32,-231,258,25.9
1770114566.396915,0.4223,-11.78,-235,246,24.6
1770114566.5000305,0.4210,-12.03,-236,239,24.0
1770114566.6045563,0.4262,-10.59,-222,280,28.0
1770114566.6969192,0.4187,-11.80,-232,245,24.6
1770114566.8004653,0.4296,-10.63,-225,279,27.9
1770114566.9064682,0.4280,-10.51,-222,282,28.3
1770114567.0090992,0.4247,-11.30,-231,259,25.9
1770114567.1032038,0.4215,-11.83,-235,244,24.5
1770114567.206845,0.4260,-11.07,-229,265,26.6
1770114567.3093443,0.4200,-12.02,-235,240,24.0
1770114567.4144645,0.4293,-10.53,-224,281,28.2
1770114567.507045,0.4226,-11.68,-234,248,24.9
1770114567.611202,0.4251,-10.99,-227,268,26.8
1770114567.7155888,0.4326,-9.38,-207,319,32.0
1770114567.8193233,0.4245,-11.07,-228,265,26.6
1770114567.91209,0.4205,-11.55,-231,252,25.2
1770114568.017669,0.4271,-11.12,-230,264,26.4
1770114568.1213915,0.4270,-10.97,-228,268,26.9
1770114568.2253358,0.3811,-17.03,-191,200,20.0
1770114568.3188798,0.3123,-25.65,-63,200,20.0
1770114568.4217556,0.3082,-26.02,-56,200,20.0
1770114568.5256734,0.3386,-20.73,-125,200,20.0
1770114568.6294832,0.3845,-13.37,-214,212,21.3
1770114568.7332711,0.3205,-24.75,-77,200,20.0
1770114568.8275158,0.3365,-21.52,-116,200,20.0
1770114568.930302,0.3727,-15.47,-196,200,20.0
1770114569.035116,0.3428,-20.24,-132,200,20.0
1770114569.1411095,0.3413,-20.26,-131,200,20.0
1770114569.2314463,0.3829,-16.12,-200,200,20.0
1770114569.3359506,0.5030,-18.20,-250,200,20.0
1770114569.438374,0.7979,21.28,-250,200,20.0
1770114569.5417886,0.8370,19.00,-250,200,20.0
1770114569.6348825,0.9707,26.70,-250,200,20.0
1770114569.7392569,1.0324,25.82,-250,200,20.0
1770114569.8411899,1.0998,24.98,-250,200,20.0
1770114569.9451182,1.1780,24.25,-250,200,20.0
1770114570.038397,1.1844,18.04,-250,200,20.0
1770114570.1411035,1.0869,-4.90,-250,461,46.2
1770114570.245913,1.2430,5.11,-250,456,45.7
1770114570.339892,-0.1960,-32.63,250,200,20.0
1770114570.4449277,0.0681,-15.46,65,200,20.0
1770114570.5477583,-1.7189,-55.03,250,200,20.0
1770114570.650671,-1.6092,-51.84,250,200,20.0
1770114570.7547836,-1.6292,-54.06,250,200,20.0
1770114570.847854,-1.6411,-54.98,250,200,20.0
1770114570.9512696,-1.6028,-54.93,250,200,20.0
1770114571.05576,-1.7217,-54.81,250,200,20.0
1770114571.1588342,-1.7072,-51.06,250,200,20.0
1770114571.2521362,-1.7858,-54.62,250,200,20.0
1770114571.3554256,-1.9410,-59.69,250,200,20.0
1770114571.4589078,-1.8693,-51.07,250,200,20.0
1770114571.562031,-1.8965,-49.42,250,200,20.0
1770114571.6652691,0.1039,-6.93,2,403,40.3
1770114571.7596557,-0.0347,-23.70,219,200,20.0
1770114571.8623621,-0.1208,-33.57,250,200,20.0
1770114571.965505,-0.1316,-12.63,208,226,22.6
1770114572.069323,-0.1550,-4.04,90,480,48.0
1770114572.1746972,-0.2330,-20.43,250,200,20.0
1770114572.2660773,-0.2789,-28.26,250,200,20.0
1770114572.369418,1.1874,22.14,-250,200,20.0
1770114572.4729037,0.8821,-9.01,-250,332,33.2
1770114572.576896,0.8409,-17.26,-250,200,20.0
1770114572.679871,1.1766,20.37,-250,200,20.0
1770114572.7729523,1.2703,27.40,-250,200,20.0
1770114572.8763144,1.2995,22.04,-250,200,20.0
1770114572.979989,1.2833,7.76,-250,375,37.6
1770114573.0833974,1.4593,29.50,-250,200,20.0
1770114573.1875892,-0.4047,-42.44,250,200,20.0
1770114573.2798073,-0.3197,-47.95,250,200,20.0
1770114573.3831956,-2.0146,-58.65,250,200,20.0
1770114573.4861495,-1.9290,-57.14,250,200,20.0
1770114573.590189,-1.9494,-57.74,250,200,20.0
1770114573.6828606,-1.9690,-57.32,250,200,20.0
1770114573.7867172,-2.0380,-58.46,250,200,20.0
1770114573.8898287,-0.2496,-46.53,250,200,20.0
1770114573.9931352,-0.2551,-45.14,250,200,20.0
1770114574.097163,-0.3343,-46.89,250,200,20.0
1770114574.1898663,-0.4423,-46.08,250,200,20.0
1770114574.2934523,-0.5038,-46.00,250,200,20.0
1770114574.3973465,1.0965,-27.19,-250,200,20.0
1770114574.5011456,1.1930,-4.49,-250,471,47.1
1770114574.6044278,1.1688,-2.75,-250,497,49.7
1770114574.6967974,1.2088,6.35,-250,421,42.2
1770114574.8004,1.1011,-17.56,-250,200,20.0
1770114574.9037666,1.1637,-14.67,-250,200,20.1
1770114575.0067027,-0.3069,-39.18,250,200,20.0
1770114575.1000497,-0.2678,-40.61,250,200,20.0
1770114575.2033782,-0.2498,-40.72,250,200,20.0
1770114575.3072138,-0.1038,-38.37,250,200,20.0
1770114575.410446,-0.1998,-38.11,250,200,20.0
1770114575.5137107,-0.2491,-38.15,250,200,20.0
1770114575.6069078,-0.2681,-35.36,250,200,20.0
1770114575.712448,-0.3849,-38.05,250,200,20.0
1770114575.8156106,1.1878,-9.84,-250,304,30.4
1770114575.9189923,1.2271,5.33,-250,451,45.1
1770114576.012075,1.1669,4.80,-250,464,46.4
1770114576.115687,0.9857,-13.99,-250,205,20.5
1770114576.2194443,1.0162,-14.06,-250,204,20.4
1770114576.3230295,1.1705,-4.09,-250,479,47.9
1770114576.426396,1.2453,-5.44,-250,448,44.8
1770114576.5190384,-0.2300,-30.91,250,200,20.0
1770114576.6218178,-0.0188,-16.66,149,200,20.0
1770114576.7259023,-1.4826,-34.68,250,200,20.0
1770114576.8289115,-1.3554,-27.68,250,200,20.0
1770114576.9340045,-1.3566,-26.43,250,200,20.0
1770114577.0267317,-1.3783,-27.76,250,200,20.0
1770114577.1319892,-1.2887,-30.35,250,200,20.0
1770114577.235405,-1.4449,-24.66,250,200,20.0
1770114577.3392622,0.2100,2.40,-91,499,49.9
1770114577.4321418,0.1576,2.15,-71,499,50.0
1770114577.5367184,0.1753,10.10,-202,295,29.6
1770114577.640754,0.0693,8.81,-113,339,33.9
1770114577.7436175,0.0481,20.47,-205,200,20.0
1770114577.8364515,0.1837,24.98,-250,200,20.0
1770114577.9401958,0.2605,24.94,-250,200,20.0
1770114578.044064,0.3192,28.29,-250,200,20.0
1770114578.1479487,-1.1369,12.43,250,230,23.1
1770114578.2402658,-1.0955,18.45,250,200,20.0
1770114578.3444326,-1.0291,19.42,250,200,20.0
1770114578.4493988,-0.9933,22.42,250,200,20.0
1770114578.5526814,-1.0174,22.43,250,200,20.0
1770114578.6561959,-1.0440,24.73,250,200,20.0
1770114578.7490776,-1.0937,26.73,250,200,20.0
1770114578.8524969,0.4329,38.52,-250,200,20.0
1770114578.9558525,0.3738,40.71,-250,200,20.0
1770114579.0591834,0.2792,40.26,-250,200,20.0
1770114579.1544666,0.1592,37.56,-250,200,20.0
1770114579.2559283,0.2482,43.40,-250,200,20.0
1770114579.3612423,-1.3455,36.02,250,200,20.0
1770114579.4653265,-1.3274,33.72,250,200,20.0
1770114579.5584412,0.3531,42.16,-250,200,20.0
1770114579.6619754,-1.3390,29.08,250,200,20.0
1770114579.7655556,-1.3502,31.60,250,200,20.0
1770114579.8683724,-1.3650,33.93,250,200,20.0
1770114579.972562,-1.4559,32.15,250,200,20.0
1770114580.06605,0.2217,45.15,-250,200,20.0
1770114580.1695592,1.9521,55.61,-250,200,20.0
1770114580.272815,1.8642,56.96,-250,200,20.0
1770114580.3652084,1.7701,58.01,-250,200,20.0
1770114580.479372,1.8382,59.80,-250,200,20.0
1770114580.5734067,1.8643,59.34,-250,200,20.0
1770114580.6766984,1.9371,60.23,-250,200,20.0
1770114580.7701917,2.0082,61.26,-250,200,20.0
1770114580.8739126,2.0965,62.67,-250,200,20.0
1770114580.9776258,2.1789,63.78,-250,200,20.0
1770114581.0800643,2.2391,64.20,-250,200,20.0
1770114581.1840413,0.0133,43.58,-250,200,20.0
1770114581.2876363,0.0017,39.72,-250,200,20.0
1770114581.3810747,0.0627,41.89,-250,200,20.0
1770114581.4858994,0.1428,46.31,-250,200,20.0
1770114581.5892715,0.1189,42.90,-250,200,20.0
1770114581.693752,0.1506,43.01,-250,200,20.0
1770114581.7969716,0.1998,44.78,-250,200,20.0
1770114581.8895442,0.2625,46.28,-250,200,20.0
1770114581.993768,0.4556,54.27,-250,200,20.0
1770114582.0957665,0.5621,57.13,-250,200,20.0
1770114582.199996,0.5954,57.36,-250,200,20.0
1770114582.292802,-1.3392,39.92,250,200,20.0
1770114582.3966951,-1.2979,42.68,250,200,20.0
1770114582.4996223,-1.2527,43.62,250,200,20.0
1770114582.605012,-1.3061,36.54,250,200,20.0
1770114582.700779,0.7787,63.52,-250,200,20.0
1770114582.8051627,0.7154,63.67,-250,200,20.0
1770114582.9091184,0.7944,66.69,-250,200,20.0
1770114583.0024993,0.7828,70.07,-250,200,20.0
1770114583.1063073,0.5474,65.97,-250,200,20.0
1770114583.2105112,0.7741,70.60,-250,200,20.0
1770114583.3147037,0.9037,72.34,-250,200,20.0
1770114583.4073875,0.8108,70.81,-250,200,20.0
1770114583.5104938,0.7138,68.83,-250,200,20.0
1770114583.614133,0.7015,68.17,-250,200,20.0
1770114583.7179031,0.5943,65.49,-250,200,20.0
1770114583.8130112,0.5815,64.87,-250,200,20.0
1770114583.9169133,0.6774,66.66,-250,200,20.0
1770114584.020225,0.5995,64.35,-250,200,20.0
1770114584.1245792,0.6201,64.59,-250,200,20.0
1770114584.218147,0.6291,64.60,-250,200,20.0
1770114584.3217745,0.6361,64.33,-250,200,20.0
1770114584.4252923,0.6380,63.85,-250,200,20.0
1770114584.5197372,0.6413,64.03,-250,200,20.0
1770114584.6224272,0.6449,64.05,-250,200,20.0
1770114584.7279737,0.6132,62.82,-250,200,20.0
1770114584.8316014,0.6777,64.29,-250,200,20.0
1770114584.9344978,0.7150,65.16,-250,200,20.0
1770114585.0280445,0.5931,61.08,-250,200,20.0
1770114585.1313684,0.6598,63.23,-250,200,20.0
1770114585.2345972,0.7453,65.68,-250,200,20.0
1770114585.3380034,0.7473,66.00,-250,200,20.0
1770114585.43133,0.7852,66.46,-250,200,20.0
1770114585.5347173,0.7346,64.81,-250,200,20.0
1770114585.6401854,0.6876,63.06,-250,200,20.0
1770114585.7423086,0.6670,62.26,-250,200,20.0
1770114585.8469768,0.5595,58.39,-250,200,20.0
1770114585.939455,0.5866,59.72,-250,200,20.0
1770114586.0438948,0.6123,60.86,-250,200,20.0
1770114586.1471775,0.5764,59.46,-250,200,20.0
1770114586.2523136,0.5627,58.37,-250,200,20.0
1770114586.3540797,0.5470,56.95,-250,200,20.0
1770114586.4465346,0.4588,51.59,-250,200,20.0
1770114586.5498755,0.3858,47.60,-250,200,20.0
1770114586.6530955,0.3617,46.89,-250,200,20.0
1770114586.7567425,0.2454,39.91,-250,200,20.0
1770114586.85,0.2240,38.84,-250,200,20.0
1770114586.9531863,0.2208,35.15,-250,200,20.0
1770114587.0566537,0.3933,46.46,-250,200,20.0
1770114587.163653,0.3515,41.99,-250,200,20.0
1770114587.2560747,0.3280,39.13,-250,200,20.0
1770114587.3610766,0.2997,35.65,-250,200,20.0
1770114587.4541593,0.2767,32.70,-250,200,20.0
1770114587.5484512,0.2598,28.59,-250,200,20.0
1770114587.6416237,0.2475,25.78,-250,200,20.0
1770114587.7491179,0.2362,24.15,-250,200,20.0
1770114587.842463,0.2529,23.31,-250,200,20.0
1770114587.9245384,0.2367,15.92,-250,200,20.0
1770114588.0175583,0.2377,12.33,-250,232,23.3
1770114588.1115425,0.1923,0.83,-72,500,50.0
1770114588.2100017,0.1551,-7.64,-24,379,38.0
1770114588.2916195,-1.6084,-24.17,250,200,20.0
1770114588.3862634,0.4848,24.82,-250,200,20.0
1770114588.470798,0.0987,-27.03,131,200,20.0
1770114588.5544589,0.1011,-30.72,158,200,20.0
1770114588.6392493,0.0469,-34.50,235,200,20.0
1770114588.723905,0.0801,-32.19,188,200,20.0
1770114588.8094203,0.0684,-33.60,210,200,20.0
1770114588.8927395,0.0533,-36.48,246,200,20.0
1770114588.975892,-0.1107,-39.04,250,200,20.0
1770114589.0589416,-0.1309,-38.31,250,200,20.0
1770114589.1419685,-0.1636,-38.60,250,200,20.0
1770114589.2253952,-0.1635,-36.04,250,200,20.0
1770114589.308831,-0.2120,-37.13,250,200,20.0
1770114589.3811202,-0.2375,-35.81,250,200,20.0
1770114589.4644978,-0.2660,-35.99,250,200,20.0
1770114589.5473092,-0.2519,-35.21,250,200,20.0
1770114589.6322486,-0.2598,-35.39,250,200,20.0
1770114589.7163775,-0.2294,-33.11,250,200,20.0
1770114589.799417,-0.1754,-28.93,250,200,20.0
1770114589.8820379,-0.0671,-21.82,232,200,20.0
1770114589.9654784,0.0662,-12.35,45,232,23.2
1770114590.0484018,0.2105,-1.56,-59,500,50.0
1770114590.12112,0.3217,5.11,-175,456,45.7
1770114590.2040725,-1.2668,-7.62,250,380,38.0
1770114590.2877426,-1.2246,-4.55,250,469,47.0
1770114590.3697927,-1.1255,3.98,250,481,48.1
1770114590.4525151,-0.9379,15.55,250,200,20.0
1770114590.5400882,-0.9110,18.60,250,200,20.0
1770114590.6210048,-0.9050,19.14,250,200,20.0
1770114590.7040403,-0.8911,27.44,250,200,20.0
1770114590.7743325,-0.9628,21.70,250,200,20.0
1770114590.8574054,-0.9818,22.79,250,200,20.0
1770114590.9299324,-1.0253,24.05,250,200,20.0
1770114591.01139,-1.1157,22.98,250,200,20.0
1770114591.0939062,-1.1832,20.50,250,200,20.0
1770114591.1763134,-1.2121,21.28,250,200,20.0
1770114591.2585788,-1.2728,16.74,250,200,20.0
1770114591.34112,-1.3152,16.81,250,200,20.0
1770114591.4235556,-1.3833,14.84,250,200,20.0
1770114591.5059638,-1.4538,15.98,250,200,20.0
1770114591.6000223,-1.5501,7.29,250,391,39.1
1770114591.6719842,-1.6335,-2.72,250,497,49.7
1770114591.7544937,-1.7236,-9.59,250,312,31.3
1770114591.8364224,-0.6994,-3.70,250,485,48.6
1770114591.918793,-0.8939,-18.53,250,200,20.0
1770114592.0048945,-0.9318,-19.28,250,200,20.0
1770114592.087796,-0.8691,-13.33,250,213,21.4
1770114592.171267,-0.7656,-5.35,250,450,45.1
1770114592.2641687,-0.8097,-6.54,250,415,41.6
1770114592.3465147,-0.7727,-5.28,250,452,45.2
1770114592.4293325,-0.7886,-0.43,250,500,50.0
1770114592.5114725,-0.9451,-8.17,250,361,36.1
1770114592.605227,-1.0283,-11.36,250,257,25.7
1770114592.686815,-1.2305,-17.41,250,200,20.0
1770114592.7695756,0.1274,25.25,-250,200,20.0
1770114592.8624206,0.0707,23.85,-250,200,20.0
1770114592.944728,0.0449,23.26,-224,200,20.0
1770114593.0375412,-0.1145,18.10,-46,200,20.0
1770114593.1198878,-0.1496,16.30,-1,200,20.0
1770114593.2123775,-0.1395,15.85,-6,200,20.0
1770114593.2950497,-0.1517,14.15,16,203,20.4
1770114593.3878455,-0.1488,12.64,20,226,22.6
1770114593.4803543,-0.1907,10.61,52,279,28.0
1770114593.5619037,-0.1902,11.95,54,241,24.2
1770114593.6544735,-0.2038,10.51,62,282,28.3
1770114593.7470756,-0.2070,11.77,67,246,24.6
1770114593.8393128,-0.2456,16.55,78,200,20.0
1770114593.9317777,-0.4050,13.82,232,206,20.7
1770114594.0243485,-0.4681,13.05,250,218,21.8
1770114594.1170034,-0.5387,0.22,183,500,50.0
1770114594.219604,-0.5736,-5.70,250,440,44.1
1770114594.3223712,-0.5557,-12.10,250,238,23.8
1770114594.414895,-0.3298,11.67,162,248,24.9
1770114594.5182574,-0.1327,29.42,-121,200,20.0
1770114594.6218457,-0.4379,22.86,193,200,20.0
1770114594.722024,-0.3629,7.36,135,389,38.9
1770114594.821909,-0.0775,-60.63,250,200,20.0
1770114594.924348,-1.3653,-4.15,250,478,47.8
1770114595.0262058,0.2976,46.76,-250,200,20.0
1770114595.1201982,0.7565,-17.59,-250,200,20.0
1770114595.2234871,1.1983,-2.34,-250,499,49.9
1770114595.3253763,-0.7250,-15.99,250,200,20.0
1770114595.427035,-1.1250,3.77,250,484,48.5
1770114595.5298283,0.2847,38.81,-250,200,20.0
1770114595.6355681,1.2165,41.28,-250,200,20.0
1770114595.7387538,-2.5499,-52.68,250,200,20.0
1770114595.8406534,0.3714,-19.63,-162,200,20.0
1770114595.9173753,0.1891,4.39,-108,473,47.3
1770114595.9889035,-0.2157,2.27,56,499,50.0
1770114596.0525308,-0.7875,-13.74,250,207,20.8
1770114596.1114988,0.4937,27.24,-250,200,20.0
1770114596.1608915,-2.5253,-50.61,250,200,20.0
1770114596.2224765,0.0610,1.69,-34,500,50.0
1770114596.2846487,-0.2325,41.33,-130,200,20.0
1770114596.3463376,12.0197,84.32,-250,200,20.0
1770114596.4085367,-0.0186,46.21,-250,200,20.0
1770114596.4707396,-1.4099,7.89,250,371,37.1
1770114596.5326402,-28.2804,-86.45,250,200,20.0
1770114596.594944,-0.9875,-27.64,250,200,20.0
1770114596.6571884,0.1172,-6.17,-5,427,42.7
1770114596.719491,-0.5432,9.48,250,316,31.6
1770114596.7718763,-0.9824,38.51,250,200,20.0
1770114596.8337615,-1.0205,0.66,250,500,50.0
1770114596.9066415,0.9644,65.00,-250,200,20.0
1770114596.9787564,1.3094,61.48,-250,200,20.0
1770114597.0617056,14.8538,85.07,-250,200,20.0
1770114597.1545954,-1.4621,12.95,250,219,22.0
1770114597.2470496,15.0360,84.30,-250,200,20.0
1770114597.3492775,-5.4902,-73.53,250,200,20.0
1770114597.4427185,-1.8812,-46.38,250,200,20.0
1770114597.5440738,-4.8984,-75.28,250,200,20.0
1770114597.6389241,-0.9119,-18.55,250,200,20.0
1770114597.7116494,-0.6333,-40.36,250,200,20.0
1770114597.7854314,-11.2424,-83.29,250,200,20.0
1770114597.857921,1.1460,-41.13,-250,200,20.0
1770114597.9201334,0.0739,-7.12,18,397,39.7
1770114597.982805,0.7037,18.47,-250,200,20.0
1770114598.0440874,-0.7118,22.01,250,200,20.0
1770114598.106393,-0.2835,16.41,112,200,20.0
1770114598.1585493,0.1593,22.35,-250,200,20.0
1770114598.2203174,-0.9396,-31.41,250,200,20.0
1770114598.282462,0.7194,30.45,-250,200,20.0
1770114598.343914,1.3745,38.51,-250,200,20.0
1770114598.4064043,-12.1818,-84.83,250,200,20.0
1770114598.4683673,-1.4582,9.14,250,327,32.8
1770114598.5306108,2.6166,68.50,-250,200,20.0
1770114598.5932019,2.2780,76.23,-250,200,20.0
1770114598.654903,-0.5807,16.36,250,200,20.0
1770114598.726687,-0.2686,-7.00,194,400,40.1
1770114598.7998369,0.7220,-8.11,-250,363,36.4
1770114598.8936667,-0.5707,-11.53,250,252,25.3
1770114598.9964461,-0.0967,15.64,-41,200,20.0
1770114599.0990672,0.5738,33.11,-250,200,20.0
1770114599.2010655,0.9505,22.36,-250,200,20.0
1770114599.2945974,0.9674,-12.00,-250,240,24.1
1770114599.396518,-0.4689,-32.80,250,200,20.0
1770114599.4996905,0.3544,-0.29,-119,500,50.0
1770114599.6021316,0.5114,17.25,-250,200,20.0
1770114599.7045999,-0.7236,-34.23,250,200,20.0
1770114599.806873,-0.9066,-39.99,250,200,20.0
1770114599.8998027,-0.7126,-25.67,250,200,20.0
1770114600.0037417,-0.8490,-36.00,250,200,20.0
1770114600.1063645,-1.0105,-44.68,250,200,20.0
1770114600.209044,-1.1236,-47.38,250,200,20.0
1770114600.311713,-1.1558,-46.52,250,200,20.0
1770114600.4146757,-1.2121,-46.31,250,200,20.0
1770114600.5178657,-1.3309,-47.68,250,200,20.0
1770114600.6199033,-1.3981,-48.18,250,200,20.0
1770114600.7128258,-0.3969,-30.14,250,200,20.0
1770114600.8154604,-0.4328,-26.78,250,200,20.0
1770114600.9327166,-0.4554,-21.72,250,200,20.0
1770114601.0252004,-0.5368,-24.99,250,200,20.0
1770114601.130129,-0.6898,-29.17,250,200,20.0
1770114601.2339542,0.8360,-17.29,-250,200,20.0
1770114601.3376489,0.8021,-14.95,-250,200,20.0
1770114601.4334493,0.7247,-16.22,-250,200,20.0
1770114601.5347338,0.6556,-18.87,-250,200,20.0
1770114601.6380138,0.6315,-22.14,-250,200,20.0
1770114601.742124,0.6710,-24.98,-250,200,20.0
1770114601.8353689,0.7198,-28.27,-250,200,20.0
1770114601.939641,0.8044,-29.71,-250,200,20.0
1770114602.0436215,0.8928,-33.02,-250,200,20.0
1770114602.148558,0.9818,-36.22,-250,200,20.0
1770114602.241902,1.0831,-38.01,-250,200,20.0
1770114602.3445723,-0.4854,-43.24,250,200,20.0
1770114602.448132,-0.3650,-41.00,250,200,20.0
1770114602.5514867,-0.2971,-39.90,250,200,20.0
1770114602.6551058,-0.2945,-42.53,250,200,20.0
1770114602.7476642,-0.2557,-41.04,250,200,20.0
1770114602.8514364,-0.2682,-40.20,250,200,20.0
1770114602.956702,1.4207,-40.09,-250,200,20.0
1770114603.0589204,1.3707,-39.22,-250,200,20.0
1770114603.1632137,1.2455,-33.61,-250,200,20.0
1770114603.254415,1.2980,-16.00,-250,200,20.0
1770114603.3581283,1.1006,-35.67,-250,200,20.0
1770114603.460971,-0.2894,-26.48,250,200,20.0
1770114603.566757,0.8702,-8.90,-250,336,33.6
1770114603.6610398,1.0115,-9.82,-250,304,30.5
1770114603.7671647,-0.4231,-40.74,250,200,20.0
1770114603.8730009,-0.3036,-36.04,250,200,20.0
1770114603.964155,-0.2689,-33.71,250,200,20.0
1770114604.067839,-0.2461,-32.96,250,200,20.0
1770114604.1727462,-0.1643,-20.75,250,200,20.0
1770114604.2669103,-0.3339,-33.94,250,200,20.0
1770114604.371117,-0.2700,-16.17,250,200,20.0
1770114604.4651952,1.4680,24.11,-250,200,20.0
1770114604.5688834,1.3777,19.33,-250,200,20.0
1770114604.6747215,1.1909,0.30,-250,500,50.0
1770114604.7662277,1.1147,-1.90,-250,500,50.0
1770114604.8717747,1.2485,3.75,-250,485,48.5
1770114604.963244,1.3303,1.12,-250,500,50.0
1770114605.0679352,-0.1574,-16.54,250,200,20.0
1770114605.1600404,0.0872,-4.63,2,468,46.8
1770114605.2629118,0.1267,-13.03,0,218,21.9
1770114605.365229,0.1352,-20.90,50,200,20.0
1770114605.4582858,0.0530,-41.64,250,200,20.0
1770114605.5615206,0.0806,-36.56,223,200,20.0
1770114605.6650782,0.0099,-41.52,250,200,20.0
1770114605.7696042,0.0216,-34.96,250,200,20.0
1770114605.8735569,-0.0035,-31.96,250,200,20.0
1770114605.966881,-0.0383,-32.90,250,200,20.0
1770114606.0708256,-0.0721,-29.56,250,200,20.0
1770114606.1749885,-0.1238,-29.25,250,200,20.0
1770114606.2793052,-0.2031,-31.81,250,200,20.0
1770114606.3850548,-0.1643,-19.59,250,200,20.0
1770114606.4766266,-0.3123,-34.02,250,200,20.0
1770114606.5834599,1.4083,10.04,-250,297,29.8
1770114606.6842246,1.3277,5.29,-250,452,45.2
1770114606.778096,1.3562,20.19,-250,200,20.0
1770114606.8864806,1.2332,10.86,-250,271,27.2
1770114606.991228,1.2525,16.39,-250,200,20.0
1770114607.0851943,1.3073,19.46,-250,200,20.0
1770114607.1887114,1.3715,20.40,-250,200,20.0
1770114607.283073,1.3417,-4.94,-250,460,46.1
1770114607.3865988,-0.3008,-32.14,250,200,20.0
1770114607.4900167,-0.2048,-38.99,250,200,20.0
1770114607.5937517,-0.2027,-36.93,250,200,20.0
1770114607.6977134,-0.1572,-36.37,250,200,20.0
1770114607.7910635,-0.1723,-36.09,250,200,20.0
1770114607.8944743,-0.1274,-33.14,250,200,20.0
1770114607.9983025,-0.1589,-33.08,250,200,20.0
1770114608.1034343,-0.2314,-33.32,250,200,20.0
1770114608.1958113,-0.3001,-35.46,250,200,20.0
1770114608.3017554,1.4872,10.68,-250,277,27.7
1770114608.4059553,1.3706,1.97,-250,500,50.0
1770114608.4993582,1.1880,-20.91,-250,200,20.0
1770114608.6027162,1.1761,-16.72,-250,200,20.0
1770114608.7058082,1.1056,-19.34,-250,200,20.0
1770114608.8091161,1.1701,-20.45,-250,200,20.0
1770114608.9125926,1.2498,-18.22,-250,200,20.0
1770114609.0059478,1.2388,-24.21,-250,200,20.0
1770114609.113049,-0.2536,-31.25,250,200,20.0
1770114609.2068698,-0.1089,-19.64,250,200,20.0
1770114609.3099554,-0.0657,-15.39,179,200,20.0
1770114609.4161763,-0.0032,-7.27,59,391,39.2
1770114609.5175295,-0.0346,-8.76,91,340,34.1
1770114609.6112394,-0.1171,-12.19,190,235,23.6
1770114609.7149725,-0.3296,-26.43,250,200,20.0
1770114609.8184586,1.3362,-0.20,-250,500,50.0
1770114609.9224432,1.2835,1.83,-250,500,50.0
1770114610.0259938,1.2184,-9.22,-250,325,32.5
1770114610.1193085,1.0523,0.92,-250,500,50.0
1770114610.2233589,1.0333,11.49,-250,253,25.4
1770114610.326788,0.9702,-6.31,-250,422,42.3
1770114610.4307761,1.0936,1.99,-250,500,50.0
1770114610.5236573,1.2870,1.43,-250,500,50.0
1770114610.627511,1.4444,9.48,-250,316,31.6
1770114610.7306998,-0.3182,-16.01,250,200,20.0
1770114610.8350823,-0.2452,-13.09,250,217,21.7
1770114610.937479,-0.1198,-4.05,77,479,48.0
1770114611.0301442,0.0399,15.23,-156,200,20.0
1770114611.1339808,0.0114,8.60,-75,346,34.7
1770114611.2373466,1.7996,36.99,-250,200,20.0
1770114611.3413398,1.7496,39.26,-250,200,20.0
1770114611.4469686,1.6897,35.78,-250,200,20.0
1770114611.53837,1.6731,33.46,-250,200,20.0
1770114611.6421375,1.7436,33.07,-250,200,20.0
1770114611.744382,-0.1251,11.28,4,259,26.0
1770114611.8478284,-0.1042,8.73,-5,342,34.2
1770114611.9421782,0.0353,18.95,-181,200,20.0
1770114612.043955,0.0366,18.48,-179,200,20.0
1770114612.1470792,0.0055,17.88,-147,200,20.0
1770114612.2507818,-0.0062,13.19,-100,215,21.6
1770114612.3544993,0.0548,13.69,-155,208,20.9
1770114612.457948,0.4393,40.94,-250,200,20.0
1770114612.5508611,0.4736,40.42,-250,200,20.0
1770114612.6546686,-1.1323,38.82,250,200,20.0
1770114612.757869,-1.0813,39.41,250,200,20.0
1770114612.8615837,-0.9954,41.13,250,200,20.0
1770114612.9546902,-0.9780,40.73,250,200,20.0
1770114613.0586355,-1.0714,37.49,250,200,20.0
1770114613.162024,-1.1734,36.47,250,200,20.0
1770114613.2659075,-1.2097,40.30,250,200,20.0
1770114613.3699155,-1.2954,37.66,250,200,20.0
1770114613.46292,0.5642,51.02,-250,200,20.0
1770114613.5661542,0.4283,50.20,-250,200,20.0
1770114613.6694896,0.4522,56.69,-250,200,20.0
1770114613.7732399,0.4562,59.35,-250,200,20.0
1770114613.8664854,0.5729,63.84,-250,200,20.0
1770114613.9703147,0.5453,63.05,-250,200,20.0
1770114614.0736682,0.5696,63.35,-250,200,20.0
1770114614.1778083,0.5610,62.34,-250,200,20.0
1770114614.270852,0.5924,62.71,-250,200,20.0
1770114614.3742778,0.6306,63.17,-250,200,20.0
1770114614.4773905,0.6689,63.48,-250,200,20.0
1770114614.580658,0.7127,63.93,-250,200,20.0
1770114614.6843338,0.7428,63.97,-250,200,20.0
1770114614.7767646,0.7553,63.80,-250,200,20.0
1770114614.8807003,0.7886,64.11,-250,200,20.0
1770114614.9843197,0.8008,63.90,-250,200,20.0
1770114615.0879147,0.8367,64.35,-250,200,20.0
1770114615.191578,0.8975,65.31,-250,200,20.0
1770114615.2857237,0.9852,66.59,-250,200,20.0
1770114615.3879817,1.0435,67.40,-250,200,20.0
1770114615.4922214,0.9816,66.01,-250,200,20.0
1770114615.595391,1.0507,66.62,-250,200,20.0
1770114615.688648,1.0428,65.84,-250,200,20.0
1770114615.792106,1.0607,66.11,-250,200,20.0
1770114615.8950684,-1.1987,38.77,250,200,20.0
1770114615.9982882,-1.1685,40.86,250,200,20.0
1770114616.103309,-1.0930,45.87,250,200,20.0
1770114616.1975877,-1.0778,45.56,250,200,20.0
1770114616.2997904,0.9178,60.73,-250,200,20.0
1770114616.403069,0.6128,51.13,-250,200,20.0
1770114616.5069563,0.4393,47.01,-250,200,20.0
1770114616.6003132,0.4361,52.05,-250,200,20.0
1770114616.7031367,0.3381,50.26,-250,200,20.0
1770114616.8067453,0.3930,53.50,-250,200,20.0
1770114616.910116,0.3983,53.07,-250,200,20.0
1770114617.0028884,0.3369,49.24,-250,200,20.0
1770114617.1062636,0.3443,49.05,-250,200,20.0
1770114617.2097611,0.3605,50.03,-250,200,20.0
1770114617.3130655,0.4040,50.64,-250,200,20.0
1770114617.4165504,0.3632,48.95,-250,200,20.0
1770114617.5209343,0.3836,49.40,-250,200,20.0
1770114617.6147897,0.4068,49.34,-250,200,20.0
1770114617.7181246,0.4430,49.80,-250,200,20.0
1770114617.8215208,0.4566,49.17,-250,200,20.0
1770114617.9254043,0.4939,49.94,-250,200,20.0
1770114618.029191,0.5687,53.59,-250,200,20.0
1770114618.1219745,0.6537,56.43,-250,200,20.0
1770114618.2245073,0.6554,56.33,-250,200,20.0
1770114618.3286605,0.6675,56.53,-250,200,20.0
1770114618.4320714,0.7308,58.00,-250,200,20.0
1770114618.5249112,-1.3622,33.38,250,200,20.0
1770114618.6282783,-1.2582,41.22,250,200,20.0
1770114618.7313156,0.0873,21.28,-245,200,20.0
1770114618.8347857,0.1859,28.23,-250,200,20.0
1770114618.9400277,2.0982,50.03,-250,200,20.0
1770114619.0326848,2.0027,46.53,-250,200,20.0
1770114619.136975,1.9234,44.30,-250,200,20.0
1770114619.240922,1.9593,46.66,-250,200,20.0
1770114619.3437123,0.0587,25.88,-250,200,20.0
1770114619.4364703,0.3616,48.67,-250,200,20.0
1770114619.5412729,0.1390,33.23,-250,200,20.0
1770114619.638324,0.1140,32.06,-250,200,20.0
1770114619.7327995,0.1624,34.47,-250,200,20.0
1770114619.8359563,0.0809,28.64,-250,200,20.0
1770114619.930809,-0.0259,6.97,-42,402,40.2
1770114620.0326695,-0.1071,-3.40,65,490,49.0
1770114620.126479,0.1454,10.09,-181,295,29.6
1770114620.2215044,0.0067,9.33,-79,321,32.1
1770114620.315251,-0.0688,14.50,-57,201,20.1
1770114620.4086998,1.9403,53.03,-250,200,20.0
1770114620.5024476,1.9522,54.99,-250,200,20.0
1770114620.5974436,-0.1762,9.43,40,317,31.8
1770114620.6920142,-0.1022,12.99,-19,219,21.9
1770114620.7753963,-0.1199,15.17,-18,200,20.0
1770114620.8695385,-0.1326,16.49,-17,200,20.0
1770114620.9639208,-0.2298,10.94,82,269,27.0
1770114621.045807,-0.2425,8.90,80,336,33.6
1770114621.140653,-0.2560,8.28,84,357,35.8
1770114621.2217407,0.6198,64.02,-250,200,20.0
1770114621.31612,1.7359,58.89,-250,200,20.0
1770114621.4002542,0.6855,36.78,-250,200,20.0
1770114621.4962134,0.4976,23.39,-250,200,20.0
1770114621.5777853,0.5094,26.67,-250,200,20.0
1770114621.6744418,0.5740,28.62,-250,200,20.0
1770114621.7582395,0.5808,28.42,-250,200,20.0
1770114621.8418458,0.4886,22.99,-250,200,20.0
1770114621.9364042,0.5226,24.02,-250,200,20.0
1770114622.0184433,0.6307,29.95,-250,200,20.0
1770114622.1145973,0.6162,16.80,-250,200,20.0
1770114622.198795,0.6734,18.63,-250,200,20.0
1770114622.2926884,0.8731,34.99,-250,200,20.0
1770114622.3754194,0.9721,41.14,-250,200,20.0
1770114622.4595225,1.0027,41.75,-250,200,20.0
1770114622.5428903,1.1649,49.40,-250,200,20.0
1770114622.6255887,1.1957,50.85,-250,200,20.0
1770114622.6998043,1.2120,50.57,-250,200,20.0
1770114622.7843137,1.2246,50.04,-250,200,20.0
1770114622.8655112,1.2525,48.74,-250,200,20.0
1770114622.9488451,1.2242,47.32,-250,200,20.0
1770114623.021967,1.0760,8.90,-250,336,33.6
1770114623.107089,-0.2509,20.63,50,200,20.0
1770114623.1897094,-0.1775,21.86,-22,200,20.0
1770114623.2754767,-0.1300,20.02,-48,200,20.0
1770114623.3511944,-0.2529,14.87,98,200,20.0
1770114623.4191918,-0.3300,11.52,161,252,25.3
1770114623.5044146,-0.3680,7.17,135,395,39.6
1770114623.587493,-0.3772,5.10,116,456,45.7
1770114623.6606138,-0.4389,5.56,148,444,44.5
1770114623.7426908,0.4615,15.58,-250,200,20.0
1770114623.8174891,0.4763,22.33,-250,200,20.0
1770114623.8929756,0.3449,24.87,-250,200,20.0
1770114623.975481,0.2817,27.59,-250,200,20.0
1770114624.0496461,0.1077,19.36,-247,200,20.0
1770114624.121013,0.1227,21.26,-250,200,20.0
1770114624.2050629,0.1840,25.93,-250,200,20.0
1770114624.2799406,0.1624,20.14,-250,200,20.0
1770114624.3642547,0.1854,21.32,-250,200,20.0
1770114624.4356816,0.2199,19.15,-250,200,20.0
1770114624.508961,0.2244,16.77,-250,200,20.0
1770114624.5925968,0.2894,18.95,-250,200,20.0
1770114624.666466,0.3629,24.89,-250,200,20.0
1770114624.7462652,0.3995,24.89,-250,200,20.0
1770114624.8083005,0.4565,27.12,-250,200,20.0
1770114624.8911362,0.4886,20.06,-250,200,20.0
1770114624.9632478,0.5977,27.78,-250,200,20.0
1770114625.03596,-0.6019,-1.26,216,500,50.0
1770114625.1083298,-0.5467,-1.60,200,500,50.0
1770114625.192962,-0.4071,1.97,124,500,50.0
1770114625.2637334,-0.3582,0.16,121,500,50.0
1770114625.33732,-0.3862,0.14,131,500,50.0
1770114625.4103627,-0.4924,-0.39,172,500,50.0
1770114625.4760537,-0.4501,-6.44,250,419,41.9
1770114625.54412,-0.4817,-11.61,250,250,25.0
1770114625.6164103,-0.2142,-23.33,250,200,20.0
1770114625.6780217,-0.1531,-4.92,102,461,46.1
1770114625.750783,-0.1464,-13.66,232,208,20.9
1770114625.811946,-0.1420,-13.47,226,211,21.2
1770114625.884291,-0.0604,-4.56,60,469,47.0
1770114625.9576697,-0.1301,-1.10,53,500,50.0
1770114626.0188642,-0.1859,-2.39,83,499,49.9
1770114626.0920541,-0.1856,-5.42,123,448,44.9
1770114626.1635158,-0.3942,-29.72,250,200,20.0
1770114626.2254424,-0.4718,-7.11,250,397,39.7
1770114626.2976198,-0.4477,31.45,133,200,20.0
1770114626.3699477,-0.4417,8.77,202,340,34.1
1770114626.4444034,-0.3324,1.86,99,500,50.0
1770114626.5269103,-0.2389,0.27,79,500,50.0
1770114626.6091616,-0.0497,29.90,-196,200,20.0
1770114626.6915205,-0.0703,17.84,-82,200,20.0
1770114626.7738025,-0.3571,-1.61,135,500,50.0
1770114626.867156,-0.4362,-18.38,250,200,20.0
1770114626.9498227,-0.4104,-3.28,173,491,49.2
1770114627.0428345,-0.4390,-3.50,187,488,48.9
1770114627.1346278,-0.4667,-4.99,232,459,46.0
1770114627.2277627,-0.4411,-4.33,205,474,47.5
1770114627.3204315,-0.4136,-5.51,224,446,44.6
1770114627.4033575,-0.4266,-6.42,250,419,42.0
1770114627.495509,-0.4400,-8.07,250,364,36.5
1770114627.5882378,-0.4430,-5.79,245,438,43.8
1770114627.681109,-0.4290,-10.57,250,280,28.1
1770114627.773153,-0.4738,-19.20,250,200,20.0
1770114627.8653,-0.5709,-20.10,250,200,20.0
1770114627.947071,-0.4924,-22.57,250,200,20.0
1770114628.0391772,-2.4923,-46.56,250,200,20.0
1770114628.142875,-3.3919,-54.54,250,200,20.0
1770114628.241607,-1.2745,25.07,250,200,20.0
1770114628.334868,0.3338,1.55,-127,500,50.0
1770114628.4168591,0.8876,-25.88,-250,200,20.0
1770114628.512214,-0.8648,-9.77,250,306,30.7
1770114628.5695815,-1.7815,-48.93,250,200,20.0
1770114628.6236532,0.6341,25.57,-250,200,20.0
1770114628.687301,1.2899,51.13,-250,200,20.0
1770114628.7471802,1.5578,47.63,-250,200,20.0
1770114628.7986097,0.0967,33.53,-250,200,20.0
1770114628.850754,2.1950,43.63,-250,200,20.0
1770114628.901191,1.9708,64.03,-250,200,20.0
1770114628.96248,47.0781,87.88,-250,200,20.0
1770114629.0158076,-6.3098,-71.69,250,200,20.0
1770114629.0695434,-0.0060,15.16,-116,200,20.0
1770114629.1216996,3.3713,70.41,-250,200,20.0
1770114629.1827815,-0.6976,11.13,250,263,26.4
1770114629.2345212,-1.5766,-41.25,250,200,20.0
1770114629.28626,-0.9365,-42.37,250,200,20.0
1770114629.3293173,-0.4335,-46.50,250,200,20.0
1770114629.4111402,-1.5392,-40.84,250,200,20.0
1770114629.4517276,-1.6826,-37.32,250,200,20.0
1770114629.523861,-1.0682,-44.68,250,200,20.0
1770114629.5748632,-0.6440,-35.76,250,200,20.0
1770114629.6175535,-4.4321,-62.25,250,200,20.0
1770114629.6700652,-2.0894,-50.05,250,200,20.0
1770114629.7217174,-1.0154,31.34,250,200,20.0
1770114629.7869244,1.2697,65.98,-250,200,20.0
1770114629.870005,0.2429,63.60,-250,200,20.0
1770114629.9305987,0.2601,63.76,-250,200,20.0
1770114629.9838147,-0.3340,30.71,41,200,20.0
1770114630.046862,1.0503,3.98,-250,481,48.1
1770114630.1091657,1.4378,20.62,-250,200,20.0
1770114630.171345,1.3122,-6.01,-250,432,43.2
1770114630.2333672,1.4331,14.93,-250,200,20.0
1770114630.285515,1.5273,27.21,-250,200,20.0
1770114630.3484335,1.4228,35.38,-250,200,20.0
1770114630.410738,0.9529,-2.38,-250,499,49.9
1770114630.4740555,-1.3813,-18.60,250,200,20.0
1770114630.538458,-1.2321,-26.57,250,200,20.0
1770114630.6010427,-1.2433,-32.07,250,200,20.0
1770114630.663911,0.1136,-9.10,0,329,32.9
1770114630.7147124,0.5819,9.72,-250,308,30.8
1770114630.7665403,0.6914,7.04,-250,399,40.0
1770114630.8180559,0.7486,-3.66,-245,486,48.7
1770114630.8605947,1.0027,-3.54,-250,488,48.8
1770114630.931878,-0.3750,-3.08,157,494,49.4
1770114631.01042,-0.8157,23.08,250,200,20.0
1770114631.0918117,2.7587,66.34,-250,200,20.0
1770114631.1635041,0.0000,0.00,0,500,50.0
1770114631.2455852,0.0000,0.00,0,500,50.0
1770114631.3274658,0.0000,0.00,0,500,50.0
1770114631.429896,0.0000,0.00,0,500,50.0
1770114631.4816844,0.0000,0.00,0,500,50.0
1770114631.543404,0.0000,0.00,0,500,50.0
1770114631.6157117,-2.9330,-80.36,250,200,20.0
1770114631.6988966,-0.5357,-4.00,233,480,48.1
1770114631.802307,-0.7782,52.42,249,200,20.0
1770114631.9047446,-0.6094,31.93,250,200,20.0
1770114632.0071564,0.6458,9.06,-250,330,33.1
1770114632.1094818,1.0549,-26.77,-250,200,20.0
1770114632.214661,0.1334,22.98,-250,200,20.0
1770114632.3152564,-2.0708,-34.68,250,200,20.0
1770114632.415319,-0.8618,-48.04,250,200,20.0
1770114632.5186744,-1.0880,-41.79,250,200,20.0
1770114632.61286,-0.1596,-6.20,124,426,42.6
1770114632.7164838,1.2582,26.82,-250,200,20.0
1770114632.8191037,1.1331,7.69,-250,378,37.8
1770114632.9211895,0.8798,-16.72,-250,200,20.0
1770114633.0242896,0.5802,-27.69,-250,200,20.0
1770114633.1271124,0.2152,-35.64,100,200,20.0
1770114633.229518,0.1680,-35.63,140,200,20.0
1770114633.3322864,0.6483,-6.77,-250,408,40.9
1770114633.4248757,0.5325,-18.41,-250,200,20.0
1770114633.527562,0.4634,-17.66,-250,200,20.0
1770114633.6322918,0.4650,-3.79,-141,484,48.4
1770114633.7350857,-0.1589,-34.50,250,200,20.0
1770114633.8382409,0.3621,-22.39,-132,200,20.0
1770114633.93087,0.3602,-25.80,-103,200,20.0
1770114634.033445,0.3765,-22.90,-140,200,20.0
1770114634.136137,0.3425,-23.64,-105,200,20.0
1770114634.2390282,1.0963,0.81,-250,500,50.0
1770114634.3420925,1.1723,3.05,-250,494,49.4
1770114634.4453323,1.1414,2.44,-250,499,49.9
1770114634.537734,1.1654,6.00,-250,432,43.2
1770114634.6404703,1.1902,5.65,-250,442,44.2
1770114634.7428598,1.1782,1.72,-250,500,50.0
1770114634.8457603,1.1624,3.89,-250,482,48.3
1770114634.9521852,1.1956,3.05,-250,494,49.4
1770114635.066514,1.2834,7.05,-250,399,39.9
1770114635.1585078,1.3223,10.78,-250,274,27.4
1770114635.2633305,1.3018,9.32,-250,321,32.2
1770114635.3695047,1.2948,9.12,-250,328,32.9
1770114635.4621463,1.2887,8.66,-250,344,34.4
1770114635.564829,1.3061,10.16,-250,293,29.4
1770114635.6697097,1.2907,8.44,-250,352,35.2
1770114635.7624438,1.3092,10.98,-250,268,26.8
1770114635.8669448,0.2894,-22.46,-69,200,20.0
1770114635.970243,0.7330,-9.40,-250,319,31.9
1770114636.074346,0.8724,-6.39,-250,420,42.1
1770114636.176557,0.7992,-7.61,-250,380,38.0
1770114636.269169,0.5470,-10.94,-250,269,26.9
1770114636.3741684,1.0158,30.94,-250,200,20.0
1770114636.4768364,0.9851,20.15,-250,200,20.0
1770114636.5815172,1.0313,11.47,-250,254,25.4
1770114636.6843965,1.0855,10.91,-250,270,27.0
1770114636.7777214,0.5697,-17.27,-250,200,20.0
1770114636.8797216,1.0918,7.73,-250,376,37.6
1770114636.9848418,1.0074,8.23,-250,359,35.9
1770114637.0881019,1.0226,8.51,-250,349,35.0
1770114637.1921215,0.9979,7.12,-250,397,39.7
1770114637.2839987,0.9964,5.89,-250,435,43.6
1770114637.3890126,1.0082,6.38,-250,420,42.1
1770114637.49313,1.0100,6.44,-250,419,41.9
1770114637.5961506,1.0216,7.03,-250,399,40.0
1770114637.6998672,1.0523,9.05,-250,331,33.1
1770114637.7958536,1.0730,11.01,-250,267,26.7
1770114637.8996801,1.1403,13.45,-250,211,21.2
1770114637.990705,1.2309,9.17,-250,326,32.7
1770114638.0961351,1.3059,6.91,-250,403,40.4
1770114638.200903,1.2625,3.88,-250,482,48.3
1770114638.3039036,1.1842,2.49,-250,498,49.9
1770114638.4067192,1.1609,1.67,-250,500,50.0
1770114638.499727,1.1714,5.44,-250,448,44.8
1770114638.603277,1.1411,6.76,-250,408,40.9
1770114638.7080293,1.1532,12.54,-250,228,22.8
1770114638.8106709,1.1451,11.55,-250,252,25.2
1770114638.9149072,1.1606,9.23,-250,324,32.5
1770114639.006036,1.1775,10.22,-250,291,29.2
1770114639.1095653,1.1466,7.34,-250,389,39.0
1770114639.2131255,1.1269,6.19,-250,426,42.7
1770114639.317272,1.1261,7.14,-250,396,39.7
1770114639.409457,1.1205,5.84,-250,437,43.7
1770114639.5127409,1.1247,4.76,-250,465,46.5
1770114639.6185756,1.1399,5.49,-250,446,44.7
1770114639.7219722,1.1436,6.77,-250,408,40.8
1770114639.826626,1.1608,5.28,-250,452,45.2
1770114639.918448,1.1440,4.70,-250,466,46.7
1770114640.0227935,1.1449,5.26,-250,452,45.3
1770114640.1267672,1.1381,4.73,-250,465,46.6
1770114640.230073,1.1374,4.77,-250,465,46.5
1770114640.3215292,1.1273,4.05,-250,480,48.0
1770114640.4301846,1.1330,6.08,-250,429,43.0
1770114640.5247803,1.1257,5.63,-250,443,44.3
1770114640.6283298,1.1256,7.31,-250,390,39.1
1770114640.7327425,1.1259,7.16,-250,395,39.6
1770114640.836492,1.1310,8.08,-250,364,36.5
1770114640.9409866,1.1194,7.77,-250,375,37.5
1770114641.0356088,1.1241,7.87,-250,371,37.2
1770114641.132124,1.1514,11.91,-250,242,24.3
1770114641.2353668,1.1757,13.35,-250,213,21.3
1770114641.3394291,1.1873,14.61,-250,200,20.1
1770114641.4433696,1.1492,16.98,-250,200,20.0
1770114641.5472126,0.8941,0.43,-250,500,50.0
1770114641.6393602,0.7867,-7.11,-250,397,39.7
1770114641.7431653,0.4940,-26.02,-216,200,20.0
1770114641.8460398,0.3341,-30.60,-42,200,20.0
1770114641.9496157,0.3862,-23.83,-141,200,20.0
1770114642.053552,0.3931,-24.49,-141,200,20.0
1770114642.1461072,0.3449,-27.65,-75,200,20.0
1770114642.252474,0.4769,-16.53,-250,200,20.0
1770114642.356512,0.4614,-18.59,-247,200,20.0
1770114642.4497736,0.4388,-21.72,-203,200,20.0
1770114642.5530133,0.5727,16.25,-250,200,20.0
1770114642.6569035,0.4760,-20.34,-246,200,20.0
1770114642.7618945,0.4109,-25.69,-147,200,20.0
1770114642.8537464,0.4171,-23.34,-171,200,20.0
1770114642.958076,0.4989,-10.30,-250,289,28.9
1770114643.063675,0.5422,0.62,-191,500,50.0
1770114643.1675396,0.4857,-18.38,-250,200,20.0
1770114643.2598536,0.4957,-16.46,-250,200,20.0
1770114643.3642273,0.4776,-17.48,-250,200,20.0
1770114643.4691374,0.4925,-16.45,-250,200,20.0
1770114643.5634565,0.4875,-17.35,-250,200,20.0
1770114643.6671987,0.4969,-16.63,-250,200,20.0
1770114643.7716024,0.5003,-15.96,-250,200,20.0
1770114643.8769953,0.5107,-15.56,-250,200,20.0
1770114643.970033,0.5108,-15.63,-250,200,20.0
1770114644.0765543,0.5157,-15.17,-250,200,20.0
1770114644.183467,0.5160,-15.14,-250,200,20.0
1770114644.2773857,0.5246,-14.63,-250,200,20.1
1770114644.3836837,0.5294,-13.94,-250,205,20.6
1770114644.4759307,0.5272,-14.30,-250,202,20.3
1770114644.5809896,0.6008,-13.00,-250,219,21.9
1770114644.683925,0.5170,-20.02,-250,200,20.0
1770114644.7778037,0.5366,-19.43,-250,200,20.0
1770114644.8813963,0.6569,-13.91,-250,205,20.6
1770114644.9839263,0.7708,-19.41,-250,200,20.0
1770114645.0877693,0.8749,-11.94,-250,241,24.2
1770114645.1800854,0.3171,9.21,-250,325,32.6
1770114645.2843359,0.4145,5.71,-230,440,44.1
1770114645.3873012,0.3137,-29.30,-35,200,20.0
1770114645.4906495,0.7541,9.00,-250,332,33.3
1770114645.586448,0.8221,1.85,-250,500,50.0
1770114645.690299,0.9827,7.64,-250,379,38.0
1770114645.7945914,1.0356,-16.89,-250,200,20.0
1770114645.8888285,1.2267,-24.95,-250,200,20.0
1770114645.992743,-0.4179,-51.74,250,200,20.0
1770114646.0959,-0.1745,-42.81,250,200,20.0
1770114646.2003093,0.0043,-34.20,250,200,20.0
1770114646.292446,-1.9916,-62.33,250,200,20.0
1770114646.3970568,-1.9836,-61.23,250,200,20.0
1770114646.4995954,-1.9957,-61.13,250,200,20.0
1770114646.6036422,-2.0108,-60.13,250,200,20.0
1770114646.7071779,-2.0273,-58.67,250,200,20.0
1770114646.811174,-0.1842,-50.42,250,200,20.0
1770114646.9045205,-0.1261,-40.74,250,200,20.0
1770114647.0084817,-0.1104,-34.52,250,200,20.0
1770114647.113423,-0.2516,-44.81,250,200,20.0
1770114647.2059042,-0.3112,-45.22,250,200,20.0
1770114647.3092163,-0.2041,-29.68,250,200,20.0
1770114647.4132204,-0.3832,-44.57,250,200,20.0
1770114647.517486,-0.4189,-43.11,250,200,20.0
1770114647.6107922,1.2183,-18.66,-250,200,20.0
1770114647.7148309,1.2006,-11.66,-250,249,24.9
1770114647.8177204,1.0891,-19.36,-250,200,20.0
1770114647.9213872,1.0391,-21.90,-250,200,20.0
1770114648.0261078,1.1438,-8.75,-250,341,34.1
1770114648.1185286,1.3098,7.88,-250,371,37.1
1770114648.2216542,-0.2284,-28.14,250,200,20.0
1770114648.3257911,-0.2498,-48.03,250,200,20.0
1770114648.4199498,-1.8962,-58.03,250,200,20.0
1770114648.5245657,-1.8448,-57.02,250,200,20.0
1770114648.628972,-1.7790,-52.92,250,200,20.0
1770114648.7318785,-1.8440,-53.84,250,200,20.0
1770114648.8254566,-1.9517,-57.89,250,200,20.0
1770114648.930804,-2.0062,-58.35,250,200,20.0
1770114649.0347114,-2.0830,-58.89,250,200,20.0
1770114649.127815,-0.2874,-46.85,250,200,20.0
1770114649.2331514,-0.3414,-46.70,250,200,20.0
1770114649.336577,-0.3925,-46.31,250,200,20.0
1770114649.4401412,-0.4657,-47.48,250,200,20.0
1770114649.5335305,-0.5041,-47.03,250,200,20.0
1770114649.638155,1.1998,-7.60,-250,380,38.1
1770114649.7427433,1.1240,-10.70,-250,276,27.7
1770114649.8470151,1.0750,-17.09,-250,200,20.0
1770114649.939665,1.0097,-13.52,-250,210,21.1
1770114650.0428298,1.0291,-10.53,-250,282,28.2
1770114650.1460695,1.2147,14.93,-250,200,20.0
1770114650.2525027,1.2854,2.05,-250,499,50.0
1770114650.3452308,-0.3377,-41.21,250,200,20.0
1770114650.448748,-0.0564,-20.29,210,200,20.0
1770114650.5514994,0.0086,-36.45,250,200,20.0
1770114650.6552486,-1.7607,-53.39,250,200,20.0
1770114650.7481062,-1.8502,-53.00,250,200,20.0
1770114650.8518574,-1.8286,-52.96,250,200,20.0
1770114650.9562018,-1.8539,-53.94,250,200,20.0
1770114651.058389,-0.1353,-39.44,250,200,20.0
1770114651.163098,-0.2043,-41.02,250,200,20.0
1770114651.2558436,-0.2524,-40.79,250,200,20.0
1770114651.3605447,-0.3038,-40.08,250,200,20.0
1770114651.4626024,-0.3185,-34.90,250,200,20.0
1770114651.5661407,1.3983,20.61,-250,200,20.0
1770114651.6595092,1.2912,12.57,-250,227,22.8
1770114651.764766,1.2264,14.95,-250,200,20.0
1770114651.8662262,1.2320,21.29,-250,200,20.0
1770114651.9707022,1.1701,8.11,-250,363,36.4
1770114652.0740404,1.3023,17.43,-250,200,20.0
1770114652.1671963,-0.2660,-31.94,250,200,20.0
1770114652.2703042,-0.0758,-16.72,198,200,20.0
1770114652.3736372,-0.0156,-17.45,153,200,20.0
1770114652.4777377,0.0193,-16.69,116,200,20.0
1770114652.5814834,0.0452,-14.93,80,200,20.0
1770114652.674262,-0.0117,-12.10,106,238,23.8
1770114652.782333,-0.0544,-9.35,110,320,32.1
1770114652.8760812,-0.1001,-8.29,125,357,35.7
1770114652.9794776,-0.1449,-6.93,129,403,40.3
1770114653.0841534,1.4722,39.80,-250,200,20.0
1770114653.1879435,1.3191,35.88,-250,200,20.0
1770114653.2912312,1.2713,41.40,-250,200,20.0
1770114653.384614,1.2141,39.57,-250,200,20.0
1770114653.4877408,1.3378,49.00,-250,200,20.0
1770114653.590806,1.2340,30.91,-250,200,20.0
1770114653.6846652,1.4182,40.80,-250,200,20.0
1770114653.7880795,1.5584,46.52,-250,200,20.0
1770114653.891319,1.6045,44.66,-250,200,20.0
1770114653.9954045,1.6997,46.80,-250,200,20.0
1770114654.0994482,-0.0085,11.66,-86,249,24.9
1770114654.1928077,0.0963,14.20,-195,203,20.3
1770114654.29659,0.2550,22.40,-250,200,20.0
1770114654.3997808,0.3170,22.78,-250,200,20.0
1770114654.5029356,0.3838,22.46,-250,200,20.0
1770114654.5963385,-1.1723,4.79,250,464,46.5
1770114654.6998787,-1.0912,7.67,250,378,37.9
1770114654.8030097,-0.8805,9.61,250,311,31.2
1770114654.9062893,-0.7319,30.39,250,200,20.0
1770114655.0096986,-0.8113,30.30,250,200,20.0
1770114655.113079,-0.9186,29.54,250,200,20.0
1770114655.2060347,-0.8805,30.75,250,200,20.0
1770114655.309421,-0.9166,34.04,250,200,20.0
1770114655.4128473,-1.0296,34.40,250,200,20.0
1770114655.516299,-0.9834,41.43,250,200,20.0
1770114655.6096334,-1.1921,36.56,250,200,20.0
1770114655.7134566,-1.2741,37.20,250,200,20.0
1770114655.8178256,-1.3250,40.07,250,200,20.0
1770114655.921588,0.2422,46.38,-250,200,20.0
1770114656.019237,1.9162,55.17,-250,200,20.0
1770114656.1200197,1.9181,60.06,-250,200,20.0
1770114656.2261713,1.6556,52.06,-250,200,20.0
1770114656.3295262,1.8874,62.01,-250,200,20.0
1770114656.4218912,1.9365,62.92,-250,200,20.0
1770114656.5259435,2.0059,63.11,-250,200,20.0
1770114656.628548,2.0357,63.73,-250,200,20.0
1770114656.732937,2.1064,64.23,-250,200,20.0
1770114656.8364909,2.1976,65.46,-250,200,20.0
1770114656.9294956,2.2874,66.32,-250,200,20.0
1770114657.0322053,0.7070,67.34,-250,200,20.0
1770114657.135312,0.8013,68.46,-250,200,20.0
1770114657.2388496,0.8673,69.07,-250,200,20.0
1770114657.3318937,0.8927,68.97,-250,200,20.0
1770114657.43716,0.9527,69.85,-250,200,20.0
1770114657.5407493,1.0016,69.98,-250,200,20.0
1770114657.6473231,0.4364,56.13,-250,200,20.0
1770114657.73854,0.5277,58.46,-250,200,20.0
1770114657.8416789,0.5892,59.50,-250,200,20.0
1770114657.945178,-1.2384,52.07,250,200,20.0
1770114658.0491397,-1.2242,51.49,250,200,20.0
1770114658.1415887,-1.1808,52.81,250,200,20.0
1770114658.2467752,-1.1149,49.04,250,200,20.0
1770114658.3516843,1.2053,71.33,-250,200,20.0
1770114658.4463596,0.7142,65.29,-250,200,20.0
1770114658.5500748,0.6441,65.80,-250,200,20.0
1770114658.6536686,0.5719,66.88,-250,200,20.0
1770114658.760463,0.8532,72.16,-250,200,20.0
1770114658.8532493,0.8562,72.42,-250,200,20.0
1770114658.958151,0.8891,72.52,-250,200,20.0
1770114659.062144,0.9221,72.79,-250,200,20.0
1770114659.1555376,0.9360,72.90,-250,200,20.0
1770114659.2591088,0.5158,65.23,-250,200,20.0
1770114659.3626678,0.5474,65.72,-250,200,20.0
1770114659.4663184,0.5859,65.95,-250,200,20.0
1770114659.5710251,0.5833,65.56,-250,200,20.0
1770114659.6627355,0.5877,65.37,-250,200,20.0
1770114659.7658505,0.6984,67.76,-250,200,20.0
1770114659.8696764,0.5917,64.65,-250,200,20.0
1770114659.974584,0.6052,64.77,-250,200,20.0
1770114660.0776606,0.6134,64.49,-250,200,20.0
1770114660.170103,0.6424,64.52,-250,200,20.0
1770114660.2734914,0.6393,63.99,-250,200,20.0
1770114660.3769581,0.6845,64.82,-250,200,20.0
1770114660.4813278,0.6996,64.97,-250,200,20.0
1770114660.5743418,0.6944,64.56,-250,200,20.0
1770114660.6801257,0.7020,64.67,-250,200,20.0
1770114660.785016,0.7249,65.07,-250,200,20.0
1770114660.8773737,0.7661,66.03,-250,200,20.0
1770114660.9808257,0.6281,62.05,-250,200,20.0
1770114661.084139,0.6385,62.00,-250,200,20.0
1770114661.1876736,0.6489,62.33,-250,200,20.0
1770114661.2918003,0.7783,65.71,-250,200,20.0
1770114661.3839483,0.8026,65.87,-250,200,20.0
1770114661.4872384,0.7965,65.04,-250,200,20.0
1770114661.590898,0.7744,64.54,-250,200,20.0
1770114661.6948068,0.6996,62.05,-250,200,20.0
1770114661.7877061,0.7322,63.10,-250,200,20.0
1770114661.8911011,0.6029,58.82,-250,200,20.0
1770114661.9949043,0.5774,57.97,-250,200,20.0
1770114662.0982878,0.6587,60.98,-250,200,20.0
1770114662.201791,0.6325,59.68,-250,200,20.0
1770114662.294846,0.5468,55.49,-250,200,20.0
1770114662.398268,0.5003,52.48,-250,200,20.0
1770114662.501641,0.4761,50.73,-250,200,20.0
1770114662.605353,0.4556,49.77,-250,200,20.0
1770114662.708929,0.4593,51.98,-250,200,20.0
1770114662.8147607,0.3908,49.02,-250,200,20.0
1770114662.9059591,0.3354,45.64,-250,200,20.0
1770114663.0093863,0.3855,46.19,-250,200,20.0
1770114663.1065993,0.4227,44.48,-250,200,20.0
1770114663.212912,0.4056,41.91,-250,200,20.0
1770114663.309085,0.3890,39.29,-250,200,20.0
1770114663.4113932,0.3738,39.07,-250,200,20.0
1770114663.5157785,0.3275,34.04,-250,200,20.0
1770114663.6089046,0.3088,28.67,-250,200,20.0
1770114663.702063,0.3123,27.07,-250,200,20.0
1770114663.8078966,0.3055,24.99,-250,200,20.0
1770114663.9021976,-1.6370,-11.70,250,248,24.8
1770114663.9950306,-1.6173,-11.86,250,243,24.4
1770114664.0920293,-1.6231,-17.17,250,200,20.0
1770114664.1864798,-1.6582,-21.73,250,200,20.0
1770114664.2700336,0.1092,-8.18,1,360,36.1
1770114664.363652,0.0214,-12.23,80,234,23.5
1770114664.446009,-0.0416,-14.14,148,203,20.4
1770114664.540713,-0.2741,-20.23,250,200,20.0
1770114664.6246665,-0.5002,-27.78,250,200,20.0
1770114664.7167168,-0.5534,-30.79,250,200,20.0
1770114664.8009174,-0.5371,-29.58,250,200,20.0
1770114664.895687,-0.6979,-39.85,250,200,20.0
1770114664.9770386,-0.8372,-43.31,250,200,20.0
1770114665.0706038,-0.9003,-44.27,250,200,20.0
1770114665.15393,-0.9708,-45.07,250,200,20.0
1770114665.2480125,-1.0566,-47.41,250,200,20.0
1770114665.3300447,-0.7580,-35.12,250,200,20.0
1770114665.4238992,-0.8178,-38.46,250,200,20.0
1770114665.507075,-0.7589,-33.45,250,200,20.0
1770114665.600205,-0.6772,-25.32,250,200,20.0
1770114665.6941571,-0.5838,-17.23,250,200,20.0
1770114665.7768877,-0.6885,-21.14,250,200,20.0
1770114665.873348,-0.3924,-3.45,169,489,49.0
1770114665.953917,-0.4518,-1.55,167,500,50.0
1770114666.047942,-0.3977,2.44,117,498,49.9
1770114666.1420996,-0.1275,20.76,-56,200,20.0
1770114666.2250557,-0.0635,40.48,-250,200,20.0
1770114666.3183417,0.0071,48.21,-250,200,20.0
1770114666.4133604,1.7607,54.46,-250,200,20.0
1770114666.5098112,1.8191,56.09,-250,200,20.0
1770114666.6035464,1.8658,57.38,-250,200,20.0
1770114666.6990416,0.1966,54.43,-250,200,20.0
1770114666.7805874,-1.7266,13.59,250,209,21.0
1770114666.8864136,-1.7171,12.53,250,228,22.8
1770114666.9670901,-1.7433,6.37,250,421,42.1
1770114667.0614064,0.2009,53.99,-250,200,20.0
1770114667.1544607,-1.3488,1.69,250,500,50.0
1770114667.2473626,0.3388,26.88,-250,200,20.0
1770114667.3401644,0.2502,28.15,-250,200,20.0
1770114667.4434135,0.0350,16.67,-163,200,20.0
1770114667.536976,-0.0427,3.33,-11,491,49.1
1770114667.641752,-0.2758,-3.40,126,490,49.0
1770114667.7471077,-0.0734,21.38,-107,200,20.0
1770114667.8533335,-0.1464,15.57,1,200,20.0
1770114667.9453928,0.0007,19.63,-157,200,20.0
1770114668.0605507,0.0071,16.97,-141,200,20.0
1770114668.150937,-0.4241,-14.02,250,204,20.5
1770114668.255829,-0.3536,-0.01,121,500,50.0
1770114668.3569362,-0.4220,-7.24,250,393,39.3
1770114668.4597564,0.3228,4.47,-162,471,47.2
1770114668.548511,0.7445,-0.25,-250,500,50.0
1770114668.6502447,0.0721,-23.09,122,200,20.0
1770114668.753909,1.0630,30.43,-250,200,20.0
1770114668.857264,-0.0290,25.38,-178,200,20.0
1770114668.95147,-1.2536,11.82,250,245,24.5
1770114669.0536518,-0.1088,34.17,-179,200,20.0
1770114669.158462,-1.6429,32.35,250,200,20.0
1770114669.2613986,0.2990,6.38,-194,420,42.1
1770114669.363166,0.8169,-2.56,-250,498,49.8
1770114669.456431,0.2694,51.20,-250,200,20.0
1770114669.5621114,-0.7966,13.44,250,211,21.2
1770114669.6689274,1.3678,-12.41,-250,231,23.1
1770114669.7726426,-0.2513,12.77,103,223,22.3
1770114669.8656957,-1.1583,-11.37,250,257,25.7
1770114669.946252,-0.0076,11.51,-86,253,25.3
1770114670.0165803,-0.5076,30.37,193,200,20.0
1770114670.0792787,2.1017,56.53,-250,200,20.0
1770114670.1409216,-0.3809,39.47,11,200,20.0
1770114670.191733,-0.4405,32.05,122,200,20.0
1770114670.2537668,-0.3985,37.54,42,200,20.0
1770114670.3068469,-0.4137,44.33,0,200,20.0
1770114670.3690937,-0.6167,35.45,246,200,20.0
1770114670.4209547,-0.9563,-9.60,250,312,31.2
1770114670.4835494,2.0917,66.28,-250,200,20.0
1770114670.545654,1.7449,67.19,-250,200,20.0
1770114670.59764,-33.8631,-87.09,250,200,20.0
1770114670.6615036,-5.3167,-63.61,250,200,20.0
1770114670.722398,-18.8051,-85.04,250,200,20.0
1770114670.774047,-6.2443,-74.99,250,200,20.0
1770114670.8365798,-3.0373,-47.30,250,200,20.0
1770114670.8989415,-3.2272,-45.95,250,200,20.0
1770114670.9610872,-4.3446,-62.37,250,200,20.0
1770114671.023342,-1.4717,28.68,250,200,20.0
1770114671.0854473,0.5310,52.33,-250,200,20.0
1770114671.137452,7.5787,81.42,-250,200,20.0
1770114671.200608,15.9912,85.11,-250,200,20.0
1770114671.2619612,-0.7138,-57.20,250,200,20.0
1770114671.3241012,-0.5504,35.32,190,200,20.0
1770114671.386188,-0.4900,31.89,166,200,20.0
1770114671.4493456,-0.7352,1.66,239,500,50.0
1770114671.5115445,-0.6507,19.88,250,200,20.0
1770114671.5736034,-0.4534,32.10,132,200,20.0
1770114671.6361442,0.0411,20.75,-201,200,20.0
1770114671.6988318,-0.0422,-2.36,33,499,49.9
1770114671.761856,0.0715,-2.69,-3,497,49.8
1770114671.8142133,0.0501,-17.00,92,200,20.0
1770114671.876384,0.1990,-24.26,23,200,20.0
1770114671.952356,-0.0056,-51.56,250,200,20.0
1770114672.0120702,-1.2266,-26.84,250,200,20.0
1770114672.0722632,0.4036,-0.19,-137,500,50.0
1770114672.144762,0.4505,-13.65,-250,209,20.9
1770114672.2173188,0.6008,9.02,-250,332,33.2
1770114672.2906733,0.9940,14.07,-250,204,20.4
1770114672.3618793,0.9423,3.93,-250,482,48.2
1770114672.4339223,-0.7846,-24.23,250,200,20.0
1770114672.516966,0.5783,8.95,-250,334,33.4
1770114672.5893185,0.5311,7.70,-250,377,37.7
1770114672.6724281,0.9416,27.07,-250,200,20.0
1770114672.7562375,0.5355,-23.99,-250,200,20.0
1770114672.8394568,0.5470,-40.18,-148,200,20.0
1770114672.9322517,0.9819,24.10,-250,200,20.0
1770114673.02502,0.8685,-30.98,-250,200,20.0
1770114673.1184268,1.1704,19.37,-250,200,20.0
1770114673.2208972,1.3356,21.80,-250,200,20.0
1770114673.323805,1.1313,13.68,-250,208,20.9
1770114673.4171903,1.2253,29.31,-250,200,20.0
1770114673.5191715,0.2109,-10.85,-68,272,27.2
1770114673.6217473,-0.3081,-36.39,250,200,20.0
1770114673.7248976,-0.0557,-27.61,250,200,20.0
1770114673.827275,-0.1524,-24.13,250,200,20.0
1770114673.9292865,-0.0048,-12.26,101,234,23.4
1770114674.0323555,-0.1208,14.33,-11,202,20.2
1770114674.1352434,-0.2992,-32.28,250,200,20.0
1770114674.2300186,-0.4075,-31.26,250,200,20.0
1770114674.3328469,1.4155,18.25,-250,200,20.0
1770114674.436343,1.1625,-16.19,-250,200,20.0
1770114674.5284984,1.3471,18.13,-250,200,20.0
1770114674.6215253,1.2172,-0.70,-250,500,50.0
1770114674.7243197,1.3044,19.61,-250,200,20.0
1770114674.8166041,1.2261,-12.55,-250,227,22.8
1770114674.9087782,-0.3151,-34.99,250,200,20.0
1770114675.001332,-0.2286,-33.67,250,200,20.0
1770114675.0941234,-0.0634,-21.70,228,200,20.0
1770114675.211511,-0.0569,-24.54,245,200,20.0
1770114675.3043625,-0.0640,-20.80,221,200,20.0
1770114675.399936,-0.1277,-33.65,250,200,20.0
1770114675.5031483,-0.1878,-26.42,250,200,20.0
1770114675.5956972,-0.2018,-23.91,250,200,20.0
1770114675.7003539,-0.2062,-25.11,250,200,20.0
1770114675.7945225,-0.1653,-20.59,250,200,20.0
1770114675.899264,-0.1534,-16.59,250,200,20.0
1770114676.0064454,-0.1571,-17.13,250,200,20.0
1770114676.0982533,-0.1491,-16.16,250,200,20.0
1770114676.2043247,-0.1585,-16.66,250,200,20.0
1770114676.298054,-0.1536,-15.47,250,200,20.0
1770114676.4030564,-0.2512,-29.58,250,200,20.0
1770114676.509086,-0.2324,-27.29,250,200,20.0
1770114676.6134953,-0.2911,-34.88,250,200,20.0
1770114676.706221,-0.2495,-29.61,250,200,20.0
1770114676.812988,-0.2713,-32.04,250,200,20.0
1770114676.9178107,-0.1750,-18.81,250,200,20.0
1770114677.010279,-0.1760,-18.92,250,200,20.0
1770114677.1150906,-0.2076,-23.41,250,200,20.0
1770114677.2216642,-0.2044,-22.89,250,200,20.0
1770114677.3130105,-0.1762,-19.04,250,200,20.0
1770114677.417576,-0.1765,-19.09,250,200,20.0
1770114677.524421,-0.1729,-18.19,250,200,20.0
1770114677.6159403,-0.3167,-39.30,250,200,20.0
1770114677.7191947,-0.2523,-24.56,250,200,20.0
1770114677.8230157,-0.1404,-19.77,250,200,20.0
1770114677.9159467,-0.2434,-21.28,250,200,20.0
1770114678.018364,-0.2289,-30.26,250,200,20.0
1770114678.1207328,0.2374,-23.15,-18,200,20.0
1770114678.2140963,0.3630,-31.38,-60,200,20.0
1770114678.318179,0.2171,-9.84,-68,304,30.4
1770114678.4131606,0.1637,-12.46,-32,229,23.0
1770114678.5065265,0.1684,-36.55,147,200,20.0
1770114678.5994155,0.1073,-38.62,216,200,20.0
1770114678.6824186,0.1978,-14.02,-56,204,20.5
1770114678.77713,0.1091,-14.93,25,200,20.0
1770114678.8717947,-0.0050,-21.66,177,200,20.0
1770114678.977345,-0.0690,-27.98,250,200,20.0
1770114679.0702462,-0.0038,-22.54,183,200,20.0
1770114679.1748464,-0.1177,-35.24,250,200,20.0
1770114679.2669606,-0.0738,-29.91,250,200,20.0
1770114679.3712811,-0.1087,-34.57,250,200,20.0
1770114679.466304,-0.1064,-33.90,250,200,20.0
1770114679.5591507,-0.0791,-30.99,250,200,20.0
1770114679.663714,-0.0879,-32.36,250,200,20.0
1770114679.755174,0.0905,-10.04,17,297,29.8
1770114679.8615599,0.1639,6.52,-132,416,41.6
1770114679.9572415,0.1157,-0.57,-35,500,50.0
1770114680.0510793,0.1342,-17.83,27,200,20.0
1770114680.1459298,0.4301,10.76,-250,275,27.5
1770114680.2518775,0.3068,0.44,-108,500,50.0
1770114680.3449917,0.3633,-4.41,-106,472,47.3
1770114680.4496632,0.5481,2.75,-213,497,49.7
1770114680.5537617,0.4719,14.66,-250,200,20.1
1770114680.6585023,0.5594,14.89,-250,200,20.0
1770114680.751695,0.5564,14.13,-250,203,20.4
1770114680.8561733,0.4374,-6.54,-161,415,41.6
1770114680.9601538,0.4610,-0.09,-157,500,50.0
1770114681.053717,0.4441,0.62,-157,500,50.0
1770114681.1573164,0.4329,-5.07,-139,457,45.8
1770114681.261321,0.5883,21.46,-250,200,20.0
1770114681.3651516,0.5569,17.27,-250,200,20.0
1770114681.470307,0.3219,-21.49,-104,200,20.0
1770114681.5646431,0.2458,-30.27,30,200,20.0
1770114681.668975,0.2488,-30.48,30,200,20.0
1770114681.7741365,0.2475,-30.71,32,200,20.0
1770114681.8668811,0.3046,-23.51,-73,200,20.0
1770114681.9715357,0.2778,-27.22,-21,200,20.0
1770114682.076626,0.2907,-25.39,-46,200,20.0
1770114682.1805418,0.2651,-28.73,1,200,20.0
1770114682.273616,0.2532,-30.16,23,200,20.0
1770114682.3792117,0.3468,-18.29,-151,200,20.0
1770114682.4824555,0.3498,-17.64,-159,200,20.0
1770114682.5766878,0.3753,-14.18,-206,203,20.3
1770114682.6809692,0.2417,-30.29,34,200,20.0
1770114682.7859714,0.3853,-9.81,-182,305,30.5
1770114682.8800197,0.3822,-10.47,-189,283,28.4
1770114682.9842162,0.5245,-5.35,-182,450,45.0
1770114683.0795462,0.3956,-16.90,-204,200,20.0
1770114683.1827767,0.5740,-15.17,-250,200,20.0
1770114683.2866356,0.3781,-41.75,9,200,20.0
1770114683.3788168,0.3843,-45.77,35,200,20.0
1770114683.4819522,0.4003,-47.24,33,200,20.0
1770114683.5846655,0.1845,-13.08,-48,217,21.8
1770114683.6881666,0.0090,-38.84,250,200,20.0
1770114683.7920084,-0.0333,-43.80,250,200,20.0
1770114683.8957093,0.0317,-42.09,250,200,20.0
1770114683.9886146,0.0219,-42.84,250,200,20.0
1770114684.092018,-0.0179,-43.92,250,200,20.0
1770114684.1955297,0.0117,-40.23,250,200,20.0
1770114684.2999506,0.8470,-25.64,-250,200,20.0
1770114684.403608,0.9989,-7.65,-250,379,37.9
1770114684.496698,0.9542,-4.32,-250,474,47.5
1770114684.6000495,0.8085,-20.03,-250,200,20.0
1770114684.7028275,-0.2443,-48.33,250,200,20.0
1770114684.8060493,0.1741,-13.17,-39,216,21.6
1770114684.899034,0.2096,-18.85,-29,200,20.0
1770114685.0020392,0.2319,-24.45,-3,200,20.0
1770114685.1058028,0.2733,-24.51,-38,200,20.0
1770114685.208974,0.4857,-10.22,-250,291,29.2
1770114685.3133633,0.4798,-13.49,-250,211,21.1
1770114685.4049892,0.4732,-30.04,-166,200,20.0
1770114685.5087278,0.6805,-17.80,-250,200,20.0
1770114685.612081,0.6105,-37.06,-228,200,20.0
1770114685.715734,0.7136,-34.54,-250,200,20.0
1770114685.8195095,0.8638,-31.91,-250,200,20.0
1770114685.9124813,1.0050,-28.84,-250,200,20.0
1770114686.0186887,1.0959,-29.74,-250,200,20.0
1770114686.1223946,1.2532,-24.44,-250,200,20.0
1770114686.217459,1.4370,-16.63,-250,200,20.0
1770114686.3212256,1.5660,-14.15,-250,203,20.4
1770114686.4248188,-0.2808,-53.05,250,200,20.0
1770114686.5293813,-0.1725,-52.45,250,200,20.0
1770114686.6225843,-1.9724,-62.09,250,200,20.0
1770114686.726375,-1.9147,-62.20,250,200,20.0
1770114686.8296869,-1.8643,-60.92,250,200,20.0
1770114686.934282,-1.9051,-62.81,250,200,20.0
1770114687.029466,-1.9221,-62.48,250,200,20.0
1770114687.132943,-1.9405,-62.45,250,200,20.0
1770114687.2364361,-1.9628,-62.58,250,200,20.0
1770114687.3296185,-1.9795,-62.04,250,200,20.0
1770114687.4331062,-1.9741,-60.75,250,200,20.0
1770114687.5376418,-2.0102,-60.92,250,200,20.0
1770114687.6413026,-2.0020,-59.91,250,200,20.0
1770114687.7343285,-2.0596,-60.12,250,200,20.0
1770114687.838291,-2.1277,-61.27,250,200,20.0
1770114687.9421613,-0.2800,-50.11,250,200,20.0
1770114688.046933,-0.2850,-49.71,250,200,20.0
1770114688.1398675,-0.3049,-48.16,250,200,20.0
1770114688.2431712,-0.3690,-49.72,250,200,20.0
1770114688.3465943,-0.4373,-50.01,250,200,20.0
1770114688.4513888,-0.5105,-50.22,250,200,20.0
1770114688.5545397,-0.5690,-50.02,250,200,20.0
1770114688.6493857,1.2573,-2.60,-250,498,49.8
1770114688.7531214,1.1762,-7.89,-250,370,37.1
1770114688.8471723,1.1584,-11.83,-250,244,24.5
1770114688.9511523,1.1305,11.42,-250,255,25.6
1770114689.054323,1.0782,-2.67,-250,497,49.8
1770114689.1608582,1.2303,7.09,-250,398,39.8
1770114689.253585,-0.4237,-45.50,250,200,20.0
1770114689.356434,-0.2328,-44.68,250,200,20.0
1770114689.4603562,-1.7983,-55.15,250,200,20.0
1770114689.563734,-1.6754,-52.82,250,200,20.0
1770114689.6673057,-1.7115,-53.70,250,200,20.0
1770114689.7605543,-1.7345,-54.28,250,200,20.0
1770114689.8641942,-1.6287,-53.87,250,200,20.0
1770114689.9672916,-1.7282,-53.61,250,200,20.0
1770114690.0704772,-1.6764,-48.87,250,200,20.0
1770114690.1738956,-1.6958,-47.49,250,200,20.0
1770114690.266876,0.0252,-28.65,207,200,20.0
1770114690.3700485,-0.0963,-36.35,250,200,20.0
1770114690.4732354,-0.0791,-27.14,250,200,20.0
1770114690.5762596,-0.1204,-26.00,250,200,20.0
1770114690.669415,-0.1540,-24.50,250,200,20.0
1770114690.783467,-0.2900,-34.11,250,200,20.0
1770114690.875956,-0.2698,-20.82,250,200,20.0
1770114690.979694,1.4082,25.49,-250,200,20.0
1770114691.083728,1.4074,31.49,-250,200,20.0
1770114691.1871202,1.3364,29.21,-250,200,20.0
1770114691.2803564,1.2938,30.05,-250,200,20.0
1770114691.3836136,1.2817,21.08,-250,200,20.0
1770114691.4870052,1.4527,29.84,-250,200,20.0
1770114691.5912435,1.5846,36.55,-250,200,20.0
1770114691.6844654,-0.0964,-3.45,62,489,49.0
1770114691.7882385,-0.0192,-6.78,63,408,40.8
1770114691.891735,-1.4243,-18.65,250,200,20.0
1770114691.9951348,-1.4358,-22.58,250,200,20.0
1770114692.099172,0.2704,16.00,-250,200,20.0
1770114692.1921074,0.2310,18.96,-250,200,20.0
1770114692.296476,0.2382,18.20,-250,200,20.0
1770114692.3990915,0.2669,11.98,-250,241,24.1
1770114692.5023885,0.3253,20.17,-250,200,20.0
1770114692.5958428,-1.2452,4.85,250,463,46.3
1770114692.6999524,-1.1813,4.65,250,467,46.8
1770114692.8032496,-0.9545,7.47,250,385,38.5
1770114692.9067786,-0.7882,23.80,250,200,20.0
1770114693.0107613,-0.8556,24.69,250,200,20.0
1770114693.103059,-0.9634,26.77,250,200,20.0
1770114693.2060046,-0.9991,26.16,250,200,20.0
1770114693.3098636,-1.0167,29.75,250,200,20.0
1770114693.4138575,-1.1362,30.21,250,200,20.0
1770114693.5191042,0.3926,35.02,-250,200,20.0
1770114693.610931,0.3207,36.09,-250,200,20.0
1770114693.714046,0.2924,40.09,-250,200,20.0
1770114693.8170538,0.2148,41.81,-250,200,20.0
1770114693.920972,0.3096,48.98,-250,200,20.0
1770114694.0133364,0.2924,46.34,-250,200,20.0
1770114694.1170785,-1.2491,44.11,250,200,20.0
1770114694.220481,-1.1166,49.61,250,200,20.0
1770114694.323847,-1.1211,47.00,250,200,20.0
1770114694.4281042,-1.1116,47.60,250,200,20.0
1770114694.5218573,-1.2007,46.80,250,200,20.0
1770114694.6239398,-1.2755,46.66,250,200,20.0
1770114694.727441,0.4265,54.70,-250,200,20.0
1770114694.8312669,1.8207,51.63,-250,200,20.0
1770114694.93393,1.9974,61.84,-250,200,20.0
1770114695.0271342,1.9823,63.08,-250,200,20.0
1770114695.1300035,1.9619,62.74,-250,200,20.0
1770114695.2337077,2.0982,65.59,-250,200,20.0
1770114695.3372028,2.1377,65.84,-250,200,20.0
1770114695.4409382,2.2000,66.58,-250,200,20.0
1770114695.533834,1.8708,56.61,-250,200,20.0
1770114695.6380491,1.8977,56.98,-250,200,20.0
1770114695.7416277,1.9331,56.98,-250,200,20.0
1770114695.845309,1.9594,57.11,-250,200,20.0
1770114695.9382358,0.2666,55.58,-250,200,20.0
1770114696.0426154,0.3449,57.42,-250,200,20.0
1770114696.145906,0.3499,57.93,-250,200,20.0
1770114696.2493386,0.4414,59.72,-250,200,20.0
1770114696.343104,0.4730,60.36,-250,200,20.0
1770114696.4467354,0.5950,63.09,-250,200,20.0
1770114696.5506053,0.6665,64.24,-250,200,20.0
1770114696.6546407,0.7297,64.98,-250,200,20.0
1770114696.7589118,0.8035,66.02,-250,200,20.0
1770114696.851423,0.8575,66.60,-250,200,20.0
1770114696.9549496,0.9152,67.34,-250,200,20.0
1770114697.0583472,-1.1114,56.46,250,200,20.0
1770114697.1612961,-1.3099,32.02,250,200,20.0
1770114697.2548847,-1.2472,35.57,250,200,20.0
1770114697.3591356,-1.2482,37.53,250,200,20.0
1770114697.4616609,-1.3187,34.22,250,200,20.0
1770114697.5654862,0.7281,61.39,-250,200,20.0
1770114697.669642,0.7133,63.57,-250,200,20.0
1770114697.762958,0.6095,64.35,-250,200,20.0
1770114697.8664696,0.9134,72.69,-250,200,20.0
1770114697.9698746,0.4533,65.40,-250,200,20.0
1770114698.0740147,0.5829,68.66,-250,200,20.0
1770114698.178332,0.7218,70.95,-250,200,20.0
1770114698.2706323,0.8778,72.82,-250,200,20.0
1770114698.3740747,0.4667,63.81,-250,200,20.0
1770114698.4795089,0.4606,65.13,-250,200,20.0
1770114698.5715792,0.1046,26.06,-250,200,20.0
1770114698.685399,0.1331,29.28,-250,200,20.0
1770114698.77809,-0.8302,-57.79,250,200,20.0
1770114698.8819604,-0.5492,-46.55,250,200,20.0
1770114698.9852564,-0.0968,-26.51,250,200,20.0
1770114699.0892134,-0.1588,-34.77,250,200,20.0
1770114699.1819842,0.0295,2.89,-33,495,49.6
1770114699.2849185,0.7609,30.76,-250,200,20.0
1770114699.386113,1.6006,25.80,-250,200,20.0
1770114699.4902568,1.1640,-11.98,-250,241,24.1
1770114699.5830364,1.0665,38.08,-250,200,20.0
1770114699.6863718,0.5598,30.35,-250,200,20.0
1770114699.7781963,-0.0542,2.55,-1,498,49.8
1770114699.8724196,1.1691,12.22,-250,235,23.5
1770114699.9551384,0.8515,22.69,-250,200,20.0
1770114700.0377223,-0.2809,28.11,16,200,20.0
1770114700.1220195,0.3443,21.39,-250,200,20.0
1770114700.1939816,0.0829,-16.73,62,200,20.0
1770114700.266768,-0.1268,-1.51,55,500,50.0
1770114700.3382206,-0.1067,26.92,-123,200,20.0
1770114700.4003344,-0.0089,41.39,-250,200,20.0
1770114700.4630208,0.1432,52.98,-250,200,20.0
1770114700.5253606,0.0417,40.53,-250,200,20.0
1770114700.5883718,0.0343,45.69,-250,200,20.0
1770114700.6507905,-0.0754,26.03,-143,200,20.0
1770114700.7038372,0.3509,49.89,-250,200,20.0
1770114700.7668247,0.1704,23.97,-250,200,20.0
1770114700.8293047,0.0487,-14.63,75,200,20.1
1770114700.8926394,0.1234,-33.52,162,200,20.0
1770114700.9558542,0.2382,-36.00,83,200,20.0
1770114701.0192304,0.1867,-46.06,207,200,20.0
1770114701.091881,0.3731,-32.99,-56,200,20.0
1770114701.1635516,-1.2906,-36.83,250,200,20.0
1770114701.2363043,-1.6221,8.10,250,363,36.4
1770114701.3106349,-1.4739,-8.46,250,351,35.1
1770114701.3843086,-1.5116,-46.43,250,200,20.0
1770114701.46419,0.0012,-23.13,184,200,20.0
1770114701.5260866,-0.0861,-33.85,250,200,20.0
1770114701.6086843,-1.7424,-26.24,250,200,20.0
1770114701.6800952,-1.5368,39.51,250,200,20.0
1770114701.7631066,0.9250,-37.35,-250,200,20.0
1770114701.8457725,1.0967,-18.13,-250,200,20.0
1770114701.9288132,1.1110,-35.35,-250,200,20.0
1770114702.0214238,0.2875,-11.43,-128,255,25.6
1770114702.1148849,0.4006,-3.02,-117,494,49.5
1770114702.217682,0.2270,-17.22,-57,200,20.0
1770114702.3208113,1.0292,-41.77,-250,200,20.0
1770114702.4241045,1.3009,-28.74,-250,200,20.0
1770114702.526579,0.2752,-12.36,-122,231,23.2
1770114702.619074,1.2433,-34.94,-250,200,20.0
1770114702.7209504,0.2539,-23.57,-29,200,20.0
1770114702.824196,1.1902,-35.45,-250,200,20.0
1770114702.927274,0.7585,-45.20,-250,200,20.0
1770114703.0332363,-0.0719,-19.52,217,200,20.0
1770114703.1249995,0.1781,-13.84,-40,206,20.7
1770114703.227852,0.1913,-17.95,-20,200,20.0
1770114703.3303015,0.1109,-32.62,165,200,20.0
1770114703.433362,0.0963,-34.54,193,200,20.0
1770114703.536164,0.1071,-31.69,161,200,20.0
1770114703.6396232,0.0997,-26.93,129,200,20.0
1770114703.7422214,0.0188,-30.04,224,200,20.0
1770114703.8450289,-0.0581,-32.34,250,200,20.0
1770114703.938262,-0.0835,-33.86,250,200,20.0
1770114704.0410035,-0.1324,-35.23,250,200,20.0
1770114704.1436093,-0.1730,-35.74,250,200,20.0
1770114704.2475,-0.1943,-36.51,250,200,20.0
1770114704.340378,-0.2213,-31.32,250,200,20.0
1770114704.4430773,-0.2524,-28.07,250,200,20.0
1770114704.5465512,-0.3423,-29.96,250,200,20.0
1770114704.6488945,1.3391,2.50,-250,498,49.9
1770114704.7517571,1.2730,2.38,-250,499,49.9
1770114704.8541834,1.1562,-0.79,-250,500,50.0
1770114704.957669,0.9683,0.55,-250,500,50.0
1770114705.0501714,0.9751,-0.53,-250,500,50.0
1770114705.1534047,1.0999,1.89,-250,500,50.0
1770114705.256086,1.3527,3.30,-250,491,49.2
1770114705.358614,-0.2739,-35.87,250,200,20.0
1770114705.461452,-0.0461,-26.24,249,200,20.0
1770114705.5544016,0.0868,-15.76,51,200,20.0
1770114705.6572392,0.0969,-21.81,91,200,20.0
1770114705.760086,0.1039,-20.11,71,200,20.0
1770114705.863211,0.0962,-22.84,99,200,20.0
1770114705.9660518,0.0895,-21.63,96,200,20.0
1770114706.0688102,0.0907,-21.19,91,200,20.0
1770114706.171625,0.0332,-21.57,144,200,20.0
1770114706.2646081,-0.1018,-27.20,250,200,20.0
1770114706.3670938,-0.1587,-29.27,250,200,20.0
1770114706.4736967,-0.2256,-31.60,250,200,20.0
1770114706.5897555,-0.3157,-35.03,250,200,20.0
1770114706.6819146,-0.3958,-36.68,250,200,20.0
1770114706.78734,1.3740,5.56,-250,444,44.5
1770114706.8825104,1.3160,5.41,-250,448,44.9
1770114706.9873812,1.2819,4.91,-250,461,46.2
1770114707.0928748,1.1295,7.50,-250,384,38.4
1770114707.197682,1.0828,6.74,-250,409,40.9
1770114707.2895622,1.1580,5.04,-250,458,45.8
1770114707.3928986,1.3681,7.74,-250,376,37.6
1770114707.4974616,-0.2418,-29.98,250,200,20.0
1770114707.5893133,-0.0843,-22.66,250,200,20.0
1770114707.694425,-0.0489,-23.55,230,200,20.0
1770114707.7989755,-0.0264,-23.79,212,200,20.0
1770114707.9027205,-0.0324,-29.58,250,200,20.0
1770114707.996211,-0.0618,-25.29,250,200,20.0
1770114708.100401,-0.0990,-25.03,250,200,20.0
1770114708.2043724,-0.1607,-24.61,250,200,20.0
1770114708.3087635,-0.2402,-27.94,250,200,20.0
1770114708.4022877,-0.2975,-28.62,250,200,20.0
1770114708.5053854,-0.4081,-33.89,250,200,20.0
1770114708.6092675,1.3082,6.55,-250,415,41.5
1770114708.7139938,1.2396,4.52,-250,470,47.1
1770114708.8082051,1.2467,10.48,-250,283,28.3
1770114708.9119847,1.0634,6.77,-250,408,40.9
1770114709.0055263,1.1006,11.53,-250,252,25.3
1770114709.1092055,1.1609,13.52,-250,210,21.1
1770114709.2121992,1.3415,13.60,-250,209,21.0
1770114709.3151612,1.4465,13.40,-250,212,21.3
1770114709.418827,1.4267,9.05,-250,331,33.1
1770114709.51274,-0.2600,-34.23,250,200,20.0
1770114709.6160524,-0.1388,-30.85,250,200,20.0
1770114709.719254,-0.0897,-30.13,250,200,20.0
1770114709.8229275,-0.0801,-32.14,250,200,20.0
1770114709.9274747,-0.0076,-14.28,120,202,20.3
1770114710.0215757,-0.0628,-11.52,140,252,25.3
1770114710.1253388,-0.0526,-1.11,26,500,50.0
1770114710.2294116,-0.1290,-3.85,78,483,48.4
1770114710.3336525,0.0301,15.78,-152,200,20.0
1770114710.4261582,1.4466,34.36,-250,200,20.0
1770114710.5292294,1.3003,33.42,-250,200,20.0
1770114710.6323378,1.3110,37.35,-250,200,20.0
1770114710.7359478,1.3067,34.83,-250,200,20.0
1770114710.8294737,1.3023,35.00,-250,200,20.0
1770114710.9335656,1.4093,34.37,-250,200,20.0
1770114711.0372694,1.4543,32.30,-250,200,20.0
1770114711.1405087,1.4986,29.54,-250,200,20.0
1770114711.2441125,-0.0414,14.92,-83,200,20.0
1770114711.3490086,0.0975,18.16,-229,200,20.0
1770114711.4424734,0.0977,17.61,-224,200,20.0
1770114711.5456977,0.0647,13.65,-163,208,20.9
1770114711.6509168,0.0887,13.06,-178,218,21.8
1770114711.7426581,0.1467,11.46,-204,254,25.4
1770114711.8473716,0.2205,11.27,-250,260,26.0
1770114711.9519784,0.3466,13.72,-250,208,20.8
1770114712.054142,-0.5462,11.24,250,260,26.1
1770114712.1581705,-0.4729,10.50,250,283,28.3
1770114712.2508633,-0.3133,10.70,142,276,27.7
1770114712.3538342,-0.2778,15.31,116,200,20.0
1770114712.4576168,-0.2849,18.87,93,200,20.0
1770114712.550694,-0.3543,22.03,128,200,20.0
1770114712.6546025,0.5222,11.63,-250,250,25.0
1770114712.7612042,0.5181,14.08,-250,204,20.4
1770114712.8645983,0.5541,18.48,-250,200,20.0
1770114712.9574034,0.4947,21.68,-250,200,20.0
1770114713.0605779,0.4384,22.02,-250,200,20.0
1770114713.1641984,0.5444,26.40,-250,200,20.0
1770114713.2686148,0.7581,34.19,-250,200,20.0
1770114713.3608618,0.7767,33.91,-250,200,20.0
1770114713.4746132,0.8889,38.88,-250,200,20.0
1770114713.5672297,0.9651,39.57,-250,200,20.0
1770114713.6707244,1.1013,43.73,-250,200,20.0
1770114713.7739165,-0.0672,44.50,-250,200,20.0
1770114713.8665862,0.0044,45.89,-250,200,20.0
1770114713.9700675,0.1341,49.05,-250,200,20.0
1770114714.0736718,0.2242,50.64,-250,200,20.0
1770114714.176848,0.3037,52.33,-250,200,20.0
1770114714.280738,0.3650,52.66,-250,200,20.0
1770114714.3729436,0.4362,53.60,-250,200,20.0
1770114714.4799235,0.5068,54.43,-250,200,20.0
1770114714.5836227,0.5718,54.72,-250,200,20.0
1770114714.6764162,0.5711,51.44,-250,200,20.0
1770114714.779767,0.7337,55.96,-250,200,20.0
1770114714.8836715,0.6336,47.24,-250,200,20.0
1770114714.9899106,0.6679,44.95,-250,200,20.0
1770114715.0941277,0.7233,45.23,-250,200,20.0
1770114715.1858647,0.7590,44.81,-250,200,20.0
1770114715.2893353,0.7970,43.58,-250,200,20.0
1770114715.3925455,0.8499,44.44,-250,200,20.0
1770114715.496011,0.9363,45.62,-250,200,20.0
1770114715.6000667,1.0075,45.17,-250,200,20.0
1770114715.6920197,1.1172,50.69,-250,200,20.0
1770114715.7953744,1.0671,44.09,-250,200,20.0
1770114715.8994153,1.1202,44.08,-250,200,20.0
1770114715.992565,1.2122,45.79,-250,200,20.0
1770114716.095231,1.2664,44.53,-250,200,20.0
1770114716.200021,1.3783,45.62,-250,200,20.0
1770114716.3034005,1.4728,46.81,-250,200,20.0
1770114716.4075007,1.5447,47.68,-250,200,20.0
1770114716.5119,1.6050,48.25,-250,200,20.0
1770114716.6041687,1.6860,50.30,-250,200,20.0
1770114716.7092688,1.7435,50.81,-250,200,20.0
1770114716.8064482,1.8060,51.11,-250,200,20.0
1770114716.9093368,1.8717,51.45,-250,200,20.0
1770114717.0127869,0.3027,49.67,-250,200,20.0
1770114717.1168947,0.3842,50.55,-250,200,20.0
1770114717.2093747,0.4426,51.60,-250,200,20.0
1770114717.314075,0.5264,52.15,-250,200,20.0
1770114717.417365,0.6112,53.87,-250,200,20.0
1770114717.521862,0.6612,55.41,-250,200,20.0
1770114717.6139965,-1.0117,44.47,250,200,20.0
1770114717.7171772,-0.9564,43.19,250,200,20.0
1770114717.8229477,-0.9572,35.27,250,200,20.0
1770114717.9279206,-0.9625,34.70,250,200,20.0
1770114718.020577,-1.0141,34.07,250,200,20.0
1770114718.1236186,-1.1011,34.49,250,200,20.0
1770114718.226723,-1.1100,43.64,250,200,20.0
1770114718.3328323,-1.1828,47.31,250,200,20.0
1770114718.427176,-1.3164,45.08,250,200,20.0
1770114718.530256,0.4742,58.69,-250,200,20.0
1770114718.634851,0.3455,57.68,-250,200,20.0
1770114718.7275994,1.8882,59.56,-250,200,20.0
1770114718.8315198,1.8342,60.25,-250,200,20.0
1770114718.9346082,1.8093,60.23,-250,200,20.0
1770114719.0385528,1.7986,59.52,-250,200,20.0
1770114719.1414146,1.8231,59.42,-250,200,20.0
1770114719.2344985,2.0385,64.57,-250,200,20.0
1770114719.3376179,2.1419,66.32,-250,200,20.0
1770114719.4408383,2.1237,64.90,-250,200,20.0
1770114719.543899,2.1362,64.62,-250,200,20.0
1770114719.647761,2.1212,63.67,-250,200,20.0
1770114719.7506924,0.1826,53.96,-250,200,20.0
1770114719.843673,0.2373,55.41,-250,200,20.0
1770114719.9468737,0.2227,53.22,-250,200,20.0
1770114720.0500343,0.2617,53.94,-250,200,20.0
1770114720.1543498,0.3011,53.50,-250,200,20.0
1770114720.2463892,0.3706,54.28,-250,200,20.0
1770114720.349703,0.3656,52.41,-250,200,20.0
1770114720.452922,0.4624,56.14,-250,200,20.0
1770114720.555581,-1.5635,20.78,250,200,20.0
1770114720.6604035,-1.5491,19.81,250,200,20.0
1770114720.7533963,-1.5436,19.03,250,200,20.0
1770114720.8574126,-1.5516,17.76,250,200,20.0
1770114720.9508476,0.3742,49.93,-250,200,20.0
1770114721.0552466,0.2665,49.34,-250,200,20.0
1770114721.1512444,0.2087,51.32,-250,200,20.0
1770114721.2547426,0.1125,51.32,-250,200,20.0
1770114721.3481023,-0.0424,43.94,-250,200,20.0
1770114721.452098,0.0086,47.41,-250,200,20.0
1770114721.546273,-0.0407,43.76,-250,200,20.0
1770114721.648062,-0.0410,41.55,-250,200,20.0
1770114721.7411737,-0.0775,35.87,-220,200,20.0
1770114721.8449843,-0.0941,31.07,-167,200,20.0
1770114721.9385529,-0.0947,28.93,-150,200,20.0
1770114722.0313816,-0.1123,23.52,-91,200,20.0
1770114722.1248112,-0.1150,19.95,-60,200,20.0
1770114722.218822,-0.1323,17.01,-22,200,20.0
1770114722.312378,-0.1464,12.44,18,230,23.0
1770114722.3945842,0.0659,33.24,-250,200,20.0
1770114722.4883933,0.0327,33.45,-250,200,20.0
1770114722.583067,-0.0435,29.03,-194,200,20.0
1770114722.6655319,-0.0642,26.42,-156,200,20.0
1770114722.759091,-0.2142,3.92,48,482,48.2
1770114722.8425145,-0.1780,2.74,40,497,49.7
1770114722.9297152,-1.9263,-28.33,250,200,20.0
1770114723.0227244,-0.1681,-15.14,250,200,20.0
1770114723.106098,-0.1058,6.44,0,419,41.9
1770114723.190891,-0.3397,-14.16,250,203,20.4
1770114723.2727625,-0.4286,-16.29,250,200,20.0
1770114723.3572235,-0.4598,-22.11,250,200,20.0
1770114723.4393876,-0.6611,-37.06,250,200,20.0
1770114723.519464,-0.7600,-41.49,250,200,20.0
1770114723.6021104,-0.8627,-42.99,250,200,20.0
1770114723.6841462,-0.6080,0.19,207,500,50.0
1770114723.7665992,-0.6233,-24.03,250,200,20.0
1770114723.8601828,-0.5038,11.26,250,260,26.0
1770114723.9418561,-0.7148,-24.99,250,200,20.0
1770114724.024377,-0.8704,-34.73,250,200,20.0
1770114724.1065862,-0.2731,-8.60,234,346,34.6
1770114724.1906404,-0.2744,-9.35,250,320,32.1
1770114724.2735493,-0.0985,-4.85,78,463,46.3
1770114724.3561199,-0.2744,-4.81,149,463,46.4
1770114724.4384966,0.1101,23.31,-250,200,20.0
1770114724.5210454,0.2241,32.98,-250,200,20.0
1770114724.6044917,0.2355,38.40,-250,200,20.0
1770114724.685905,0.2397,42.54,-250,200,20.0
1770114724.7689683,0.2733,45.03,-250,200,20.0
1770114724.8617575,0.3234,46.56,-250,200,20.0
1770114724.9446154,0.4404,46.80,-250,200,20.0
1770114725.0279336,-1.4252,9.86,250,303,30.4
1770114725.110283,-1.3816,13.22,250,215,21.5
1770114725.1931293,-1.3247,12.35,250,232,23.2
1770114725.2749698,-1.3162,12.73,250,224,22.4
1770114725.3578384,-1.3078,13.16,250,216,21.6
1770114725.442365,-1.3458,11.65,250,249,24.9
1770114725.513367,-1.3491,12.39,250,231,23.1
1770114725.5959432,-1.3974,9.85,250,303,30.4
1770114725.6793375,-1.4925,9.15,250,327,32.7
1770114725.761752,-1.5717,5.05,250,458,45.8
1770114725.844571,-1.6557,0.72,250,500,50.0
1770114725.916235,-0.6416,1.92,205,500,50.0
1770114725.9991794,-1.0968,-39.05,250,200,20.0
1770114726.0818646,-1.0205,-32.88,250,200,20.0
1770114726.1643426,-1.0447,-33.78,250,200,20.0
1770114726.246958,-0.6560,-17.62,250,200,20.0
1770114726.33001,-0.6614,-13.82,250,206,20.7
1770114726.412422,-0.6535,-16.10,250,200,20.0
1770114726.494956,-0.5960,-16.77,250,200,20.0
1770114726.5772567,-0.7192,-15.04,250,200,20.0
1770114726.6600764,-0.7978,-18.39,250,200,20.0
1770114726.7422805,-0.8446,-18.42,250,200,20.0
1770114726.824842,-0.8138,-20.06,250,200,20.0
1770114726.907559,-0.8237,-18.03,250,200,20.0
1770114726.9902835,-0.8619,-19.89,250,200,20.0
1770114727.073078,-0.8954,-21.55,250,200,20.0
1770114727.1553326,-0.9379,-22.58,250,200,20.0
1770114727.23806,-1.0221,-26.23,250,200,20.0
1770114727.3204372,-1.1099,-30.55,250,200,20.0
1770114727.4137707,-1.1988,-29.18,250,200,20.0
1770114727.4955907,-1.2043,-32.54,250,200,20.0
1770114727.578956,0.0019,-0.54,3,500,50.0
1770114727.660472,-0.0404,-4.22,49,476,47.7
1770114727.7425287,-0.0442,-3.71,45,485,48.6
1770114727.8247967,-0.0650,9.21,-31,325,32.5
1770114727.9178355,-0.0989,15.12,-35,200,20.0
1770114728.0007048,-0.3286,7.46,117,385,38.6
1770114728.0939767,-0.0712,1.04,16,500,50.0
1770114728.1865036,-0.0326,0.66,5,500,50.0
1770114728.2787473,-0.0277,3.00,-14,494,49.5
1770114728.361215,-0.0232,1.85,-6,500,50.0
1770114728.4534857,-0.4281,-2.06,163,499,50.0
1770114728.5608194,-0.3694,-7.04,247,399,40.0
1770114728.6543448,0.2936,1.14,-110,500,50.0
1770114728.748777,0.2911,15.66,-250,200,20.0
1770114728.8396888,0.0830,9.52,-131,315,31.5
1770114728.9340951,-0.0292,2.44,-9,498,49.9
1770114729.0257459,-0.0266,2.55,-11,498,49.8
1770114729.1189287,-0.0363,3.31,-13,491,49.2
1770114729.2134511,0.1378,0.44,-50,500,50.0
1770114729.2935002,0.1553,2.27,-71,499,50.0
1770114729.3864777,0.2027,0.23,-71,500,50.0
1770114729.4796658,0.3504,-6.70,-120,410,41.1
1770114729.5725088,-0.0753,-9.04,120,331,33.1
1770114729.6653824,-0.0892,-25.15,250,200,20.0
1770114729.7580004,-0.2081,-55.90,250,200,20.0
1770114729.8521843,0.0139,-45.01,250,200,20.0
1770114729.9457338,0.0399,-44.45,250,200,20.0
1770114730.0313103,0.1588,-23.85,54,200,20.0
1770114730.1238415,0.0620,-50.79,250,200,20.0
1770114730.2176836,0.0389,-49.82,250,200,20.0
1770114730.3104305,0.0116,-49.88,250,200,20.0
1770114730.4042532,0.0437,-47.57,250,200,20.0
1770114730.4982626,0.0959,-26.41,128,200,20.0
1770114730.5923128,0.1595,-21.81,37,200,20.0
1770114730.685492,0.1542,-17.36,6,200,20.0
1770114730.7695434,0.0325,-45.11,250,200,20.0
1770114730.874384,0.1947,-23.82,23,200,20.0
1770114730.9677117,0.1977,-22.47,9,200,20.0
1770114731.0604305,0.1002,-39.59,230,200,20.0
1770114731.1535792,0.1850,-20.15,2,200,20.0
1770114731.2464588,0.1414,-28.28,104,200,20.0
1770114731.340329,0.1387,-27.93,104,200,20.0
1770114731.444503,0.1690,-22.26,32,200,20.0
1770114731.5371826,0.1708,-24.92,52,200,20.0
1770114731.6308029,0.1488,-28.08,96,200,20.0
1770114731.7345798,0.1305,-29.15,121,200,20.0
1770114731.8279436,0.1295,-27.29,107,200,20.0
1770114731.9214752,0.1403,-22.37,58,200,20.0
1770114732.0258675,0.1510,-25.63,75,200,20.0
1770114732.1187756,0.1366,-29.31,117,200,20.0
1770114732.2116108,0.1518,-31.56,122,200,20.0
1770114732.3177316,0.1386,-33.83,151,200,20.0
1770114732.4123986,0.1847,-33.38,108,200,20.0
1770114732.514614,0.1718,-34.47,128,200,20.0
1770114732.6184666,0.2115,-25.02,18,200,20.0
1770114732.7229385,-0.6047,-10.18,250,293,29.3
1770114732.8156168,0.2463,-9.50,-86,315,31.6
1770114732.9190097,0.2215,-10.00,-72,299,29.9
1770114733.0241113,0.1789,4.23,-102,476,47.7
1770114733.1190448,0.1943,15.36,-250,200,20.0
1770114733.2228487,0.2398,19.78,-250,200,20.0
1770114733.3275564,0.2763,23.43,-250,200,20.0
1770114733.4222543,0.3297,47.80,-250,200,20.0
1770114733.5264716,0.2273,54.75,-250,200,20.0
1770114733.6296072,-0.5143,34.04,169,200,20.0
1770114733.733762,0.1029,19.02,-240,200,20.0
1770114733.8286543,0.0231,14.77,-137,200,20.0
1770114733.933852,0.0183,10.89,-100,270,27.1
1770114734.03792,-0.2130,28.47,-44,200,20.0
1770114734.1408827,0.0347,34.29,-250,200,20.0
1770114734.245892,-0.6623,10.33,250,288,28.8
1770114734.3373964,-0.8650,-25.78,250,200,20.0
1770114734.4407318,-0.7406,-12.51,250,228,22.9
1770114734.5461178,-0.7794,-22.24,250,200,20.0
1770114734.6501112,0.2146,-5.24,-49,453,45.3
1770114734.7425632,0.0162,-4.72,31,466,46.6
1770114734.84741,0.0951,21.13,-250,200,20.0
1770114734.9524262,0.0320,2.89,-34,495,49.6
1770114735.0565145,0.0276,-0.63,-4,500,50.0
1770114735.1595416,0.0161,-5.57,37,444,44.5
1770114735.251629,-0.0071,-5.79,49,438,43.8
1770114735.356417,0.0110,-6.88,49,405,40.5
1770114735.4618716,0.0184,-6.03,39,431,43.1
1770114735.5524714,-0.0059,-5.24,44,453,45.3
1770114735.656799,0.0052,-6.12,46,428,42.9
1770114735.7596726,0.0247,-6.81,42,407,40.7
1770114735.8647983,0.0090,-8.07,59,364,36.5
1770114735.957297,0.0131,-8.20,58,360,36.0
1770114736.0608485,0.0198,-6.81,44,407,40.7
1770114736.164183,0.0262,-8.65,53,344,34.5
1770114736.2683775,0.0136,-5.98,41,432,43.3
1770114736.361146,0.0256,-8.38,51,354,35.4
1770114736.4647253,0.0216,-7.49,48,384,38.5
1770114736.5699835,0.0249,-7.49,46,384,38.5
1770114736.673675,0.1911,-10.76,-53,275,27.5
1770114736.7655814,0.1776,-14.20,-38,203,20.3
1770114736.8699577,0.1866,-10.82,-50,273,27.3
1770114736.9750588,0.1835,-9.51,-45,315,31.5
1770114737.0686734,0.1938,-8.97,-50,333,33.4
1770114737.172569,0.1861,-7.60,-41,381,38.1
1770114737.2767441,0.1905,-8.54,-46,348,34.9
1770114737.3821845,0.1723,-14.02,-34,204,20.5
1770114737.4736774,0.2047,-4.95,-44,460,46.1
1770114737.5777745,0.2020,-6.03,-45,431,43.1
1770114737.6815848,0.1863,-14.59,-43,200,20.1
1770114737.7851276,0.1739,-12.79,-40,223,22.3
1770114737.8893795,0.1796,-8.73,-40,342,34.2
1770114737.9834964,0.1793,-10.62,-44,279,27.9
1770114738.087299,0.1725,-12.59,-39,227,22.7
1770114738.1918325,0.1727,-15.12,-27,200,20.0
1770114738.285503,0.1702,-14.97,-26,200,20.0
1770114738.3889387,0.1832,-11.85,-48,244,24.4
1770114738.492853,0.1842,-9.59,-45,312,31.3
1770114738.5863369,0.1820,-13.89,-43,206,20.6
1770114738.6925726,0.1827,-13.93,-43,205,20.6
1770114738.7944252,0.1809,-12.92,-45,220,22.1
1770114738.8873434,0.1850,-13.79,-46,207,20.7
1770114738.9906623,0.1868,-12.24,-51,234,23.5
1770114739.0951533,0.1888,-12.01,-53,240,24.0
1770114739.1888232,0.2042,-10.03,-60,298,29.8
1770114739.292161,0.1974,-10.68,-57,277,27.7
1770114739.396017,0.1846,-14.03,-44,204,20.5
1770114739.501118,0.1747,-15.67,-24,200,20.0
1770114739.5925453,0.1909,-11.45,-54,254,25.5
1770114739.6963713,0.1808,-13.89,-42,206,20.6
1770114739.8002617,0.1827,-14.35,-41,202,20.2
1770114739.893868,0.1761,-13.31,-40,213,21.4
1770114739.9969742,0.1791,-16.96,-18,200,20.0
1770114740.1012313,0.1220,-23.78,85,200,20.0
1770114740.1939936,0.1884,-12.58,-52,227,22.7
1770114740.3013632,0.1675,-17.35,-5,200,20.0
1770114740.4051242,0.1779,-16.01,-24,200,20.0
1770114740.4995975,0.1676,-17.01,-8,200,20.0
1770114740.605787,0.1806,-15.48,-31,200,20.0
1770114740.6990535,0.1906,-14.40,-48,201,20.2
1770114740.8022382,0.1655,-14.69,-24,200,20.0
1770114740.9061186,0.1317,-20.32,49,200,20.0
1770114741.0106316,0.1907,-16.48,-32,200,20.0
1770114741.1035454,0.1490,-16.78,6,200,20.0
1770114741.2084768,0.1969,-11.51,-59,253,25.3
1770114741.3007498,0.2054,-9.69,-60,309,30.9
1770114741.4047325,0.1839,-13.37,-46,213,21.3
1770114741.507639,0.2113,-7.66,-55,379,37.9
1770114741.6149914,0.1785,-15.88,-26,200,20.0
1770114741.707845,0.1801,-17.44,-15,200,20.0
1770114741.8122902,0.2060,-9.25,-59,324,32.4
1770114741.9050624,0.1958,-10.92,-57,269,27.0
1770114742.008645,0.1996,-9.75,-56,307,30.7
1770114742.1123438,0.1875,-11.52,-51,252,25.3
1770114742.215968,0.2014,-9.52,-57,315,31.5
1770114742.3095422,0.1925,-12.66,-55,225,22.6
1770114742.4147828,0.1942,-8.72,-49,342,34.2
1770114742.519884,0.1660,-17.46,-2,200,20.0
1770114742.6112895,0.1783,-14.88,-34,200,20.0
1770114742.7153788,0.1777,-10.43,-43,285,28.5
1770114742.8196373,0.1793,-12.23,-45,235,23.5
1770114742.9131498,0.1790,-13.43,-42,212,21.2
1770114743.01721,0.1758,-13.50,-39,211,21.1
1770114743.121781,0.1978,-9.95,-56,300,30.1
1770114743.2147841,0.1910,-12.97,-53,219,22.0
1770114743.3181326,0.1669,-13.47,-32,211,21.2
1770114743.4225824,0.1762,-9.72,-40,308,30.8
1770114743.5156305,0.1983,-6.56,-44,415,41.5
1770114743.6200562,0.2016,-10.44,-60,284,28.5
1770114743.7245593,0.1921,-11.12,-54,264,26.4
1770114743.817651,0.1896,-11.57,-53,251,25.2
1770114743.9235933,0.1803,-12.54,-45,228,22.8
1770114744.0281348,0.1720,-18.67,1,200,20.0
1770114744.1209085,0.1627,-16.01,-11,200,20.0
1770114744.225307,0.1943,-12.06,-57,238,23.9
1770114744.3285642,0.1741,-13.85,-36,206,20.7
1770114744.4215717,0.1507,-20.47,34,200,20.0
1770114744.5257485,0.1764,-13.68,-39,208,20.9
1770114744.629249,0.1529,-16.94,4,200,20.0
1770114744.7333293,0.1791,-9.49,-42,316,31.6
1770114744.8262072,0.1853,-13.08,-48,217,21.8
1770114744.9297626,0.1684,-12.15,-36,236,23.7
1770114745.033722,0.1869,-13.09,-50,217,21.8
1770114745.1264415,0.1569,-14.53,-18,201,20.1
1770114745.2302282,0.2111,-7.66,-55,379,37.9
1770114745.3341377,0.1814,-13.76,-43,207,20.8
1770114745.438096,0.1840,-12.54,-48,228,22.8
1770114745.533726,0.1869,-13.23,-49,215,21.5
1770114745.639109,0.1668,-13.13,-33,216,21.7
1770114745.7331896,0.1805,-12.99,-45,219,21.9
1770114745.8397071,0.1606,-15.98,-10,200,20.0
1770114745.9328742,0.1870,-10.64,-50,278,27.9
1770114746.0376954,0.1724,-12.41,-39,230,23.1
1770114746.1309345,0.1943,-12.27,-57,234,23.4
1770114746.2352204,0.1844,-11.19,-49,262,26.2
1770114746.3389018,0.1778,-11.05,-44,266,26.6
1770114746.4434953,0.1786,-13.29,-42,214,21.4
1770114746.5364072,0.1785,-13.92,-40,205,20.6
1770114746.6398606,0.2018,-8.67,-54,344,34.4
1770114746.7436073,0.1701,-13.06,-36,218,21.8
1770114746.8368258,0.1999,-8.80,-53,339,34.0
1770114746.940281,0.1845,-9.97,-47,299,30.0
1770114747.0442095,0.1844,-12.20,-49,235,23.6
1770114747.1486154,0.1809,-16.78,-21,200,20.0
1770114747.2422612,0.1529,-20.39,31,200,20.0
1770114747.3460743,0.1919,-14.31,-49,202,20.2
1770114747.44978,0.2035,-12.24,-64,234,23.5
1770114747.543237,0.2097,-7.89,-55,371,37.1
1770114747.6474917,0.2000,-10.61,-59,279,27.9
1770114747.7512286,0.1869,-9.68,-47,309,30.9
1770114747.843852,0.1688,-13.08,-35,217,21.8
1770114747.9477012,0.1674,-14.67,-26,200,20.1
1770114748.050859,0.1748,-14.43,-34,201,20.2
1770114748.1551986,0.1665,-11.90,-35,243,24.3
1770114748.2605107,0.1611,-13.74,-26,207,20.8
1770114748.3521209,0.1717,-14.10,-33,204,20.4
1770114748.4563663,0.0163,-9.58,65,312,31.3
1770114748.5609076,0.0406,-6.36,31,421,42.1
1770114748.6648316,0.0264,-8.67,53,344,34.4
1770114748.7594314,0.1719,-15.62,-22,200,20.0
1770114748.8629773,0.1576,-19.10,17,200,20.0
1770114748.9663985,0.1292,-22.09,65,200,20.0
1770114749.0728226,0.1721,-5.41,-31,449,44.9
1770114749.1638181,0.1719,-13.80,-35,207,20.7
1770114749.2676458,0.1526,-13.90,-18,206,20.6
1770114749.3742177,0.3453,-20.48,-132,200,20.0
1770114749.4784184,0.3998,-10.38,-200,286,28.7
1770114749.5704927,0.0405,-14.35,80,202,20.2
1770114749.6746435,0.0075,-7.50,55,384,38.4
1770114749.7805731,-0.0211,-12.02,112,240,24.0
1770114749.8715408,-0.0274,-6.62,66,413,41.3
1770114749.9748304,-0.0346,-4.15,46,478,47.8
1770114750.0793543,-0.0251,-8.63,84,345,34.5
1770114750.1877828,0.4552,-3.55,-137,488,48.8
1770114750.2953336,-0.0305,-4.33,46,474,47.5
1770114750.3843899,0.0229,-1.50,4,500,50.0
1770114750.4873433,0.0063,-5.46,40,447,44.8
1770114750.5911033,-0.0276,-3.95,41,481,48.2
1770114750.6953335,-0.0218,-3.14,32,493,49.4
1770114750.7884324,-0.0011,-3.33,27,491,49.1
1770114750.890901,-0.0107,-0.69,9,500,50.0
1770114750.9965622,-0.0035,0.25,0,500,50.0
1770114751.0999277,0.0147,1.80,-19,500,50.0
1770114751.1918635,0.0111,2.79,-26,496,49.7
1770114751.2962358,-0.0028,0.70,-4,500,50.0
1770114751.4020977,0.0063,-3.66,26,486,48.7
1770114751.5058944,-0.0031,-3.88,32,483,48.3
1770114751.596907,0.0083,-4.72,34,466,46.6
1770114751.7032387,-0.0085,-9.25,79,324,32.4
1770114751.806313,0.4248,-10.23,-216,291,29.2
1770114751.8985431,0.4098,-14.22,-236,203,20.3
1770114752.001693,0.1431,-25.77,83,200,20.0
1770114752.1078308,0.0897,-39.33,237,200,20.0
1770114752.2005992,0.0883,-47.04,250,200,20.0
1770114752.3049421,0.0626,-38.14,250,200,20.0
1770114752.4137044,0.0571,-36.35,241,200,20.0
1770114752.5103064,0.0706,-33.59,208,200,20.0
1770114752.6163535,0.1000,-31.28,164,200,20.0
1770114752.7080855,0.0893,-26.02,131,200,20.0
1770114752.8116555,-0.3714,-16.17,250,200,20.0
1770114752.915208,-0.2328,4.87,56,462,46.3
1770114753.0183966,0.3996,39.60,-250,200,20.0
1770114753.1125166,0.7205,25.67,-250,200,20.0
1770114753.217359,-0.2508,26.36,4,200,20.0
1770114753.3211257,-0.4091,16.16,222,200,20.0
1770114753.4278617,-0.4735,12.47,250,229,23.0
1770114753.53371,-0.5390,5.19,185,454,45.5
1770114753.6236463,-1.2165,6.09,250,429,43.0
1770114753.7259166,-0.5369,5.68,193,441,44.2
1770114753.8319423,-0.0022,13.61,-107,209,21.0
1770114753.924489,0.7216,17.16,-250,200,20.0
1770114754.0271306,0.7526,16.81,-250,200,20.0
1770114754.1315413,-0.0417,-0.61,19,500,50.0
1770114754.2373853,-0.0144,1.08,-3,500,50.0
1770114754.3417146,-0.0191,8.39,-55,353,35.4
1770114754.4331582,0.0306,13.12,-130,217,21.7
1770114754.540181,-0.0098,4.26,-30,475,47.6
1770114754.6418629,-0.0205,2.14,-10,499,50.0
1770114754.745396,-0.0228,-0.08,8,500,50.0
1770114754.849348,-0.0130,0.49,0,500,50.0
1770114754.9408882,-0.0210,0.73,1,500,50.0
1770114755.0452595,-0.0207,-0.25,9,500,50.0
1770114755.1505136,-0.0124,2.04,-12,499,50.0
1770114755.2533588,-0.0061,0.47,-1,500,50.0
1770114755.346492,0.0289,-0.11,-9,500,50.0
1770114755.4511375,-0.0071,1.18,-7,500,50.0
1770114755.554767,-0.0128,-0.96,12,500,50.0
1770114755.6469357,-0.0099,0.36,0,500,50.0
1770114755.750533,0.0014,0.39,-3,500,50.0
1770114755.8542867,-0.0165,-1.91,20,500,50.0
1770114755.95929,-0.0148,0.42,1,500,50.0
1770114756.0512428,-0.0223,-1.58,20,500,50.0
1770114756.1560645,0.0162,-2.38,13,499,49.9
1770114756.2604618,-0.0168,-3.90,37,482,48.3
1770114756.3655696,0.0003,-3.34,26,491,49.1
1770114756.4578018,0.0005,-3.73,29,485,48.5
1770114756.5613737,0.0149,-1.77,9,500,50.0
1770114756.664934,0.0149,-2.46,14,498,49.9
1770114756.7696989,-0.0025,-1.59,13,500,50.0
1770114756.8622434,0.0067,0.86,-9,500,50.0
1770114756.965754,0.0062,1.49,-14,500,50.0
1770114757.073142,0.0132,-1.59,8,500,50.0
1770114757.1655936,0.0265,-0.99,-1,500,50.0
1770114757.2709444,-0.0100,-3.35,30,490,49.1
1770114757.3765206,0.0007,-1.89,14,500,50.0
1770114757.480565,0.1866,-6.79,-39,407,40.8
1770114757.5746968,0.1817,-8.94,-42,334,33.5
1770114757.679185,0.2060,-9.78,-61,306,30.6
1770114757.77198,0.1939,-12.84,-56,222,22.2
1770114757.8783896,0.1992,-13.66,-58,208,20.9
1770114757.983363,0.2033,-12.74,-64,224,22.4
1770114758.0755641,0.1911,-14.84,-45,200,20.0
1770114758.179861,0.1864,-15.30,-37,200,20.0
1770114758.2867427,0.1729,-13.90,-35,206,20.6
1770114758.37808,0.1907,-12.78,-54,223,22.3
1770114758.4828253,0.3653,-10.67,-179,277,27.8
1770114758.5862007,0.0374,-7.23,38,393,39.3
1770114758.6838167,45.3640,87.99,-250,200,20.0
1770114758.776663,23.3187,86.18,-250,200,20.0
1770114758.9219391,-43.5917,-87.81,250,200,20.0
1770114759.0558217,-0.8444,-2.75,250,497,49.7
1770114759.1891992,0.3838,46.52,-250,200,20.0
1770114759.3259592,-0.6100,10.99,250,268,26.8
1770114759.4598663,-1.0264,-24.11,250,200,20.0
1770114759.5943725,-1.0081,-10.38,250,286,28.7
1770114759.7292938,-0.9755,-17.36,250,200,20.0
1770114759.863546,-1.0206,-22.48,250,200,20.0
1770114759.9989817,-1.0559,-23.69,250,200,20.0
1770114760.134772,-1.0905,-27.91,250,200,20.0
1770114760.2677498,-0.4075,-6.08,237,429,43.0
1770114760.4020898,-0.4875,-7.95,250,368,36.9
1770114760.537536,-0.4493,-6.60,250,414,41.4
1770114760.669192,-0.3789,-3.55,166,488,48.8
1770114760.8031888,-0.3884,-1.63,146,500,50.0
1770114760.9486475,-0.4057,-3.89,182,482,48.3
1770114761.0707614,-0.3949,-4.54,192,470,47.0
1770114761.215332,-0.4087,-3.26,172,492,49.2
1770114761.3512645,-0.4174,-5.19,217,454,45.5
1770114761.482686,-0.4081,-4.86,205,462,46.3
1770114761.616799,-0.4267,-4.75,210,465,46.5
1770114761.7463546,-0.4033,-4.92,204,461,46.2
1770114761.8821437,-0.4037,-5.69,225,441,44.1
1770114762.0148163,-0.3680,16.07,187,200,20.0
1770114762.1484027,-7.3145,-78.14,250,200,20.0
1770114762.28271,-0.4410,31.26,128,200,20.0
1770114762.417119,-0.4549,23.87,199,200,20.0
1770114762.5636432,-0.4395,25.57,173,200,20.0
1770114762.6847606,-0.3934,25.79,131,200,20.0
1770114762.8173754,-1.6105,-34.64,250,200,20.0
1770114762.9614835,-1.5323,-15.04,250,200,20.0
1770114763.0852163,-0.7379,14.13,250,203,20.4
1770114763.2307837,-0.5257,18.11,250,200,20.0
1770114763.3651052,-0.5565,12.38,250,231,23.2
1770114763.497858,-0.5614,12.08,250,238,23.9
1770114763.6321712,-0.5484,12.79,250,223,22.3
1770114763.7658796,-0.5611,11.61,250,250,25.1
1770114763.89882,-0.5954,9.21,250,325,32.6
1770114764.0327652,-0.6170,8.34,250,355,35.6
1770114764.1766348,-0.6160,8.47,250,351,35.1
1770114764.2989166,-0.5566,11.04,250,266,26.7
1770114764.4441013,-0.5447,11.34,250,257,25.8
1770114764.5791364,-0.5359,12.15,250,237,23.7
1770114764.7017982,-0.5518,12.88,250,221,22.1
1770114764.847429,-0.5410,11.80,250,245,24.6
1770114764.98115,-0.5070,13.51,250,210,21.1
1770114765.1151478,-0.6635,6.38,250,420,42.1
1770114765.250269,-0.5564,10.90,250,270,27.1
1770114765.3852158,-0.5779,9.35,250,320,32.1
1770114765.5228877,-1.4576,-10.18,250,293,29.3
1770114765.6595838,-1.1614,-13.96,250,205,20.5
1770114765.7875435,-0.5165,14.00,250,205,20.5
1770114765.9327788,-1.4704,-12.31,250,233,23.3
1770114766.068901,-1.4292,-6.06,250,430,43.1
1770114766.199644,-1.4536,-9.29,250,322,32.3
1770114766.3245873,-1.4460,-7.78,250,374,37.5
1770114766.4344604,-1.3993,-1.47,250,500,50.0
1770114766.5542245,10.9688,83.64,-250,200,20.0
1770114766.6892467,-34.2615,-87.22,250,200,20.0
1770114766.8243823,-0.3761,41.12,-5,200,20.0
1770114766.9622025,-0.5615,10.56,250,280,28.1
1770114767.0965667,-0.4827,16.67,250,200,20.0
1770114767.2314112,-0.4686,14.81,250,200,20.0
1770114767.3659775,-0.4466,15.31,250,200,20.0
1770114767.4986567,-0.4449,15.40,250,200,20.0
1770114767.6349127,-0.4461,15.34,250,200,20.0
1770114767.7695482,-0.4602,14.80,250,200,20.0
1770114767.9022212,-0.4624,14.77,250,200,20.0
1770114768.0412002,-1.4436,-8.31,250,356,35.7
1770114768.1851652,-1.4292,-6.06,250,430,43.1
1770114768.3153117,-1.4453,-8.36,250,354,35.5
1770114768.4529734,-1.4389,-7.37,250,388,38.9
1770114768.5638757,-1.4448,-7.87,250,371,37.2
1770114768.664088,-1.4141,-1.79,250,500,50.0
1770114768.7971685,-1.4344,-5.67,250,441,44.2
1770114768.918709,-1.4936,-15.74,250,200,20.0
1770114769.011347,-0.8274,30.82,250,200,20.0
1770114769.1235979,-1.2619,1.50,250,500,50.0
1770114769.2265632,-1.4477,5.67,250,441,44.2
1770114769.329442,-0.9813,28.62,250,200,20.0
1770114769.4212434,-1.2401,15.81,250,200,20.0
1770114769.5229535,-1.2409,31.69,250,200,20.0
1770114769.6263716,-1.1801,-10.44,250,284,28.5
1770114769.730495,-1.0763,-24.44,250,200,20.0
1770114769.8222322,-1.1140,-10.20,250,292,29.2
1770114769.9278734,-0.1289,-36.32,250,200,20.0
1770114770.0309482,-0.7068,22.79,250,200,20.0
1770114770.12505,-1.0991,-24.84,250,200,20.0
1770114770.230624,-1.0281,-37.26,250,200,20.0
1770114770.3324943,-0.9880,-40.48,250,200,20.0
1770114770.43654,-0.3953,-39.91,250,200,20.0
1770114770.5407956,0.1391,-27.49,100,200,20.0
1770114770.64608,-0.1363,-44.93,250,200,20.0
1770114770.736851,0.5007,35.43,-250,200,20.0
1770114770.8289864,0.3817,31.42,-250,200,20.0
1770114770.8903039,-0.9877,-6.90,250,404,40.4
1770114770.9517682,-0.8760,-21.03,250,200,20.0
1770114771.015141,-0.6852,10.48,250,283,28.4
1770114771.0684168,-0.6038,-0.86,214,500,50.0
1770114771.1206663,-0.6797,1.84,218,500,50.0
1770114771.1997275,-0.8527,-11.05,250,266,26.6
1770114771.2511582,0.3484,-37.96,4,200,20.0
1770114771.293834,1.6759,15.75,-250,200,20.0
1770114771.3459566,-1.4066,-51.77,250,200,20.0
1770114771.398459,-1.3272,-46.43,250,200,20.0
1770114771.4505777,-1.5175,-49.79,250,200,20.0
1770114771.5031197,-0.7149,-39.66,250,200,20.0
1770114771.556056,-0.8771,-31.90,250,200,20.0
1770114771.6081114,-0.7802,-37.83,250,200,20.0
1770114771.6593647,-1.1299,-61.31,250,200,20.0
1770114771.7208598,-2.0471,-57.49,250,200,20.0
1770114771.7630043,-2.8644,-78.63,250,200,20.0
1770114771.8159697,0.3775,-32.15,-67,200,20.0
1770114771.8687406,0.4188,-39.21,-46,200,20.0
1770114771.9306145,0.6998,-17.69,-250,200,20.0
1770114771.984276,1.2434,37.56,-250,200,20.0
1770114772.0450413,1.2479,33.95,-250,200,20.0
1770114772.1075838,0.9901,17.95,-250,200,20.0
1770114772.1713457,-1.7673,-70.54,250,200,20.0
1770114772.2344291,0.9703,-6.51,-250,416,41.7
1770114772.286298,-0.1373,22.67,-63,200,20.0
1770114772.3469334,-0.6109,13.65,250,209,20.9
1770114772.4001815,-1.0287,14.93,250,200,20.0
1770114772.4611683,-1.4489,-10.38,250,286,28.7
1770114772.5032861,-1.1953,-7.72,250,376,37.7
1770114772.5733242,-1.7115,-36.59,250,200,20.0
1770114772.6653686,-0.3392,42.10,-45,200,20.0
1770114772.7467647,-0.4726,64.09,-106,200,20.0
1770114772.829312,-5.1612,-68.13,250,200,20.0
1770114772.9212341,-22.4842,-85.72,250,200,20.0
1770114773.0028863,0.0000,0.00,0,500,50.0
1770114773.0850272,0.0000,0.00,0,500,50.0
1770114773.1675646,0.0000,0.00,0,500,50.0
1770114773.249985,-8.2226,-76.26,250,200,20.0
1770114773.3423254,9.1306,82.11,-250,200,20.0
1770114773.384365,6.5235,78.78,-250,200,20.0
1770114773.435971,0.0000,0.00,0,500,50.0
1770114773.4880872,0.0000,0.00,0,500,50.0
1770114773.5404608,0.0000,0.00,0,500,50.0
1770114773.602901,-0.1864,-48.92,250,200,20.0
1770114773.6649394,-4.2528,-83.22,250,200,20.0
1770114773.7272885,-7.2136,-88.13,250,200,20.0
1770114773.7894268,0.4713,66.43,-250,200,20.0
1770114773.8615181,0.0127,39.71,-250,200,20.0
1770114773.9334495,-0.5071,20.35,250,200,20.0
1770114774.0071225,-0.7290,9.63,250,311,31.1
1770114774.08794,-0.5381,37.80,160,200,20.0
1770114774.1801872,5.3557,79.85,-250,200,20.0
1770114774.2624326,-0.1599,56.97,-250,200,20.0
1770114774.3561456,-0.8544,24.42,250,200,20.0
1770114774.4382346,-0.6859,35.34,250,200,20.0
1770114774.5308437,-0.6738,8.60,250,346,34.7
1770114774.6126933,0.4666,49.59,-250,200,20.0
1770114774.7044513,-0.2903,27.95,25,200,20.0
1770114774.7859087,-1.5860,-64.09,250,200,20.0
1770114774.867985,-0.2609,5.70,70,440,44.1
1770114774.950992,0.2684,67.19,-250,200,20.0
1770114775.022255,1.2800,76.81,-250,200,20.0
1770114775.094171,0.0694,-1.44,-12,500,50.0
1770114775.1764822,0.1257,-10.97,-5,268,26.9
1770114775.2587283,-0.9451,21.54,250,200,20.0
1770114775.3629012,-0.0330,-4.86,52,462,46.3
1770114775.4668489,-0.1436,-13.30,226,214,21.4
1770114775.572251,-0.0401,-11.63,124,250,25.0
1770114775.6644528,-0.0927,-24.50,250,200,20.0
1770114775.7679925,0.1228,-16.73,28,200,20.0
1770114775.8698602,0.2265,-14.30,-79,202,20.2
1770114775.972096,0.2268,-27.77,27,200,20.0
1770114776.0752912,0.1280,-32.45,149,200,20.0
1770114776.1914284,0.3332,-16.11,-157,200,20.0
1770114776.283725,0.2311,-30.13,42,200,20.0
1770114776.3880374,0.2128,-29.77,55,200,20.0
1770114776.4936252,0.3853,-18.32,-184,200,20.0
1770114776.5877886,0.2900,-23.83,-58,200,20.0
1770114776.691526,0.2750,-25.77,-30,200,20.0
1770114776.7955,0.2698,-21.82,-57,200,20.0
1770114776.8892834,0.2460,-26.06,-2,200,20.0
1770114776.9934146,0.2235,-26.44,19,200,20.0
1770114777.097282,0.2840,-18.54,-95,200,20.0
1770114777.2014923,0.2902,-18.64,-100,200,20.0
1770114777.2954347,0.2631,-20.85,-59,200,20.0
1770114777.398395,0.2370,-22.27,-25,200,20.0
1770114777.502509,0.1783,-28.56,75,200,20.0
1770114777.6077511,0.1959,-23.06,16,200,20.0
1770114777.7019978,0.1859,-22.70,21,200,20.0
1770114777.8057072,0.0864,-32.79,188,200,20.0
1770114777.9096267,0.1143,-27.73,123,200,20.0
1770114778.003158,0.1283,-22.01,65,200,20.0
1770114778.1068292,0.1177,-22.06,75,200,20.0
1770114778.2111475,0.0988,-23.59,103,200,20.0
1770114778.316103,0.1262,-21.63,64,200,20.0
1770114778.4216197,0.0281,-33.82,246,200,20.0
1770114778.5129623,0.0901,-28.62,151,200,20.0
1770114778.6168659,0.1367,-22.43,61,200,20.0
1770114778.7225835,0.0122,-35.38,250,200,20.0
1770114778.8222644,-0.9788,-31.92,250,200,20.0
1770114778.915759,-0.9918,-33.47,250,200,20.0
1770114779.0200393,-1.0814,-39.98,250,200,20.0
1770114779.1235754,-1.0627,-38.45,250,200,20.0
1770114779.2269702,-0.9839,-30.98,250,200,20.0
1770114779.3220203,-0.9938,-32.34,250,200,20.0
1770114779.4255507,-1.0085,-32.71,250,200,20.0
1770114779.5293007,-1.0351,-34.83,250,200,20.0
1770114779.6224158,-1.0419,-34.33,250,200,20.0
1770114779.725901,-1.0505,-36.56,250,200,20.0
1770114779.8299787,-1.0428,-35.05,250,200,20.0
1770114779.9334636,-1.0531,-36.30,250,200,20.0
1770114780.0384178,0.0832,-19.63,85,200,20.0
1770114780.1304798,-1.0419,-35.88,250,200,20.0
1770114780.2342048,-1.0522,-36.80,250,200,20.0
1770114780.337881,-1.0456,-36.14,250,200,20.0
1770114780.441882,-1.0495,-36.05,250,200,20.0
1770114780.53681,-1.0477,-36.37,250,200,20.0
1770114780.641932,0.0708,-22.49,119,200,20.0
1770114780.7461321,0.0319,-26.86,187,200,20.0
1770114780.8514707,0.0639,-22.75,127,200,20.0
1770114780.9421523,-1.0536,-36.50,250,200,20.0
1770114781.047614,0.0570,-24.11,143,200,20.0
1770114781.1502366,-1.0492,-36.13,250,200,20.0
1770114781.2440808,-1.0576,-36.87,250,200,20.0
1770114781.3582633,-1.0557,-37.13,250,200,20.0
1770114781.4518292,0.0687,-22.34,119,200,20.0
1770114781.5557003,0.0863,-20.36,88,200,20.0
1770114781.6605058,0.0401,-25.42,168,200,20.0
1770114781.7534838,-1.0406,-35.35,250,200,20.0
1770114781.8568141,-1.0602,-37.33,250,200,20.0
1770114781.9541116,0.0300,-27.39,193,200,20.0
1770114782.0585663,0.0687,-22.25,118,200,20.0
1770114782.1641626,0.0234,-28.69,209,200,20.0
1770114782.2576518,0.0477,-25.08,159,200,20.0
1770114782.361155,0.0486,-25.63,163,200,20.0
1770114782.4663854,0.0695,-22.54,120,200,20.0
1770114782.570521,0.0792,-21.95,107,200,20.0
1770114782.665239,0.0533,-24.79,152,200,20.0
1770114782.7690022,0.0500,-24.66,154,200,20.0
1770114782.8760185,0.0515,-24.52,151,200,20.0
1770114782.9772327,0.0321,-26.84,187,200,20.0
1770114783.075346,0.0145,-28.72,217,200,20.0
1770114783.1797533,0.0070,-30.09,234,200,20.0
1770114783.2729836,0.0255,-27.74,199,200,20.0
1770114783.3771098,0.0301,-26.57,186,200,20.0
1770114783.4807985,0.0107,-28.53,219,200,20.0
1770114783.5739465,0.0268,-27.95,200,200,20.0
1770114783.677441,-0.0386,-34.41,250,200,20.0
1770114783.78107,0.0502,-25.27,158,200,20.0
1770114783.885447,0.0184,-27.89,207,200,20.0
1770114783.9813213,0.0269,-27.75,198,200,20.0
1770114784.0857236,0.0087,-30.51,236,200,20.0
1770114784.189595,0.0269,-23.55,165,200,20.0
1770114784.2833607,-0.0498,-24.89,241,200,20.0
1770114784.387828,-0.1896,-31.75,250,200,20.0
1770114784.4924107,-0.2243,-31.51,250,200,20.0
1770114784.5970206,-0.2403,-29.76,250,200,20.0
1770114784.6911747,-0.2793,-30.82,250,200,20.0
1770114784.7952614,-0.2868,-27.83,250,200,20.0
1770114784.8895907,-0.3349,-24.86,250,200,20.0
1770114785.0056908,-0.4139,-27.94,250,200,20.0
1770114785.0964847,-0.4131,-25.23,250,200,20.0
1770114785.2010045,1.1642,-1.10,-250,500,50.0
1770114785.2959325,1.1046,-0.08,-250,500,50.0
1770114785.3992038,1.0449,4.47,-250,471,47.2
1770114785.502346,0.8194,-4.93,-250,461,46.1
1770114785.6075664,0.8081,-5.02,-250,458,45.9
1770114785.7134318,0.8030,-6.51,-250,416,41.7
1770114785.8041546,0.9177,-8.51,-250,349,35.0
1770114785.9078913,1.0869,-8.31,-250,356,35.7
1770114786.0099936,1.2250,-1.88,-250,500,50.0
1770114786.1142206,-0.3095,-29.47,250,200,20.0
1770114786.2076626,-0.1675,-29.71,250,200,20.0
1770114786.310296,-0.0609,-27.25,250,200,20.0
1770114786.4149773,0.0074,-17.78,135,200,20.0
1770114786.5192704,-0.0246,-23.16,206,200,20.0
1770114786.612611,-0.0559,-25.99,250,200,20.0
1770114786.7178283,-0.0271,-22.58,203,200,20.0
1770114786.811719,-0.0982,-23.35,250,200,20.0
1770114786.915419,-0.1404,-23.39,250,200,20.0
1770114787.0215104,-0.1431,-18.04,250,200,20.0
1770114787.1254575,-0.1831,-19.42,250,200,20.0
1770114787.218422,-0.3492,-26.23,250,200,20.0
1770114787.3231533,1.2999,6.96,-250,402,40.2
1770114787.427418,1.2358,6.39,-250,420,42.1
1770114787.5207703,1.1641,4.22,-250,476,47.7
1770114787.626098,1.0373,5.97,-250,433,43.3
1770114787.7300036,1.0093,6.00,-250,432,43.2
1770114787.8353064,1.1153,4.09,-250,479,47.9
1770114787.9274056,1.2657,6.25,-250,424,42.5
1770114788.0314658,-0.3237,-32.17,250,200,20.0
1770114788.1347213,-0.1451,-27.67,250,200,20.0
1770114788.2386937,-0.1122,-37.34,250,200,20.0
1770114788.3432024,-0.0598,-27.91,250,200,20.0
1770114788.4378803,-0.2160,-46.88,250,200,20.0
1770114788.5429559,-0.1269,-30.95,250,200,20.0
1770114788.6354456,-0.1459,-27.25,250,200,20.0
1770114788.740705,-0.2067,-29.29,250,200,20.0
1770114788.843473,-0.2459,-30.62,250,200,20.0
1770114788.9486673,-0.2426,-28.99,250,200,20.0
1770114789.042336,-0.3273,-31.91,250,200,20.0
1770114789.1463032,1.2622,-2.44,-250,498,49.9
1770114789.2494822,1.1856,-2.87,-250,496,49.6
1770114789.353638,1.1926,-0.53,-250,500,50.0
1770114789.447011,1.0483,7.34,-250,389,39.0
1770114789.5505245,1.0464,5.08,-250,457,45.7
1770114789.6540256,1.1658,8.77,-250,340,34.1
1770114789.7579467,1.3055,2.59,-250,498,49.8
1770114789.8508031,-0.3846,-40.77,250,200,20.0
1770114789.9547594,-0.1184,-32.82,250,200,20.0
1770114790.0577364,-0.0900,-33.65,250,200,20.0
1770114790.1616268,-0.0562,-32.10,250,200,20.0
1770114790.2653599,-0.0542,-30.87,250,200,20.0
1770114790.358614,-0.0442,-31.13,250,200,20.0
1770114790.4621787,-0.0603,-29.21,250,200,20.0
1770114790.5655835,-0.1563,-30.74,250,200,20.0
1770114790.6588674,-0.2353,-31.29,250,200,20.0
1770114790.7632837,-0.2827,-29.37,250,200,20.0
1770114790.8670635,-0.2861,-26.64,250,200,20.0
1770114790.9706178,-0.3375,-28.15,250,200,20.0
1770114791.074607,1.2872,-8.26,-250,358,35.8
1770114791.1680024,1.2042,-9.85,-250,303,30.4
1770114791.2722704,1.1830,-7.74,-250,376,37.6
1770114791.3758698,1.1248,-4.42,-250,472,47.3
1770114791.4849536,1.1231,-2.69,-250,497,49.8
1770114791.57648,1.3096,6.09,-250,429,43.0
1770114791.6801085,-0.1716,-3.92,95,482,48.2
1770114791.7836533,-0.0838,-1.97,44,500,50.0
1770114791.8765588,0.0412,-2.49,5,498,49.9
1770114791.9798758,0.2047,7.62,-173,380,38.0
1770114792.0832372,0.1836,10.17,-209,293,29.4
1770114792.1864436,0.1698,8.98,-178,333,33.4
1770114792.2898326,0.3006,14.63,-250,200,20.1
1770114792.3935585,0.3906,13.24,-250,215,21.5
1770114792.486386,0.6308,23.36,-250,200,20.0
1770114792.5907006,0.6189,25.16,-250,200,20.0
1770114792.6949177,0.7547,26.09,-250,200,20.0
1770114792.7870758,0.8869,33.76,-250,200,20.0
1770114792.890161,1.0588,40.02,-250,200,20.0
1770114792.9942641,0.0685,44.45,-250,200,20.0
1770114793.0972362,0.1467,43.32,-250,200,20.0
1770114793.2018473,0.0377,25.14,-233,200,20.0
1770114793.295521,0.1008,26.99,-250,200,20.0
1770114793.3987648,0.1506,26.32,-250,200,20.0
1770114793.503298,0.2303,27.27,-250,200,20.0
1770114793.6059275,0.3065,24.68,-250,200,20.0
1770114793.698206,0.3796,26.51,-250,200,20.0
1770114793.8016212,0.4462,25.81,-250,200,20.0
1770114793.9058967,0.5109,23.99,-250,200,20.0
1770114794.0089056,0.5616,22.61,-250,200,20.0
1770114794.1139393,0.6396,26.38,-250,200,20.0
1770114794.205434,0.7338,30.49,-250,200,20.0
1770114794.3088243,0.8226,33.27,-250,200,20.0
1770114794.4121046,0.9110,34.88,-250,200,20.0
1770114794.5186121,0.9662,33.66,-250,200,20.0
1770114794.6103747,1.0820,38.17,-250,200,20.0
1770114794.713959,1.1684,39.77,-250,200,20.0
1770114794.8179035,1.2351,40.52,-250,200,20.0
1770114794.9223375,1.3452,43.08,-250,200,20.0
1770114795.0261095,1.3957,41.00,-250,200,20.0
1770114795.118149,1.5304,46.13,-250,200,20.0
1770114795.221514,1.6224,47.80,-250,200,20.0
1770114795.3249366,1.6518,46.04,-250,200,20.0
1770114795.429045,1.7838,50.13,-250,200,20.0
1770114795.5238094,1.8470,50.31,-250,200,20.0
1770114795.6284587,1.9108,50.48,-250,200,20.0
1770114795.732372,0.1204,27.58,-250,200,20.0
1770114795.8351295,0.2344,31.86,-250,200,20.0
1770114795.9282303,0.3194,33.54,-250,200,20.0
1770114796.032244,0.4022,34.67,-250,200,20.0
1770114796.1356144,0.4524,32.72,-250,200,20.0
1770114796.2389116,-1.1804,19.98,250,200,20.0
1770114796.3321903,-1.1290,19.91,250,200,20.0
1770114796.4359665,-1.0933,14.88,250,200,20.0
1770114796.5398505,-1.0783,13.88,250,206,20.6
1770114796.6441767,-1.0995,13.61,250,209,21.0
1770114796.736584,-1.1172,18.75,250,200,20.0
1770114796.840885,-1.1510,21.33,250,200,20.0
1770114796.9442089,-1.2727,18.36,250,200,20.0
1770114797.0482695,0.3443,38.43,-250,200,20.0
1770114797.1406898,0.3451,42.84,-250,200,20.0
1770114797.244294,0.3161,47.09,-250,200,20.0
1770114797.3476584,0.2980,51.18,-250,200,20.0
1770114797.4517846,0.3339,54.55,-250,200,20.0
1770114797.555031,0.3169,52.77,-250,200,20.0
1770114797.6477673,-1.4621,36.89,250,200,20.0
1770114797.7525656,-1.4161,37.89,250,200,20.0
1770114797.854614,-1.3916,37.55,250,200,20.0
1770114797.958016,-1.3881,38.43,250,200,20.0
1770114798.0615406,-1.4517,38.47,250,200,20.0
1770114798.1549647,0.3001,53.87,-250,200,20.0
1770114798.2584271,1.8856,56.14,-250,200,20.0
1770114798.3617938,1.8019,56.61,-250,200,20.0
1770114798.4651458,1.7124,56.68,-250,200,20.0
1770114798.5688355,1.6357,55.38,-250,200,20.0
1770114798.6618924,1.6175,53.06,-250,200,20.0
1770114798.7650068,1.6105,52.16,-250,200,20.0
1770114798.8682368,1.6451,52.62,-250,200,20.0
1770114798.971692,1.8923,60.21,-250,200,20.0
1770114799.0751345,1.8192,57.28,-250,200,20.0
1770114799.1683915,1.8676,57.98,-250,200,20.0
1770114799.271625,1.9083,58.23,-250,200,20.0
1770114799.3750367,0.2028,56.08,-250,200,20.0
1770114799.4791415,0.2382,56.25,-250,200,20.0
1770114799.572385,0.2373,55.10,-250,200,20.0
1770114799.675744,0.2803,55.25,-250,200,20.0
1770114799.7789826,0.2945,54.45,-250,200,20.0
1770114799.8823707,0.3182,53.82,-250,200,20.0
1770114799.986123,0.3356,53.55,-250,200,20.0
1770114800.0789034,0.3297,51.81,-250,200,20.0
1770114800.1832433,0.3080,49.63,-250,200,20.0
1770114800.2864876,0.3208,48.73,-250,200,20.0
1770114800.38981,0.3194,47.20,-250,200,20.0
1770114800.4832544,-1.6337,6.36,250,421,42.1
1770114800.586704,-1.5941,8.44,250,351,35.2
1770114800.6900048,-1.3969,21.26,250,200,20.0
1770114800.792902,-1.6564,5.77,250,438,43.9
1770114800.896379,0.1369,40.29,-250,200,20.0
1770114800.9893131,-0.0149,35.41,-250,200,20.0
1770114801.0940435,-0.1032,31.32,-161,200,20.0
1770114801.199284,1.7728,58.20,-250,200,20.0
1770114801.3050227,1.7417,59.30,-250,200,20.0
1770114801.3968298,1.6981,54.91,-250,200,20.0
1770114801.5006518,1.6743,54.62,-250,200,20.0
1770114801.6046617,1.7305,57.94,-250,200,20.0
1770114801.7101023,1.4530,40.39,-250,200,20.0
1770114801.801956,1.5067,43.77,-250,200,20.0
1770114801.905919,1.5639,45.59,-250,200,20.0
1770114802.0086887,1.7405,52.81,-250,200,20.0
1770114802.1121247,1.7508,52.26,-250,200,20.0
1770114802.2177792,1.7337,50.67,-250,200,20.0
1770114802.3104274,-0.4788,-21.43,250,200,20.0
1770114802.4143062,-0.4688,-25.19,250,200,20.0
1770114802.5170684,-0.4719,-29.33,250,200,20.0
1770114802.6209934,0.1480,40.78,-250,200,20.0
1770114802.7138305,1.8555,58.28,-250,200,20.0
1770114802.8173535,1.7194,56.68,-250,200,20.0
1770114802.9207497,1.5328,50.02,-250,200,20.0
1770114803.0249696,1.4996,48.87,-250,200,20.0
1770114803.1173189,-0.7669,-44.41,250,200,20.0
1770114803.220644,-0.8141,-51.74,250,200,20.0
1770114803.324076,-0.2856,1.07,89,500,50.0
1770114803.4274049,-0.2849,-6.89,199,404,40.4
1770114803.5310252,-0.2740,-11.28,250,259,26.0
1770114803.6236923,-0.6965,-48.89,250,200,20.0
1770114803.7262661,-0.5167,-44.11,250,200,20.0
1770114803.830002,-0.4859,-41.11,250,200,20.0
1770114803.9333613,1.2240,42.79,-250,200,20.0
1770114804.0373962,0.7827,25.51,-250,200,20.0
1770114804.129997,0.7018,23.24,-250,200,20.0
1770114804.2333915,0.7426,24.57,-250,200,20.0
1770114804.337941,0.8675,31.46,-250,200,20.0
1770114804.4417586,-1.1298,1.02,250,500,50.0
1770114804.53449,-1.0497,2.78,250,496,49.7
1770114804.638495,-0.7881,14.55,250,201,20.1
1770114804.7414262,-0.6449,22.30,250,200,20.0
1770114804.8346477,-0.6910,23.22,250,200,20.0
1770114804.9279127,-0.8894,10.19,250,292,29.3
1770114805.021324,-0.9041,10.21,250,292,29.2
1770114805.1154907,-0.8337,15.75,250,200,20.0
1770114805.2092824,-0.9608,10.80,250,273,27.4
1770114805.2920966,-0.8853,33.16,250,200,20.0
1770114805.3858652,-1.1100,1.27,250,500,50.0
1770114805.4929423,-1.0952,6.85,250,405,40.6
1770114805.5824227,-1.2066,-1.75,250,500,50.0
1770114805.6868296,-1.0358,9.13,250,328,32.8
1770114805.7910604,-1.2938,7.83,250,373,37.3
1770114805.8943505,-1.1310,-4.40,250,473,47.3
1770114805.9864633,-0.0450,-16.04,167,200,20.0
1770114806.0899143,0.3075,2.52,-126,498,49.9
1770114806.194411,0.2700,-9.71,-103,308,30.9
1770114806.2980351,0.2856,-8.40,-102,353,35.3
1770114806.40217,0.3470,16.98,-250,200,20.0
1770114806.4956188,0.4139,21.45,-250,200,20.0
1770114806.6003084,0.0812,4.53,-68,470,47.0
1770114806.7034283,0.1226,9.23,-152,324,32.5
1770114806.7956543,-0.2016,9.15,55,327,32.8
1770114806.887716,-0.0701,15.57,-64,200,20.0
1770114806.9810898,-0.0067,20.50,-158,200,20.0
1770114807.076421,-0.0082,16.60,-125,200,20.0
1770114807.159899,-0.0410,14.76,-82,200,20.0
1770114807.253504,0.0074,15.20,-127,200,20.0
1770114807.335582,-0.1087,4.55,6,469,47.0
1770114807.42927,-0.2032,0.54,65,500,50.0
1770114807.5131526,0.1049,10.43,-158,285,28.5
1770114807.6058807,-0.2232,-8.29,197,357,35.7
1770114807.6988285,-0.2227,-10.08,235,296,29.6
1770114807.7922816,-0.2232,-12.09,250,238,23.8
1770114807.8964915,-0.0292,-6.37,64,421,42.1
1770114807.9905915,-0.1224,-7.75,130,375,37.6
1770114808.093901,-0.0716,-6.43,86,419,41.9
1770114808.1975868,-0.0531,-5.48,66,446,44.7
1770114808.3009253,-0.1176,-9.01,146,332,33.2
1770114808.3939757,-0.1707,-13.41,250,212,21.2
1770114808.497623,-0.3331,-20.08,250,200,20.0
1770114808.6007133,-0.1630,-14.74,250,200,20.0
1770114808.7051322,-0.0096,36.38,-250,200,20.0
1770114808.7981248,-0.0694,30.25,-182,200,20.0
1770114808.9011962,-0.0845,38.35,-234,200,20.0
1770114809.00439,-0.1812,22.31,-22,200,20.0
1770114809.1080396,-0.1652,19.34,-12,200,20.0
1770114809.2121804,-0.1473,16.05,-1,200,20.0
1770114809.3048966,0.0019,13.54,-109,210,21.0
1770114809.4077823,-0.0858,-36.52,250,200,20.0
1770114809.510962,-0.0764,-42.74,250,200,20.0
1770114809.6149693,-0.0762,-44.76,250,200,20.0
1770114809.7192671,-0.0224,-44.40,250,200,20.0
1770114809.8102102,-0.1083,-48.97,250,200,20.0
1770114809.9145553,-0.1194,-50.29,250,200,20.0
1770114810.0177538,-0.1655,-51.92,250,200,20.0
1770114810.1197584,-0.0180,-34.57,250,200,20.0
1770114810.2234452,-0.0097,-34.37,250,200,20.0
1770114810.3270805,0.0214,-34.56,250,200,20.0
1770114810.420266,-0.0616,-47.95,250,200,20.0
1770114810.5232432,0.1991,-30.14,69,200,20.0
1770114810.6265562,0.1059,-43.16,250,200,20.0
1770114810.7202353,0.1544,-39.55,183,200,20.0
1770114810.8245716,0.1756,-36.81,143,200,20.0
1770114810.9283414,0.1726,-31.71,105,200,20.0
1770114811.0320382,0.1932,-25.11,34,200,20.0
1770114811.1365666,0.2714,3.33,-124,491,49.1
1770114811.2435265,0.2581,8.17,-215,361,36.1
1770114811.3322852,0.0242,5.29,-52,451,45.2
1770114811.4373796,-0.1371,-36.31,250,200,20.0
1770114811.541284,-0.1059,-33.12,250,200,20.0
1770114811.6455972,0.0688,-32.40,200,200,20.0
1770114811.7403026,0.2069,-28.78,52,200,20.0
1770114811.8443124,0.2179,-29.63,49,200,20.0
1770114811.9476416,0.2113,-33.35,85,200,20.0
1770114812.0397766,0.2480,-17.97,-69,200,20.0
1770114812.142918,0.3448,1.45,-130,500,50.0
1770114812.2472854,0.2964,3.81,-140,484,48.4
1770114812.349943,0.4157,-2.16,-125,499,50.0
1770114812.4431899,0.4369,-5.88,-151,435,43.6
1770114812.5459635,0.5757,-21.05,-250,200,20.0
1770114812.6479814,-0.1397,-57.80,250,200,20.0
1770114812.7526326,0.1116,-56.40,250,200,20.0
1770114812.8548741,-0.1868,-5.91,132,435,43.5
1770114812.9482417,-0.1626,-8.08,158,364,36.4
1770114813.052338,-0.2168,-16.08,250,200,20.0
1770114813.154701,0.4152,-52.24,61,200,20.0
1770114813.2585478,0.4494,-45.52,-22,200,20.0
1770114813.3619325,0.3681,-47.75,65,200,20.0
1770114813.465185,0.4116,-47.04,22,200,20.0
1770114813.5576618,0.4973,-44.08,-74,200,20.0
1770114813.6618946,0.4902,-48.40,-34,200,20.0
1770114813.7645657,0.6045,-45.39,-156,200,20.0
1770114813.86997,0.7173,-38.14,-250,200,20.0
1770114813.962949,0.8097,-37.41,-250,200,20.0
1770114814.064636,0.5476,-63.50,37,200,20.0
1770114814.1677501,0.5421,-63.22,39,200,20.0
1770114814.270184,0.5538,-64.00,36,200,20.0
1770114814.3632522,0.6246,-62.47,-36,200,20.0
1770114814.4655418,-0.7516,-51.49,250,200,20.0
1770114814.5680513,-0.8613,-56.77,250,200,20.0
1770114814.6716495,0.6363,-62.98,-42,200,20.0
1770114814.7734468,-0.6028,-48.34,250,200,20.0
1770114814.8759499,-0.4487,-12.93,250,220,22.0
1770114814.968374,-0.7399,-50.40,250,200,20.0
1770114815.0711417,-0.4189,-13.59,250,209,21.0
1770114815.1740603,-0.7734,-50.63,250,200,20.0
1770114815.2763872,-0.8140,-51.28,250,200,20.0
1770114815.3805997,0.5689,-65.81,37,200,20.0
1770114815.483551,0.5898,-63.68,2,200,20.0
1770114815.5868297,0.7254,-52.60,-202,200,20.0
1770114815.6905365,0.8559,-28.61,-250,200,20.0
1770114815.7828557,0.8658,-25.22,-250,200,20.0
1770114815.8850453,0.8602,-26.59,-250,200,20.0
1770114815.9886148,-0.6263,16.80,250,200,20.0
1770114816.0914795,-0.5209,-12.95,250,219,22.0
1770114816.194683,-0.8175,17.53,250,200,20.0
1770114816.2977664,-0.8619,11.18,250,262,26.2
1770114816.3915038,-1.0975,-8.98,250,333,33.3
1770114816.4965625,0.1394,-57.93,250,200,20.0
1770114816.5991957,0.1361,-52.21,250,200,20.0
1770114816.7037024,0.5285,6.96,-250,402,40.2
1770114816.7966046,0.3921,9.68,-250,309,31.0
1770114816.901966,0.3480,10.62,-250,279,27.9
1770114817.0049272,0.3755,10.15,-250,294,29.4
1770114817.1090052,0.3447,7.35,-242,389,38.9
1770114817.2121427,0.3635,4.49,-178,471,47.1
1770114817.307167,0.3711,8.69,-250,343,34.3
1770114817.4100752,0.5179,14.45,-250,201,20.2
1770114817.5135078,0.4598,8.07,-250,364,36.5
1770114817.6172209,0.3581,4.68,-180,466,46.7
1770114817.72299,0.4638,11.72,-250,247,24.8
1770114817.814097,0.3636,8.20,-250,360,36.0
1770114817.9179661,0.4845,9.64,-250,310,31.1
1770114818.021774,0.3921,-4.52,-118,470,47.1
1770114818.125423,0.4530,7.38,-250,388,38.8
1770114818.2185748,0.3591,5.14,-191,455,45.6
1770114818.3227806,0.5017,13.32,-250,213,21.4
1770114818.425933,0.3733,7.22,-250,393,39.4
1770114818.5305796,0.4732,8.04,-250,365,36.6
1770114818.6256542,0.4984,10.46,-250,284,28.4
1770114818.7300117,0.5055,11.77,-250,246,24.6
1770114818.8227525,0.3410,4.34,-166,474,47.4
1770114818.9265125,0.4003,2.08,-154,499,50.0
1770114819.0306952,0.3889,9.36,-250,320,32.0
1770114819.135581,0.4076,-6.42,-145,419,41.9
1770114819.231558,0.4762,9.12,-250,328,32.9
1770114819.336836,0.3559,5.51,-199,446,44.6
1770114819.4301617,0.3308,5.92,-198,434,43.5
1770114819.5366306,0.4329,2.46,-169,498,49.9
1770114819.640116,0.2550,-7.71,-79,377,37.7
1770114819.7438507,0.4363,3.39,-184,490,49.0
1770114819.8392031,0.3379,2.50,-136,498,49.9
1770114819.9425597,0.4268,6.07,-246,430,43.0
1770114820.046124,0.4616,5.03,-231,458,45.9
1770114820.1497967,0.4916,9.36,-250,320,32.0
1770114820.2437706,0.4843,9.94,-250,301,30.1
1770114820.3473766,0.3100,5.67,-182,441,44.2
1770114820.4509702,0.3186,2.38,-128,499,49.9
1770114820.5543432,0.4559,8.93,-250,335,33.5
1770114820.6481214,0.4780,8.15,-250,362,36.2
1770114820.751502,0.3453,6.43,-217,419,41.9
1770114820.8575544,0.3499,6.03,-209,431,43.1
1770114820.9516973,0.4654,7.44,-250,386,38.6
1770114821.055353,0.4884,8.43,-250,352,35.2
1770114821.1588554,0.4892,9.38,-250,319,32.0
1770114821.262895,0.2823,-6.33,-84,422,42.2
1770114821.3558927,0.4988,9.18,-250,326,32.6
1770114821.4594982,0.5031,10.01,-250,298,29.9
1770114821.563201,0.4643,8.39,-250,353,35.4
1770114821.6664386,0.3251,2.92,-137,495,49.6
1770114821.7596428,0.4714,10.31,-250,288,28.9
1770114821.8631046,0.4650,7.01,-250,400,40.1
1770114821.966485,0.4659,9.21,-250,325,32.6
1770114822.0698688,0.4398,3.29,-183,491,49.2
1770114822.173679,0.4990,10.42,-250,285,28.6
1770114822.269535,0.5162,12.02,-250,240,24.0
1770114822.3725028,0.3982,4.66,-196,467,46.7
1770114822.4761825,0.4689,6.13,-250,428,42.9
1770114822.5805845,0.3676,8.38,-250,354,35.4
1770114822.6729724,0.3588,2.85,-148,496,49.6
1770114822.7762506,0.4925,7.79,-250,374,37.4
1770114822.8796203,0.3477,4.38,-170,473,47.3
1770114822.9834654,0.3266,3.35,-144,490,49.1
1770114823.0764072,0.3129,0.41,-110,500,50.0
1770114823.1831093,0.4470,3.80,-196,484,48.4
1770114823.2873614,0.3851,2.36,-151,499,49.9
1770114823.3903453,0.3836,-5.61,-124,443,44.3
1770114823.4834316,0.3508,4.12,-166,478,47.9
1770114823.5867915,0.4452,3.90,-197,482,48.3
1770114823.692158,0.4047,7.09,-250,397,39.8
1770114823.785194,0.4316,6.23,-250,425,42.5
1770114823.888463,0.4782,6.30,-250,423,42.3
1770114823.9917972,0.4198,3.71,-184,485,48.6
1770114824.0956788,0.3561,0.17,-123,500,50.0
1770114824.1996403,0.4166,4.78,-206,464,46.5
1770114824.2926905,0.5037,10.15,-250,294,29.4
1770114824.3959987,0.2874,0.01,-98,500,50.0
1770114824.4993217,0.2822,2.65,-119,497,49.8
1770114824.603254,0.4822,8.07,-250,364,36.5
1770114824.6965244,0.3117,1.69,-120,500,50.0
1770114824.7996926,0.3265,0.71,-117,500,50.0
1770114824.9031355,0.4340,5.23,-225,453,45.4
1770114825.0089767,0.4549,0.80,-162,500,50.0
1770114825.1031883,0.4953,7.65,-250,379,37.9
1770114825.2068977,0.4563,5.93,-250,434,43.4
1770114825.3101463,0.4505,4.97,-225,460,46.0
1770114825.4133313,0.3494,5.66,-200,441,44.2
1770114825.5168257,0.3222,2.09,-127,499,50.0
1770114825.6099305,0.4221,5.96,-240,433,43.4
1770114825.7131677,0.3587,5.90,-210,435,43.5
1770114825.8166528,0.3639,6.97,-242,401,40.2
1770114825.9211037,0.4627,7.48,-250,385,38.5
1770114826.0147293,0.3165,4.00,-151,480,48.1
1770114826.1188548,0.4430,5.30,-231,451,45.2
1770114826.2232716,0.4730,11.64,-250,249,25.0
1770114826.3261209,0.4603,6.17,-250,427,42.7
1770114826.431527,0.4948,8.44,-250,352,35.2
1770114826.523693,0.4085,6.51,-250,416,41.7
1770114826.6264706,0.3569,4.68,-180,467,46.7
1770114826.7306995,0.4506,7.92,-250,369,37.0
1770114826.83387,0.4881,6.85,-250,406,40.6
1770114826.9267893,0.4849,8.38,-250,354,35.4
1770114827.0300548,0.4674,7.94,-250,369,36.9
1770114827.133269,0.3162,1.16,-118,500,50.0
1770114827.2369702,0.3887,-3.29,-112,491,49.2
1770114827.3412383,0.4717,7.59,-250,381,38.1
1770114827.433821,0.3028,3.18,-133,493,49.3
1770114827.5377085,0.3332,4.04,-158,480,48.0
1770114827.6410272,0.3115,2.87,-132,496,49.6
1770114827.7451808,0.4134,-4.13,-124,478,47.9
1770114827.8380036,0.3691,6.98,-245,401,40.2
1770114827.9413013,0.4166,-1.63,-130,500,50.0
1770114828.0476513,0.4573,6.49,-250,417,41.7
1770114828.1505737,0.3377,5.18,-183,454,45.5
1770114828.244289,0.3284,3.93,-154,482,48.2
1770114828.3476233,0.3510,4.79,-180,464,46.4
1770114828.4510055,0.3791,-6.80,-136,407,40.7
1770114828.5547898,0.3271,3.87,-152,483,48.3
1770114828.6482658,0.4717,10.21,-250,292,29.2
1770114828.7518306,0.3723,7.89,-250,370,37.1
1770114828.8553858,0.4577,3.64,-196,486,48.7
1770114828.959164,0.3329,3.63,-150,487,48.7
1770114829.051975,0.4334,3.45,-184,489,49.0
1770114829.1553996,0.4032,-5.78,-134,438,43.9
1770114829.259264,0.5157,8.52,-250,349,34.9
1770114829.36298,0.2653,-8.54,-91,348,34.9
1770114829.4664657,0.2759,-1.00,-86,500,50.0
1770114829.559079,0.2952,-4.69,-80,466,46.7
1770114829.6623504,0.3538,2.70,-144,497,49.8
1770114829.7662506,0.4538,3.87,-200,483,48.3
1770114829.869449,0.4969,7.66,-250,378,37.9
1770114829.967441,0.5188,7.22,-250,393,39.4
1770114830.071418,0.3314,1.84,-128,500,50.0
1770114830.163954,0.3491,4.22,-167,476,47.7
1770114830.267813,0.3339,5.06,-179,457,45.8
1770114830.371218,0.2896,-8.59,-107,347,34.7
1770114830.4748716,0.4414,5.98,-250,432,43.3
1770114830.579611,0.4793,7.44,-250,386,38.6
1770114830.671997,0.3731,-10.90,-188,270,27.1
1770114830.7754428,0.3295,2.69,-136,497,49.8
1770114830.878904,0.4755,9.91,-250,301,30.2
1770114830.9831183,0.3356,3.19,-144,492,49.3
1770114831.0860577,0.3026,2.64,-126,497,49.8
1770114831.1789818,0.4862,7.07,-250,398,39.9
1770114831.2823565,0.3573,6.91,-237,403,40.4
1770114831.385648,0.3250,2.08,-128,499,50.0
1770114831.4890556,0.2589,-8.69,-89,343,34.3
1770114831.5925891,0.4470,6.08,-250,429,43.0
1770114831.6856441,0.4498,5.11,-228,456,45.7
1770114831.7889352,0.3407,4.40,-168,473,47.3
1770114831.8921554,0.3668,6.93,-242,403,40.3
1770114831.996098,0.3087,5.15,-170,455,45.6
1770114832.0994701,0.3138,2.69,-130,497,49.8
1770114832.1926897,0.3038,3.85,-143,483,48.3
1770114832.2959785,0.4557,5.15,-232,455,45.6
1770114832.3993216,0.4401,6.79,-250,407,40.8
1770114832.5027957,0.4889,9.20,-250,325,32.6
1770114832.595932,0.3056,-3.79,-82,484,48.5
1770114832.6993065,0.3847,6.21,-230,426,42.6
1770114832.8026578,0.4607,4.21,-210,476,47.7
1770114832.9060633,0.3761,6.38,-231,420,42.1
1770114833.0094879,0.4857,5.82,-250,437,43.8
1770114833.1029918,0.2903,0.56,-104,500,50.0
1770114833.2063196,0.4509,7.16,-250,395,39.6
1770114833.3098912,0.3945,10.24,-250,291,29.1
1770114833.4140217,0.4505,7.33,-250,390,39.0
1770114833.5176194,0.3464,8.65,-250,344,34.5
1770114833.6105342,0.3556,8.17,-250,361,36.2
1770114833.7133737,0.3928,10.78,-250,274,27.4
1770114833.8170896,0.3379,7.41,-240,387,38.7
1770114833.9208212,0.3547,6.38,-221,420,42.1
1770114834.0243566,0.3786,8.60,-250,346,34.6
1770114834.1173775,0.3878,9.28,-250,323,32.3
1770114834.2203496,0.3642,10.24,-250,291,29.1
1770114834.3240566,0.4880,10.74,-250,275,27.6
1770114834.4279244,0.3793,7.50,-250,384,38.4
1770114834.5201597,0.4506,11.86,-250,243,24.4
1770114834.6235788,0.4383,10.40,-250,286,28.6
1770114834.727024,0.4924,12.41,-250,231,23.1
1770114834.830315,0.3898,6.42,-239,419,41.9
1770114834.933907,0.4234,7.16,-250,395,39.6
1770114835.037414,0.3333,3.20,-144,492,49.3
1770114835.1308339,0.3564,7.28,-247,391,39.2
1770114835.233308,0.3793,8.33,-250,356,35.6
1770114835.3371737,0.3926,10.01,-250,298,29.9
1770114835.4410017,0.3453,8.58,-250,347,34.7
1770114835.5338676,0.3590,5.94,-211,434,43.4
1770114835.6396298,0.3716,7.56,-250,382,38.2
1770114835.744919,0.4930,12.93,-250,220,22.0
1770114835.8373444,0.3726,5.99,-219,432,43.2
1770114835.9408166,0.4702,7.90,-250,370,37.1
1770114836.0441606,0.4014,5.58,-221,444,44.4
1770114836.1483727,0.3779,10.09,-250,296,29.6
1770114836.2520802,0.3604,6.48,-226,417,41.8
1770114836.3461447,0.3618,7.68,-250,378,37.8
1770114836.4495466,0.3670,8.97,-250,333,33.4
1770114836.552969,0.5074,16.43,-250,200,20.0
1770114836.6566417,0.4723,11.28,-250,259,26.0
1770114836.7497592,0.3617,8.17,-250,361,36.1
1770114836.853081,0.4362,11.22,-250,261,26.1
1770114836.9558856,0.5011,15.88,-250,200,20.0
1770114837.059826,0.3510,9.77,-250,306,30.6
1770114837.163666,0.3347,5.55,-191,444,44.5
1770114837.2567668,0.3306,4.63,-168,468,46.8
1770114837.360086,0.3952,11.80,-250,245,24.6
1770114837.4634864,0.3836,11.96,-250,241,24.2
1770114837.5673587,0.3796,12.16,-250,236,23.7
1770114837.6600993,0.3883,10.63,-250,278,27.9
1770114837.7635174,0.4906,13.87,-250,206,20.6
1770114837.867436,0.4188,7.99,-250,367,36.8
1770114837.971458,0.4503,7.65,-250,379,37.9
1770114838.0744102,0.4764,9.46,-250,316,31.7
1770114838.167669,0.4215,6.98,-250,401,40.2
1770114838.275059,0.3309,5.58,-190,444,44.4
1770114838.378697,0.3805,10.30,-250,289,28.9
1770114838.4737978,0.4132,8.69,-250,343,34.3
1770114838.5773158,0.3474,6.14,-211,427,42.8
1770114838.6830688,0.3590,6.82,-235,406,40.7
1770114838.775545,0.4052,6.95,-250,402,40.3
1770114838.879117,0.4449,10.28,-250,289,29.0
1770114838.982529,0.3652,9.93,-250,301,30.1
1770114839.086498,0.3390,6.07,-205,430,43.0
1770114839.1798913,0.3595,8.71,-250,342,34.3
1770114839.286407,0.3496,8.94,-250,334,33.5
1770114839.3906665,0.3514,6.43,-221,419,41.9
1770114839.4840705,0.3944,11.45,-250,254,25.5
1770114839.5900629,0.3691,8.20,-250,360,36.0
1770114839.695175,0.3580,5.77,-206,439,43.9
1770114839.78825,0.4455,9.11,-250,329,32.9
1770114839.891866,0.4396,9.48,-250,316,31.6
1770114839.9949377,0.4484,7.57,-250,381,38.2
1770114840.0985456,0.4657,6.38,-250,420,42.1
1770114840.2022724,0.3647,9.34,-250,321,32.1
1770114840.2952511,0.3512,5.89,-206,435,43.5
1770114840.3986251,0.3563,7.75,-250,375,37.6
1770114840.5023344,0.4779,9.70,-250,308,30.9
1770114840.605978,0.3663,4.87,-188,462,46.3
1770114840.700159,0.3637,6.44,-227,418,41.9
1770114840.803852,0.3246,2.53,-132,498,49.9
1770114840.9068024,0.3711,9.70,-250,308,30.9
1770114841.0104623,0.3506,3.26,-151,492,49.2
1770114841.1037483,0.4788,10.62,-250,279,27.9
1770114841.207111,0.3672,7.71,-250,377,37.7
1770114841.3106203,0.3877,11.92,-250,242,24.3
1770114841.4155078,0.3981,11.34,-250,257,25.8
1770114841.518463,0.3714,7.25,-250,392,39.3
1770114841.6115792,0.4696,13.65,-250,209,20.9
1770114841.7148223,0.4400,8.25,-250,358,35.9
1770114841.8186097,0.3486,4.36,-170,473,47.4
1770114841.922104,0.3654,6.97,-242,401,40.2
1770114842.0161388,0.5674,13.38,-250,212,21.3
1770114842.1191454,-0.1063,-29.77,250,200,20.0
1770114842.2229335,-0.0780,-29.29,250,200,20.0
1770114842.3256457,0.1258,-47.64,250,200,20.0
1770114842.4295025,-0.0563,-24.10,241,200,20.0
1770114842.5223734,-0.0907,-26.76,250,200,20.0
1770114842.6254983,-0.3621,-45.30,250,200,20.0
1770114842.728723,-0.4080,-46.30,250,200,20.0
1770114842.8323975,-0.3216,-39.88,250,200,20.0
1770114842.936261,-0.1601,-30.27,250,200,20.0
1770114843.0298789,-0.0436,-21.68,210,200,20.0
1770114843.1335406,-0.0910,-61.69,250,200,20.0
1770114843.2373388,0.0687,-49.35,250,200,20.0
1770114843.3427749,0.3754,-39.07,-10,200,20.0
1770114843.4356008,0.3248,-16.15,-149,200,20.0
1770114843.5389585,0.3913,-32.20,-78,200,20.0
1770114843.6432126,0.4113,-29.23,-119,200,20.0
1770114843.7464204,0.4155,-30.43,-113,200,20.0
1770114843.8396232,0.3958,-30.16,-98,200,20.0
1770114843.943435,0.3864,-30.58,-87,200,20.0
1770114844.0466766,0.3870,-30.71,-86,200,20.0
1770114844.1514556,0.3875,-30.98,-85,200,20.0
1770114844.24409,0.3907,-29.91,-96,200,20.0
1770114844.348687,0.3941,-29.47,-102,200,20.0
1770114844.4520187,0.3825,-31.68,-75,200,20.0
1770114844.5554717,0.3917,-30.93,-89,200,20.0
1770114844.6484277,0.4025,-32.30,-87,200,20.0
1770114844.7518477,0.3727,-34.78,-42,200,20.0
1770114844.85518,0.3928,-34.78,-59,200,20.0
1770114844.9610035,0.3835,-36.07,-41,200,20.0
1770114845.063691,0.3563,-39.27,7,200,20.0
1770114845.157235,0.3207,-45.46,88,200,20.0
1770114845.2604835,0.3387,-42.21,46,200,20.0
1770114845.3637774,0.2820,-48.81,148,200,20.0
1770114845.4682617,0.2316,-53.58,229,200,20.0
1770114845.5652843,0.3275,-45.80,84,200,20.0
1770114845.6709082,0.2513,-53.13,209,200,20.0
1770114845.763252,0.0953,-49.59,250,200,20.0
1770114845.8672416,0.2466,-53.75,218,200,20.0
1770114845.9699903,-0.0393,-60.44,250,200,20.0
1770114846.0738041,-0.1844,-34.54,250,200,20.0
1770114846.1669865,-0.2310,-37.22,250,200,20.0
1770114846.2699316,-0.1714,-31.52,250,200,20.0
1770114846.3734825,-0.1716,-30.41,250,200,20.0
1770114846.4794672,-0.1347,-26.88,250,200,20.0
1770114846.5723913,-0.2341,-35.85,250,200,20.0
1770114846.6758006,-0.2053,-34.51,250,200,20.0
1770114846.7792187,-0.1745,-31.28,250,200,20.0
1770114846.8827555,-0.0975,-25.93,250,200,20.0
1770114846.9864044,-0.1846,-32.50,250,200,20.0
1770114847.0898826,-0.1158,-27.02,250,200,20.0
1770114847.1829689,-0.0427,-21.18,206,200,20.0
1770114847.2863762,0.2556,-53.99,212,200,20.0
1770114847.390041,0.1565,-45.29,227,200,20.0
1770114847.4839177,0.3469,-42.52,42,200,20.0
1770114847.5870535,0.3305,-42.46,55,200,20.0
1770114847.6907954,0.3852,-34.95,-51,200,20.0
1770114847.7953765,0.3834,-35.70,-43,200,20.0
1770114847.898353,0.4421,-28.62,-151,200,20.0
1770114847.9919744,0.4030,-34.46,-70,200,20.0
1770114848.0953298,0.4043,-31.88,-92,200,20.0
1770114848.1991963,0.4060,-32.36,-90,200,20.0
1770114848.3033562,0.3877,-34.22,-59,200,20.0
1770114848.3964646,0.3959,-32.95,-76,200,20.0
1770114848.4998195,0.4136,-30.67,-110,200,20.0
1770114848.6031303,0.4450,-30.39,-139,200,20.0
1770114848.7064826,0.4275,-29.83,-128,200,20.0
1770114848.8106825,0.3891,-34.84,-55,200,20.0
1770114848.9157307,0.4027,-35.09,-65,200,20.0
1770114849.0076087,0.4302,-31.08,-121,200,20.0
1770114849.111129,0.4410,-30.25,-137,200,20.0
1770114849.2151682,0.4371,-30.46,-132,200,20.0
1770114849.3088439,0.4272,-30.98,-119,200,20.0
1770114849.4133487,0.3849,-36.37,-39,200,20.0
1770114849.518347,0.4133,-32.22,-97,200,20.0
1770114849.6221223,0.4119,-29.94,-114,200,20.0
1770114849.715432,0.4237,-29.85,-125,200,20.0
1770114849.8187177,0.4185,-30.37,-116,200,20.0
1770114849.9233034,0.4202,-30.01,-121,200,20.0
1770114850.015868,0.4102,-30.24,-110,200,20.0
1770114850.119929,0.4161,-28.66,-128,200,20.0
1770114850.2232902,0.4071,-30.66,-104,200,20.0
1770114850.3279693,0.3855,-33.31,-64,200,20.0
1770114850.4213564,0.4007,-32.03,-88,200,20.0
1770114850.5250378,0.4157,-31.38,-106,200,20.0
1770114850.6296368,0.4210,-31.86,-106,200,20.0
1770114850.7254083,0.4449,-30.21,-140,200,20.0
1770114850.829314,0.3970,-35.99,-53,200,20.0
1770114850.9340012,0.3868,-35.98,-44,200,20.0
1770114851.037468,0.4126,-34.13,-81,200,20.0
1770114851.132467,0.3977,-35.51,-57,200,20.0
1770114851.2377987,0.4105,-33.45,-85,200,20.0
1770114851.3430603,0.4381,-32.41,-117,200,20.0
1770114851.4357245,0.4304,-31.51,-117,200,20.0
1770114851.5389867,0.4264,-31.56,-114,200,20.0
1770114851.642501,0.3935,-35.88,-51,200,20.0
1770114851.746166,0.4078,-35.67,-65,200,20.0
1770114851.8505652,0.3737,-39.59,-4,200,20.0
1770114851.9429576,0.3868,-38.44,-24,200,20.0
1770114852.0462728,0.3984,-37.53,-42,200,20.0
1770114852.1500294,0.3886,-37.95,-30,200,20.0
1770114852.2432008,0.4167,-33.11,-93,200,20.0
1770114852.348148,0.3835,-38.24,-23,200,20.0
1770114852.450778,0.3795,-37.94,-22,200,20.0
1770114852.554895,0.4019,-34.64,-68,200,20.0
1770114852.6580286,0.4149,-34.04,-84,200,20.0
1770114852.7512858,0.4297,-31.74,-115,200,20.0
1770114852.8545942,0.4063,-34.82,-70,200,20.0
1770114852.957878,0.4234,-32.97,-100,200,20.0
1770114853.0614007,0.4286,-33.05,-103,200,20.0
1770114853.1545703,0.4085,-36.72,-57,200,20.0
1770114853.258442,0.4200,-33.94,-89,200,20.0
1770114853.3617184,0.4427,-32.54,-120,200,20.0
1770114853.4652162,0.4057,-35.75,-62,200,20.0
1770114853.5688658,0.4285,-33.85,-97,200,20.0
1770114853.661984,0.4420,-30.95,-132,200,20.0
1770114853.765385,0.4320,-32.65,-110,200,20.0
1770114853.868751,0.4426,-30.74,-134,200,20.0
1770114853.9721847,0.4295,-31.00,-121,200,20.0
1770114854.07599,0.4382,-29.13,-143,200,20.0
1770114854.1692214,0.4231,-31.79,-109,200,20.0
1770114854.2726376,0.4432,-30.32,-138,200,20.0
1770114854.3759828,0.4366,-31.11,-126,200,20.0
1770114854.4801395,0.4416,-29.77,-141,200,20.0
1770114854.5843217,0.4389,-30.11,-136,200,20.0
1770114854.6769092,0.4079,-32.65,-89,200,20.0
1770114854.782027,0.4424,-29.04,-147,200,20.0
1770114854.8851733,0.3811,-36.32,-36,200,20.0
1770114854.988367,0.3811,-38.18,-22,200,20.0
1770114855.0813122,0.3618,-39.96,8,200,20.0
1770114855.1846557,0.3592,-42.17,28,200,20.0
1770114855.2889636,0.3728,-41.11,8,200,20.0
1770114855.3924923,0.3577,-41.62,25,200,20.0
1770114855.485482,0.3206,-45.01,84,200,20.0
1770114855.5892842,0.3353,-43.07,56,200,20.0
1770114855.69225,0.3699,-40.89,9,200,20.0
1770114855.7959034,0.3819,-39.66,-10,200,20.0
1770114855.8994498,0.3677,-39.75,2,200,20.0
1770114856.0049133,0.3905,-37.33,-36,200,20.0
1770114856.0968013,0.3935,-36.57,-45,200,20.0
1770114856.200914,0.4170,-32.92,-95,200,20.0
1770114856.3047044,0.3713,-39.02,-6,200,20.0
1770114856.3976939,0.3442,-40.48,27,200,20.0
1770114856.501047,0.4115,-32.99,-89,200,20.0
1770114856.6045291,0.3870,-35.10,-51,200,20.0
1770114856.709642,0.3984,-32.73,-80,200,20.0
1770114856.8133984,0.3908,-31.45,-84,200,20.0
1770114856.9063292,0.3943,-31.83,-84,200,20.0
1770114857.010411,0.4022,-28.06,-121,200,20.0
1770114857.104552,0.3984,-27.74,-120,200,20.0
1770114857.2085755,0.3975,-26.71,-127,200,20.0
1770114857.3152435,0.4156,-24.25,-163,200,20.0
1770114857.408345,0.4012,-29.37,-109,200,20.0
1770114857.511734,0.4047,-28.74,-117,200,20.0
1770114857.6153488,0.4774,14.89,-250,200,20.0
1770114857.7187634,0.4850,15.97,-250,200,20.0
1770114857.8223283,0.4154,-20.74,-191,200,20.0
1770114857.9271276,0.4339,-20.77,-206,200,20.0
1770114858.0186636,0.4151,-22.40,-177,200,20.0
1770114858.1221428,0.4192,-19.23,-206,200,20.0
1770114858.2268844,0.4459,15.11,-250,200,20.0
1770114858.3313062,0.4217,14.16,-250,203,20.4
1770114858.424809,0.4274,15.30,-250,200,20.0
1770114858.5289342,0.4134,16.10,-250,200,20.0
1770114858.631776,0.4206,-16.01,-233,200,20.0
1770114858.7251475,0.4174,16.63,-250,200,20.0
1770114858.8295777,0.3840,16.29,-250,200,20.0
1770114858.9329374,0.3663,13.10,-250,217,21.7
1770114859.0368853,0.4306,16.80,-250,200,20.0
1770114859.1404958,0.4302,17.59,-250,200,20.0
1770114859.233216,0.4277,-14.75,-249,200,20.0
1770114859.3364687,0.3993,-19.33,-188,200,20.0
1770114859.4402876,0.4075,14.12,-250,203,20.4
1770114859.5453224,0.4352,16.58,-250,200,20.0
1770114859.648997,0.4118,-19.59,-197,200,20.0
1770114859.7421966,0.4552,-13.29,-250,214,21.4
1770114859.8470385,0.4462,-13.01,-250,219,21.9
1770114859.9493442,0.4427,-12.88,-250,221,22.1
1770114860.043018,0.4396,-11.53,-245,252,25.3
1770114860.147798,0.4384,-13.08,-250,217,21.8
1770114860.2502713,0.4137,18.33,-250,200,20.0
1770114860.3539166,0.3968,16.69,-250,200,20.0
1770114860.4576466,0.4118,18.28,-250,200,20.0
1770114860.551268,0.3929,17.97,-250,200,20.0
1770114860.6546752,0.3730,15.97,-250,200,20.0
1770114860.7575982,0.3930,18.22,-250,200,20.0
1770114860.8612168,0.4013,18.19,-250,200,20.0
1770114860.9540758,0.3965,17.26,-250,200,20.0
1770114861.057392,0.3997,17.11,-250,200,20.0
1770114861.160647,0.3886,17.27,-250,200,20.0
1770114861.264229,0.4091,17.14,-250,200,20.0
1770114861.3676977,0.3835,16.03,-250,200,20.0
1770114861.4721105,0.3774,16.75,-250,200,20.0
1770114861.5648844,0.3793,14.18,-250,203,20.3
1770114861.6682053,0.4070,17.44,-250,200,20.0
1770114861.7718937,0.3771,14.87,-250,200,20.0
1770114861.8752868,0.3621,12.39,-250,231,23.1
1770114861.970194,0.4072,17.11,-250,200,20.0
1770114862.0731585,0.3958,17.29,-250,200,20.0
1770114862.178193,0.4058,14.64,-250,200,20.1
1770114862.2733138,0.4090,18.17,-250,200,20.0
1770114862.3783236,0.4163,14.27,-250,202,20.3
1770114862.482813,0.3709,12.00,-250,240,24.1
1770114862.5770378,0.4056,17.41,-250,200,20.0
1770114862.6805508,0.3845,15.24,-250,200,20.0
1770114862.784728,0.4398,18.14,-250,200,20.0
1770114862.8774772,0.3800,15.79,-250,200,20.0
1770114862.981425,0.4363,-13.26,-250,214,21.5
1770114863.0851302,0.3725,13.42,-250,212,21.2
1770114863.1889071,0.4009,-22.37,-165,200,20.0
1770114863.2823768,0.3890,-26.62,-121,200,20.0
1770114863.3856754,0.3767,-30.72,-77,200,20.0
1770114863.4890194,0.4435,-29.31,-146,200,20.0
1770114863.5921936,0.4161,-39.02,-45,200,20.0
1770114863.696004,0.3686,-43.17,28,200,20.0
1770114863.7893271,0.0764,-12.48,38,229,22.9
1770114863.892711,0.0981,-9.89,12,302,30.3
1770114863.9959571,0.1075,-8.70,3,343,34.3
1770114864.0990613,-0.0444,-23.38,225,200,20.0
1770114864.2025633,-0.1824,-31.93,250,200,20.0
1770114864.2958565,-0.2227,-31.31,250,200,20.0
1770114864.3996418,-0.1001,-22.27,250,200,20.0
1770114864.503053,-0.0029,-10.51,86,282,28.3
1770114864.6065986,-0.0207,-12.86,119,221,22.2
1770114864.700095,-0.0344,-13.69,138,208,20.9
1770114864.8040411,0.1732,5.84,-125,436,43.7
1770114864.9080045,0.2330,10.74,-250,275,27.5
1770114865.0113113,0.3219,14.86,-250,200,20.0
1770114865.1065178,0.3543,15.38,-250,200,20.0
1770114865.212117,0.4274,18.20,-250,200,20.0
1770114865.3170512,0.4081,12.95,-250,219,22.0
1770114865.413487,0.3175,8.17,-250,361,36.1
1770114865.5167823,0.3886,13.96,-250,205,20.5
1770114865.6206691,0.3950,16.80,-250,200,20.0
1770114865.7137887,0.3959,14.75,-250,200,20.0
1770114865.8173647,0.4318,19.54,-250,200,20.0
1770114865.921727,0.4042,15.88,-250,200,20.0
1770114866.0260677,0.3636,13.43,-250,212,21.2
1770114866.1293967,0.3749,16.34,-250,200,20.0
1770114866.2238479,0.4054,17.72,-250,200,20.0
1770114866.3274524,0.3322,13.51,-250,210,21.1
1770114866.4311993,0.3700,15.56,-250,200,20.0
1770114866.5254369,0.3596,15.50,-250,200,20.0
1770114866.6286633,0.2836,10.68,-250,277,27.7
1770114866.7330763,0.3008,12.97,-250,219,22.0
1770114866.8370588,0.3311,14.60,-250,200,20.1
1770114866.9300013,0.2801,13.09,-250,217,21.8
1770114867.0338166,0.3467,16.70,-250,200,20.0
1770114867.1363795,0.3284,15.44,-250,200,20.0
1770114867.2405696,0.2539,8.69,-225,343,34.3
1770114867.3438497,0.3664,16.21,-250,200,20.0
1770114867.4366434,0.3477,12.37,-250,231,23.2
1770114867.5414386,0.3203,14.14,-250,203,20.4
1770114867.6381936,0.3384,15.64,-250,200,20.0
1770114867.742313,0.3508,16.74,-250,200,20.0
1770114867.848446,0.2755,11.52,-250,252,25.3
1770114867.95128,0.3200,14.79,-250,200,20.0
1770114868.0443437,0.3511,15.44,-250,200,20.0
1770114868.1479402,0.3563,14.79,-250,200,20.0
1770114868.2512543,0.3649,15.57,-250,200,20.0
1770114868.355322,0.3979,18.60,-250,200,20.0
1770114868.4498403,0.3442,15.23,-250,200,20.0
1770114868.5530243,0.3710,16.66,-250,200,20.0
1770114868.6561859,0.3323,14.22,-250,203,20.3
1770114868.7602086,0.3723,15.05,-250,200,20.0
1770114868.8641741,0.3240,13.58,-250,209,21.0
1770114868.957555,0.2971,10.31,-250,289,28.9
1770114869.060542,0.3507,14.62,-250,200,20.1
1770114869.1653495,0.3561,16.16,-250,200,20.0
1770114869.2681212,0.3310,14.57,-250,200,20.1
1770114869.361159,0.3133,11.43,-250,255,25.5
1770114869.4645472,0.3597,16.12,-250,200,20.0
1770114869.5679286,0.3553,15.73,-250,200,20.0
1770114869.6732156,0.3144,14.18,-250,203,20.3
1770114869.7767246,0.3442,15.79,-250,200,20.0
1770114869.8689926,0.3369,15.03,-250,200,20.0
1770114869.972463,0.3569,13.58,-250,209,21.0
1770114870.076167,0.3308,15.56,-250,200,20.0
1770114870.1803925,0.3707,15.66,-250,200,20.0
1770114870.2746837,0.3668,16.67,-250,200,20.0
1770114870.3780432,0.4138,16.14,-250,200,20.0
1770114870.4812007,0.4407,17.07,-250,200,20.0
1770114870.586279,0.5066,13.07,-250,217,21.8
1770114870.6790183,0.4296,14.04,-250,204,20.5
1770114870.7818928,0.3489,12.23,-250,235,23.5
1770114870.8862817,0.2532,10.10,-250,295,29.6
1770114870.9894512,0.2959,21.76,-250,200,20.0
1770114871.0829587,0.5254,38.75,-250,200,20.0
1770114871.186271,0.7469,46.80,-250,200,20.0
1770114871.2896125,0.7222,48.49,-250,200,20.0
1770114871.3935635,0.7721,49.22,-250,200,20.0
1770114871.4859436,0.8594,53.29,-250,200,20.0
1770114871.5898108,0.8679,54.04,-250,200,20.0
1770114871.6928983,0.9563,54.23,-250,200,20.0
1770114871.794774,0.2879,33.60,-250,200,20.0
1770114871.8882508,-0.0669,32.30,-200,200,20.0
1770114871.991944,-0.2915,22.48,70,200,20.0
1770114872.0932086,-0.5137,19.83,250,200,20.0
1770114872.195896,-2.0839,-26.97,250,200,20.0
1770114872.298226,0.0162,20.05,-174,200,20.0
1770114872.407393,-1.0993,3.68,250,486,48.6
1770114872.5166705,-0.4304,-4.38,202,473,47.4
1770114872.6092613,-0.5784,2.42,180,499,49.9
1770114872.7136965,-0.2639,-14.37,250,202,20.2
1770114872.8034484,-0.0462,2.39,-3,499,49.9
1770114872.8805237,1.1011,-17.42,-250,200,20.0
1770114872.9411995,0.4736,54.10,-250,200,20.0
1770114873.0035276,0.5993,28.46,-250,200,20.0
1770114873.0664654,1.2029,49.79,-250,200,20.0
1770114873.1258314,0.0065,3.25,-28,492,49.2
1770114873.1791666,0.7152,-2.38,-227,499,49.9
1770114873.2408607,1.5817,-8.23,-250,359,35.9
1770114873.3011,-0.9698,-45.90,250,200,20.0
1770114873.3732777,0.0397,-55.74,250,200,20.0
1770114873.4548006,1.9667,43.42,-250,200,20.0
1770114873.5372286,1.0681,-62.05,-250,200,20.0
1770114873.6401176,-4.0517,-65.22,250,200,20.0
1770114873.742992,-0.4010,29.96,104,200,20.0
1770114873.8453352,0.6399,-7.74,-250,376,37.6
1770114873.948736,0.0935,-5.11,1,456,45.7
1770114874.0515335,0.6451,23.83,-250,200,20.0
1770114874.1443417,-0.7352,-37.97,250,200,20.0
1770114874.2476401,-1.4224,-49.45,250,200,20.0
1770114874.349808,0.2463,-6.86,-69,405,40.6
1770114874.452611,-0.0383,-16.19,162,200,20.0
1770114874.555727,0.3088,9.92,-250,301,30.2
1770114874.6588957,0.3964,11.59,-250,251,25.1
1770114874.7615254,0.6111,18.35,-250,200,20.0
1770114874.8542423,0.4501,5.22,-232,453,45.4
1770114874.9569771,0.5352,8.27,-250,357,35.8
1770114875.0591385,0.3300,-33.73,-13,200,20.0
1770114875.1618435,0.6679,-7.36,-250,389,38.9
1770114875.265156,0.6017,-10.69,-250,277,27.7
1770114875.3679159,0.1263,-46.40,250,200,20.0
1770114875.470553,0.5407,-33.07,-200,200,20.0
1770114875.573133,0.4556,-33.02,-127,200,20.0
1770114875.6651955,1.1253,31.37,-250,200,20.0
1770114875.7672408,0.0560,-43.41,250,200,20.0
1770114875.8704655,0.9763,13.48,-250,211,21.1
1770114875.9728994,0.8807,10.38,-250,286,28.7
1770114876.0755937,0.8044,8.27,-250,357,35.8
1770114876.178175,1.0635,16.91,-250,200,20.0
1770114876.2689674,-0.9323,24.09,250,200,20.0
1770114876.3731406,-0.3944,-31.26,250,200,20.0
1770114876.4758224,0.6542,-17.52,-250,200,20.0
1770114876.5799227,0.3160,-35.48,12,200,20.0
1770114876.6738222,0.2815,-13.55,-128,210,21.0
1770114876.7771554,0.0106,-29.52,227,200,20.0
1770114876.8800669,0.1998,-13.46,-60,211,21.2
1770114876.9822478,0.4082,-1.55,-127,500,50.0
1770114877.0838325,-0.0807,40.90,-250,200,20.0
1770114877.1872087,-1.1668,-14.08,250,204,20.4
1770114877.2900598,-0.5647,-9.40,250,318,31.9
1770114877.3833895,-0.8723,-17.53,250,200,20.0
1770114877.4858706,0.2953,3.28,-131,491,49.2
1770114877.5905836,-0.0619,5.75,-18,439,43.9
1770114877.6933804,-0.5311,4.34,171,474,47.4
1770114877.7959538,-0.7219,-30.17,250,200,20.0
1770114877.898961,-0.6569,-23.54,250,200,20.0
1770114877.992414,0.4244,-19.09,-212,200,20.0
1770114878.1085498,0.2307,-19.73,-40,200,20.0
1770114878.2106748,0.2222,-18.22,-45,200,20.0
1770114878.3148842,0.2528,-23.44,-29,200,20.0
1770114878.4083943,0.2195,-25.40,14,200,20.0
1770114878.5117755,0.2220,-24.75,7,200,20.0
1770114878.6189706,0.2421,-21.28,-37,200,20.0
1770114878.712259,0.2249,-22.08,-16,200,20.0
1770114878.8162994,0.2218,-22.83,-7,200,20.0
1770114878.9202266,0.2293,-22.09,-20,200,20.0
1770114879.0244865,0.2189,-22.78,-5,200,20.0
1770114879.1181173,0.2231,-22.28,-13,200,20.0
1770114879.2222123,0.2096,-23.82,10,200,20.0
1770114879.3261094,0.2183,-24.21,6,200,20.0
1770114879.4310324,0.2235,-22.43,-12,200,20.0
1770114879.5246017,0.2284,-21.81,-21,200,20.0
1770114879.628727,0.2276,-22.27,-17,200,20.0
1770114879.7332335,0.2287,-22.39,-17,200,20.0
1770114879.8268406,0.2224,-23.29,-4,200,20.0
1770114879.9311733,0.2394,-22.01,-29,200,20.0
1770114880.0355213,0.2696,-21.47,-59,200,20.0
1770114880.128361,0.3644,-21.85,-138,200,20.0
1770114880.2326953,0.3780,-21.92,-149,200,20.0
1770114880.3368328,0.3694,-19.99,-157,200,20.0
1770114880.4402022,0.3314,-22.41,-105,200,20.0
1770114880.544289,0.3213,-22.50,-96,200,20.0
1770114880.6382062,0.3203,-22.62,-94,200,20.0
1770114880.742832,0.3096,-23.29,-79,200,20.0
1770114880.8474107,0.3129,-22.18,-91,200,20.0
1770114880.939684,0.3074,-22.84,-81,200,20.0
1770114881.0436552,0.2990,-23.33,-70,200,20.0
1770114881.1465306,0.2841,-25.16,-42,200,20.0
1770114881.251564,0.2860,-25.09,-45,200,20.0
1770114881.355113,0.3012,-24.79,-60,200,20.0
1770114881.448093,0.1903,-28.61,65,200,20.0
1770114881.551917,0.1296,-31.23,138,200,20.0
1770114881.6556296,0.1014,-32.80,175,200,20.0
1770114881.7502043,0.1028,-32.80,174,200,20.0
1770114881.8537912,0.1195,-30.98,145,200,20.0
1770114881.9571888,0.1225,-29.81,133,200,20.0
1770114882.0613778,0.1353,-29.14,116,200,20.0
1770114882.154718,0.1386,-28.71,110,200,20.0
1770114882.2588632,0.1381,-29.14,114,200,20.0
1770114882.3617697,0.1272,-30.53,134,200,20.0
1770114882.4659514,0.1409,-27.96,102,200,20.0
1770114882.5590997,0.1250,-29.26,126,200,20.0
1770114882.674085,0.1208,-29.15,129,200,20.0
1770114882.7669468,0.1138,-29.77,140,200,20.0
1770114882.872501,0.1376,-26.37,92,200,20.0
1770114882.9661603,0.1242,-27.29,111,200,20.0
1770114883.0698268,0.1096,-28.84,136,200,20.0
1770114883.1748505,0.1236,-27.34,112,200,20.0
1770114883.268452,0.1199,-27.65,118,200,20.0
1770114883.3717344,0.1046,-29.20,143,200,20.0
1770114883.4750419,0.1182,-27.56,118,200,20.0
1770114883.5790324,0.1442,-26.31,86,200,20.0
1770114883.6730928,0.1557,-23.98,58,200,20.0
1770114883.7759397,-0.8984,-37.49,250,200,20.0
1770114883.8802469,0.0785,-32.47,192,200,20.0
1770114883.984826,-0.8513,-29.90,250,200,20.0
1770114884.0876698,-0.8512,-29.81,250,200,20.0
1770114884.1810257,-0.8807,-33.66,250,200,20.0
1770114884.2864993,-0.8786,-33.17,250,200,20.0
1770114884.391027,-0.8571,-30.87,250,200,20.0
1770114884.4846792,-0.8337,-29.36,250,200,20.0
1770114884.5880606,-0.8748,-31.61,250,200,20.0
1770114884.6912549,-0.9325,-35.62,250,200,20.0
1770114884.7971084,0.0404,-32.39,224,200,20.0
1770114884.8903618,0.0736,-28.96,168,200,20.0
1770114884.995022,0.1504,-21.47,42,200,20.0
1770114885.0983171,0.1656,-17.99,1,200,20.0
1770114885.2015314,-0.9855,-39.42,250,200,20.0
1770114885.309765,0.1435,-21.97,52,200,20.0
1770114885.4048567,0.1394,-22.66,61,200,20.0
1770114885.5111806,0.1423,-23.32,64,200,20.0
1770114885.604862,0.1353,-25.27,85,200,20.0
1770114885.708819,0.1661,-23.01,41,200,20.0
1770114885.803717,0.1480,-25.69,78,200,20.0
1770114885.9073555,0.1380,-26.57,93,200,20.0
1770114886.0127327,0.1321,-27.80,108,200,20.0
1770114886.1092808,0.1499,-27.11,88,200,20.0
1770114886.213421,0.1385,-27.77,103,200,20.0
1770114886.3072233,0.1320,-28.53,114,200,20.0
1770114886.4109182,0.1510,-26.43,81,200,20.0
1770114886.5155199,0.1505,-27.40,89,200,20.0
1770114886.6196792,0.1442,-27.63,97,200,20.0
1770114886.7141485,0.1399,-28.06,104,200,20.0
1770114886.8184571,0.1381,-27.71,103,200,20.0
1770114886.9159408,0.1561,-26.70,79,200,20.0
1770114887.0195148,0.1394,-28.22,105,200,20.0
1770114887.1234112,0.1363,-28.75,112,200,20.0
1770114887.2277925,0.1484,-27.62,93,200,20.0
1770114887.3223531,0.1376,-28.69,111,200,20.0
1770114887.4261053,0.1584,-26.19,73,200,20.0
1770114887.5303743,0.1491,-27.52,92,200,20.0
1770114887.6350284,0.1016,-32.67,174,200,20.0
1770114887.7292645,0.1335,-29.08,117,200,20.0
1770114887.834014,0.1488,-28.24,98,200,20.0
1770114887.9372048,0.1249,-30.77,138,200,20.0
1770114888.0315251,0.1475,-28.75,103,200,20.0
1770114888.1354053,0.1461,-28.14,99,200,20.0
1770114888.2421236,0.1405,-29.54,115,200,20.0
1770114888.3451684,0.1230,-31.24,144,200,20.0
1770114888.4374175,0.1346,-30.43,127,200,20.0
1770114888.5419812,0.1426,-29.70,115,200,20.0
1770114888.646611,0.1235,-31.24,143,200,20.0
1770114888.7409658,0.1310,-30.39,130,200,20.0
1770114888.8448968,0.1424,-27.71,99,200,20.0
1770114888.9502385,0.1390,-28.77,110,200,20.0
1770114889.048476,0.1582,-25.33,66,200,20.0
1770114889.142721,0.1634,-25.01,59,200,20.0
1770114889.2460847,0.1620,-24.80,59,200,20.0
1770114889.3499913,0.1782,-23.74,36,200,20.0
1770114889.4539146,0.1949,-21.09,1,200,20.0
1770114889.5496476,0.2129,-19.76,-24,200,20.0
1770114889.6561089,0.1914,-22.41,14,200,20.0
1770114889.7500374,0.1232,-30.34,136,200,20.0
1770114889.8537002,0.1443,-32.27,134,200,20.0
1770114889.9592984,0.1608,-31.17,111,200,20.0
1770114890.05618,0.1883,-28.99,70,200,20.0
1770114890.1596942,0.1850,-29.35,75,200,20.0
1770114890.2568526,0.2261,-24.80,4,200,20.0
1770114890.3606262,0.1909,-28.49,63,200,20.0
1770114890.4641817,0.1992,-25.51,32,200,20.0
1770114890.5682883,0.1758,-28.21,74,200,20.0
1770114890.6620588,0.1717,-26.96,68,200,20.0
1770114890.7649767,0.1238,-28.94,125,200,20.0
1770114890.8691206,0.1132,-30.91,150,200,20.0
1770114890.9730597,0.1436,-29.77,114,200,20.0
1770114891.067145,0.1280,-30.18,131,200,20.0
1770114891.1708765,0.1328,-29.88,124,200,20.0
1770114891.275695,0.1094,-32.10,162,200,20.0
1770114891.379112,0.1022,-32.05,168,200,20.0
1770114891.4833302,0.0912,-33.72,191,200,20.0
1770114891.576616,0.0645,-36.60,237,200,20.0
1770114891.681172,0.0888,-36.43,215,200,20.0
1770114891.7739105,0.1012,-36.77,207,200,20.0
1770114891.890297,0.0958,-35.96,205,200,20.0
1770114891.9814866,-1.0387,-44.72,250,200,20.0
1770114892.08825,0.0561,-36.85,246,200,20.0
1770114892.190109,-0.0313,-40.95,250,200,20.0
1770114892.2838569,0.0484,-31.99,214,200,20.0
1770114892.3875546,0.2118,-21.84,-7,200,20.0
1770114892.4916244,0.1863,-23.43,27,200,20.0
1770114892.5972164,0.2528,-17.22,-79,200,20.0
1770114892.6892202,0.2314,-19.46,-43,200,20.0
1770114892.7934804,0.1141,-31.77,156,200,20.0
1770114892.899501,0.1959,-21.51,3,200,20.0
1770114893.0029807,0.0090,-27.45,211,200,20.0
1770114893.0944629,0.3422,-17.67,-152,200,20.0
1770114893.198027,0.2988,-15.06,-136,200,20.0
1770114893.3010862,0.1897,-22.62,17,200,20.0
1770114893.4044337,-0.0109,-31.62,250,200,20.0
1770114893.5091808,-0.0470,-29.67,250,200,20.0
1770114893.6004765,-0.0812,-30.69,250,200,20.0
1770114893.705549,-0.0123,-12.05,106,239,23.9
1770114893.8086016,-0.2025,-43.48,250,200,20.0
1770114893.9167132,-0.2268,-45.04,250,200,20.0
1770114894.008181,-0.2287,-45.61,250,200,20.0
1770114894.1121736,-0.1422,-39.19,250,200,20.0
1770114894.2204936,-0.2058,-43.28,250,200,20.0
1770114894.3132691,-0.2014,-44.80,250,200,20.0
1770114894.4180639,-0.1115,-41.91,250,200,20.0
1770114894.524253,-0.1204,-41.03,250,200,20.0
1770114894.6177316,-0.1492,-42.86,250,200,20.0
1770114894.7232788,-0.1493,-42.46,250,200,20.0
1770114894.815969,-0.1634,-42.57,250,200,20.0
1770114894.9216027,-0.1616,-40.93,250,200,20.0
1770114895.0263708,-0.1833,-40.59,250,200,20.0
1770114895.1206987,-0.1820,-40.35,250,200,20.0
1770114895.2236733,-0.2776,-42.66,250,200,20.0
1770114895.3302124,-0.2958,-43.06,250,200,20.0
1770114895.42325,-0.2887,-37.38,250,200,20.0
1770114895.5265348,-0.2521,-35.35,250,200,20.0
1770114895.6310391,-0.3377,-42.30,250,200,20.0
1770114895.7366123,-0.2389,-34.56,250,200,20.0
1770114895.830017,-0.2661,-36.46,250,200,20.0
1770114895.934022,-0.2573,-35.68,250,200,20.0
1770114896.0390682,-0.2752,-37.63,250,200,20.0
1770114896.1427019,-0.2867,-39.05,250,200,20.0
1770114896.2359407,-0.2813,-39.28,250,200,20.0
1770114896.3409605,-0.2764,-39.13,250,200,20.0
1770114896.4451756,-0.2807,-39.75,250,200,20.0
1770114896.5363276,-0.2820,-39.42,250,200,20.0
1770114896.6403472,-0.2896,-39.79,250,200,20.0
1770114896.7435822,-0.3081,-41.05,250,200,20.0
1770114896.8482175,-0.2940,-39.57,250,200,20.0
1770114896.9418902,-0.2740,-37.43,250,200,20.0
1770114897.046435,-0.2807,-38.52,250,200,20.0
1770114897.150664,-0.2781,-38.20,250,200,20.0
1770114897.2556624,-0.2804,-38.68,250,200,20.0
1770114897.3495774,-0.3413,-43.02,250,200,20.0
1770114897.4537485,-0.2624,-37.47,250,200,20.0
1770114897.558698,-0.2528,-35.99,250,200,20.0
1770114897.6641273,-0.2611,-36.52,250,200,20.0
1770114897.7581472,-0.2713,-37.18,250,200,20.0
1770114897.8644304,-0.3010,-40.29,250,200,20.0
1770114897.956168,-0.3209,-41.46,250,200,20.0
1770114898.063364,-0.3139,-41.18,250,200,20.0
1770114898.1694334,-0.3107,-41.39,250,200,20.0
1770114898.2606013,-0.2541,-40.47,250,200,20.0
1770114898.3635542,-0.3276,-41.34,250,200,20.0
1770114898.4683914,-0.3877,-36.50,250,200,20.0
1770114898.5718727,-0.4673,-39.87,250,200,20.0
1770114898.6644826,-0.5106,-38.50,250,200,20.0
1770114898.7694294,-0.5070,-33.05,250,200,20.0
1770114898.8769813,-0.6311,-42.88,250,200,20.0
1770114898.9674928,1.1038,-13.10,-250,217,21.7
1770114899.0715601,1.0350,-11.41,-250,255,25.6
1770114899.1751323,1.0017,-7.71,-250,377,37.7
1770114899.2697396,0.9532,-11.30,-250,259,25.9
1770114899.3730407,0.9684,-12.40,-250,231,23.1
1770114899.47664,1.0195,-13.99,-250,205,20.5
1770114899.5796087,1.0771,-15.53,-250,200,20.0
1770114899.684742,1.1282,-13.25,-250,214,21.5
1770114899.7771502,-0.2735,-31.17,250,200,20.0
1770114899.880869,-0.3440,-37.24,250,200,20.0
1770114899.9879506,-0.3670,-39.48,250,200,20.0
1770114900.0807035,-0.3942,-43.46,250,200,20.0
1770114900.1841161,-0.4769,-46.97,250,200,20.0
1770114900.2894688,-0.5385,-46.31,250,200,20.0
1770114900.3941865,-0.5338,-42.03,250,200,20.0
1770114900.4865339,1.1472,-17.45,-250,200,20.0
1770114900.5910285,1.0673,-20.10,-250,200,20.0
1770114900.6973693,1.0234,-19.52,-250,200,20.0
1770114900.7903254,0.9717,-20.29,-250,200,20.0
1770114900.8934283,0.9869,-18.81,-250,200,20.0
1770114900.9982018,1.0351,-17.37,-250,200,20.0
1770114901.0925374,1.1108,-12.53,-250,228,22.8
1770114901.1969419,1.1749,-12.45,-250,230,23.0
1770114901.3010848,-0.4365,-36.92,250,200,20.0
1770114901.3949912,-0.3333,-35.05,250,200,20.0
1770114901.4980583,-0.2942,-35.77,250,200,20.0
1770114901.602444,-0.2639,-36.08,250,200,20.0
1770114901.7059116,-0.2393,-31.36,250,200,20.0
1770114901.8103378,-0.3503,-35.49,250,200,20.0
1770114901.9039705,-0.3914,-33.64,250,200,20.0
1770114902.0078225,-0.4377,-32.67,250,200,20.0
1770114902.1129751,-0.4671,-30.84,250,200,20.0
1770114902.2163446,1.2524,2.52,-250,498,49.9
1770114902.3080075,1.1964,4.82,-250,463,46.4
1770114902.4118853,1.1519,3.39,-250,490,49.0
1770114902.5160294,0.8829,-3.06,-250,494,49.4
1770114902.6093047,0.8139,-8.18,-250,360,36.1
1770114902.7125216,0.9631,0.72,-250,500,50.0
1770114902.8159635,1.1419,9.87,-250,303,30.3
1770114902.9193325,1.3047,10.31,-250,289,28.9
1770114903.024124,-0.3800,-35.26,250,200,20.0
1770114903.1276205,-0.2551,-34.53,250,200,20.0
1770114903.2196438,-0.1902,-34.29,250,200,20.0
1770114903.3241699,-0.3372,-49.93,250,200,20.0
1770114903.4281669,-0.3417,-50.28,250,200,20.0
1770114903.532514,-0.3966,-50.17,250,200,20.0
1770114903.6388664,-0.2955,-36.76,250,200,20.0
1770114903.7295122,-0.3426,-37.09,250,200,20.0
1770114903.8325086,-0.3886,-38.11,250,200,20.0
1770114903.9258182,-0.3925,-37.11,250,200,20.0
1770114904.0288901,-0.4436,-35.73,250,200,20.0
1770114904.1323211,1.2510,0.31,-250,500,50.0
1770114904.2355318,1.1729,-2.09,-250,499,50.0
1770114904.3390837,1.1808,2.31,-250,499,50.0
1770114904.4322386,1.0546,13.43,-250,212,21.2
1770114904.5361078,1.0369,3.33,-250,491,49.1
1770114904.6396563,1.1477,9.09,-250,329,33.0
1770114904.7430072,1.1405,-10.98,-250,268,26.8
1770114904.8471467,-0.3799,-43.43,250,200,20.0
1770114904.9407644,-0.3272,-42.00,250,200,20.0
1770114905.0443568,-0.2321,-40.75,250,200,20.0
1770114905.1479337,-0.2220,-40.68,250,200,20.0
1770114905.252623,-0.2040,-39.22,250,200,20.0
1770114905.3556664,-0.2652,-40.09,250,200,20.0
1770114905.449547,-0.2808,-37.91,250,200,20.0
1770114905.5533965,-0.2989,-36.10,250,200,20.0
1770114905.657227,-0.4191,-39.18,250,200,20.0
1770114905.7507024,1.2535,-18.79,-250,200,20.0
1770114905.8553178,1.2484,-14.22,-250,203,20.3
1770114905.9593673,1.2119,-12.15,-250,236,23.7
1770114906.0635667,1.1551,-15.43,-250,200,20.0
1770114906.1570752,1.1422,-15.63,-250,200,20.0
1770114906.2608728,1.2096,-17.06,-250,200,20.0
1770114906.3644173,1.2282,-20.59,-250,200,20.0
1770114906.4703581,-0.2829,-30.25,250,200,20.0
1770114906.5624814,-0.2142,-27.53,250,200,20.0
1770114906.6684043,-0.1677,-27.56,250,200,20.0
1770114906.772397,-0.1265,-26.98,250,200,20.0
1770114906.8656814,-0.0442,-17.19,175,200,20.0
1770114906.9697466,-0.0828,-16.92,206,200,20.0
1770114907.0741014,-0.1684,-21.75,250,200,20.0
1770114907.1818337,-0.1909,-18.32,250,200,20.0
1770114907.273036,-0.2296,-15.33,250,200,20.0
1770114907.377669,-0.2551,-11.68,250,248,24.9
1770114907.4717495,1.3033,-0.95,-250,500,50.0
1770114907.576015,1.2785,0.98,-250,500,50.0
1770114907.6802678,1.2492,2.82,-250,496,49.7
1770114907.784223,1.0617,6.50,-250,417,41.7
1770114907.877815,1.0220,3.75,-250,485,48.5
1770114907.981457,1.1138,7.17,-250,395,39.5
1770114908.0849879,1.2737,7.61,-250,380,38.1
1770114908.1891763,1.3512,8.52,-250,349,34.9
1770114908.28269,-0.2635,-1.99,106,500,50.0
1770114908.3856976,0.0281,11.00,-108,267,26.8
1770114908.4893064,0.1735,11.33,-222,258,25.8
1770114908.5913992,0.1969,16.71,-250,200,20.0
1770114908.6949308,0.3241,23.39,-250,200,20.0
1770114908.7885902,0.3782,23.61,-250,200,20.0
1770114908.8918533,0.4170,22.24,-250,200,20.0
1770114908.994552,0.6223,32.89,-250,200,20.0
1770114909.0977545,0.6612,34.35,-250,200,20.0
1770114909.19348,0.7699,38.94,-250,200,20.0
1770114909.298444,0.8642,41.70,-250,200,20.0
1770114909.402742,-0.3217,42.53,-63,200,20.0
1770114909.5051033,-0.2848,42.10,-92,200,20.0
1770114909.597925,-0.2266,41.82,-139,200,20.0
1770114909.7028053,-0.1443,44.22,-229,200,20.0
1770114909.807841,-0.0489,46.39,-250,200,20.0
1770114909.9097612,0.0015,45.36,-250,200,20.0
1770114910.0025523,0.0591,46.23,-250,200,20.0
1770114910.1060493,0.1251,46.88,-250,200,20.0
1770114910.2093382,0.1996,46.86,-250,200,20.0
1770114910.3124475,0.0992,33.36,-250,200,20.0
1770114910.4164226,0.1672,31.69,-250,200,20.0
1770114910.5195735,0.2723,35.35,-250,200,20.0
1770114910.612855,0.3382,35.52,-250,200,20.0
1770114910.715334,0.4303,37.07,-250,200,20.0
1770114910.819014,0.5014,38.72,-250,200,20.0
1770114910.922568,0.5930,40.66,-250,200,20.0
1770114911.0155516,0.6676,41.53,-250,200,20.0
1770114911.119057,0.7385,42.14,-250,200,20.0
1770114911.2223296,0.8112,43.41,-250,200,20.0
1770114911.3257897,0.8788,45.12,-250,200,20.0
1770114911.4302356,0.9256,44.71,-250,200,20.0
1770114911.5233984,1.0097,44.38,-250,200,20.0
1770114911.627314,1.0866,44.93,-250,200,20.0
1770114911.729625,1.1845,46.15,-250,200,20.0
1770114911.8336346,1.3009,48.08,-250,200,20.0
1770114911.9277809,1.4060,50.16,-250,200,20.0
1770114912.0320385,1.4588,49.94,-250,200,20.0
1770114912.1353204,1.5317,50.58,-250,200,20.0
1770114912.2394993,1.6354,52.94,-250,200,20.0
1770114912.3328996,1.7104,53.07,-250,200,20.0
1770114912.4386213,1.8060,54.61,-250,200,20.0
1770114912.5428228,1.8751,54.86,-250,200,20.0
1770114912.6364686,1.9637,55.99,-250,200,20.0
1770114912.7397022,0.3076,50.61,-250,200,20.0
1770114912.842845,0.3317,50.15,-250,200,20.0
1770114912.946414,0.4170,51.25,-250,200,20.0
1770114913.049612,0.5055,53.66,-250,200,20.0
1770114913.142654,0.5755,54.14,-250,200,20.0
1770114913.2459738,0.6296,54.68,-250,200,20.0
1770114913.3495984,-1.1034,30.01,250,200,20.0
1770114913.4537032,-1.0541,30.11,250,200,20.0
1770114913.5574498,-1.0042,31.07,250,200,20.0
1770114913.6498854,-1.0318,27.72,250,200,20.0
1770114913.7532892,-1.0615,31.12,250,200,20.0
1770114913.8566165,-1.1870,28.97,250,200,20.0
1770114913.9596834,-1.3072,23.44,250,200,20.0
1770114914.0531988,-1.3856,28.07,250,200,20.0
1770114914.1569831,-1.4847,27.39,250,200,20.0
1770114914.2605171,0.3714,56.47,-250,200,20.0
1770114914.363447,2.0587,62.66,-250,200,20.0
1770114914.4675117,2.0224,63.57,-250,200,20.0
1770114914.5599647,1.9501,64.11,-250,200,20.0
1770114914.6632667,1.9741,64.84,-250,200,20.0
1770114914.7666345,1.9627,64.23,-250,200,20.0
1770114914.8698661,1.9543,63.50,-250,200,20.0
1770114914.973825,1.9110,61.33,-250,200,20.0
1770114915.0668795,1.9321,61.00,-250,200,20.0
1770114915.1821449,1.9648,61.26,-250,200,20.0
1770114915.2739854,2.0270,62.33,-250,200,20.0
1770114915.3782105,0.2186,54.44,-250,200,20.0
1770114915.4726272,0.2445,53.88,-250,200,20.0
1770114915.575852,0.3006,54.91,-250,200,20.0
1770114915.678643,0.2904,51.70,-250,200,20.0
1770114915.7820203,0.3474,52.56,-250,200,20.0
1770114915.8864167,-1.6460,14.23,250,203,20.3
1770114915.9790444,-1.6205,14.70,250,200,20.0
1770114916.0823462,-1.5318,22.67,250,200,20.0
1770114916.1858552,-1.6052,14.56,250,201,20.1
1770114916.289306,0.2484,43.03,-250,200,20.0
1770114916.3928688,0.1759,43.93,-250,200,20.0
1770114916.486054,0.0950,44.29,-250,200,20.0
1770114916.5890722,0.0673,49.43,-250,200,20.0
1770114916.6921127,1.8645,58.40,-250,200,20.0
1770114916.796022,1.8973,59.68,-250,200,20.0
1770114916.8996112,1.8117,55.82,-250,200,20.0
1770114916.9929392,-0.0647,39.72,-250,200,20.0
1770114917.096039,-0.1096,32.24,-163,200,20.0
1770114917.1992972,-0.1325,25.84,-92,200,20.0
1770114917.3036637,-0.0845,26.03,-135,200,20.0
1770114917.3966403,-0.0710,23.94,-130,200,20.0
1770114917.50006,-0.0686,20.25,-103,200,20.0
1770114917.6026783,-0.0776,16.83,-67,200,20.0
1770114917.7077072,-0.0744,13.40,-44,212,21.3
1770114917.8009205,-1.8869,-16.09,250,200,20.0
1770114917.9040184,-1.7801,-4.09,250,479,47.9
1770114918.0085583,0.0890,28.15,-250,200,20.0
1770114918.1141946,-1.8417,-15.12,250,200,20.0
1770114918.2063193,1.5668,47.13,-250,200,20.0
1770114918.3130145,1.4053,43.51,-250,200,20.0
1770114918.4166605,1.3021,40.73,-250,200,20.0
1770114918.5209315,1.3382,42.10,-250,200,20.0
1770114918.615233,1.4890,47.29,-250,200,20.0
1770114918.7176545,1.6326,53.05,-250,200,20.0
1770114918.8222554,1.6160,52.34,-250,200,20.0
1770114918.9265137,1.5906,48.77,-250,200,20.0
1770114919.0192373,-0.4622,-30.07,250,200,20.0
1770114919.1225536,-0.5147,-39.90,250,200,20.0
1770114919.2256405,-0.4779,-43.55,250,200,20.0
1770114919.3296375,-0.1110,0.22,36,500,50.0
1770114919.4227762,-0.1553,-5.49,111,446,44.7
1770114919.5269115,-0.1345,-13.53,221,210,21.1
1770114919.6292074,-0.5431,-45.83,250,200,20.0
1770114919.7227764,0.8490,32.42,-250,200,20.0
1770114919.826309,1.0421,38.75,-250,200,20.0
1770114919.9312592,1.0925,30.85,-250,200,20.0
1770114920.0258982,0.9119,21.11,-250,200,20.0
1770114920.1296144,1.0289,24.16,-250,200,20.0
1770114920.2221293,1.1400,27.08,-250,200,20.0
1770114920.3186831,-1.0226,-8.05,250,365,36.5
1770114920.4113271,-1.0286,-11.61,250,250,25.1
1770114920.5046997,-1.0104,-18.01,250,200,20.0
1770114920.600334,-0.8249,-9.77,250,306,30.6
1770114920.6832187,-0.7218,-1.09,250,500,50.0
1770114920.7767181,-0.6404,6.82,250,406,40.7
1770114920.8708813,-0.6292,5.05,221,458,45.8
1770114920.963861,-0.6693,13.76,250,207,20.8
1770114921.0478923,-0.7985,8.64,250,345,34.5
1770114921.143663,-0.8971,-0.22,250,500,50.0
1770114921.2366118,-0.9494,-4.92,250,461,46.1
1770114921.3177211,-1.9088,-28.37,250,200,20.0
1770114921.412365,-0.9231,-9.63,250,311,31.1
1770114921.5065315,-0.7628,7.00,250,401,40.1
1770114921.5879178,-0.8714,2.98,250,495,49.5
1770114921.6819248,-0.8640,-6.90,250,404,40.4
1770114921.7767704,-0.7973,-15.30,250,200,20.0
1770114921.8588312,-0.9112,-27.00,250,200,20.0
1770114921.9532278,-0.7747,-23.83,250,200,20.0
1770114922.0351145,-0.8125,-22.70,250,200,20.0
1770114922.1286519,-0.7720,-22.54,250,200,20.0
1770114922.2112803,-0.7165,-22.07,250,200,20.0
1770114922.3061976,-0.6191,-18.11,250,200,20.0
1770114922.3896878,-0.5483,-17.47,250,200,20.0
1770114922.4839869,-0.4881,-13.30,250,214,21.4
1770114922.5772958,-0.4484,-8.22,250,359,36.0
1770114922.670339,-0.4608,-5.60,247,443,44.4
1770114922.7629333,-0.4846,-7.55,250,382,38.3
1770114922.8564308,-0.4624,2.26,141,499,50.0
1770114922.949384,-0.2444,17.94,66,200,20.0
1770114923.0534065,-0.4344,-14.89,250,200,20.0
1770114923.14657,-0.0660,-20.32,219,200,20.0
1770114923.250594,0.4992,-10.47,-250,283,28.4
1770114923.3525956,-0.0979,12.70,-21,224,22.5
1770114923.45606,0.0117,-6.81,48,407,40.7
1770114923.551095,0.0277,27.89,-246,200,20.0
1770114923.656009,-0.1206,16.31,-26,200,20.0
1770114923.7614105,-0.2546,20.65,53,200,20.0
1770114923.8652055,-0.2596,20.33,60,200,20.0
1770114923.9578545,-0.2005,18.72,22,200,20.0
1770114924.0599794,-0.2876,20.44,83,200,20.0
1770114924.1637769,0.2574,-11.06,-103,265,26.6
1770114924.2666602,0.3680,-22.64,-135,200,20.0
1770114924.368139,-0.2030,-11.92,250,242,24.2
1770114924.4712698,-0.0057,2.27,-16,499,50.0
1770114924.5640736,0.1433,15.82,-249,200,20.0
1770114924.6690338,-0.6886,-43.42,250,200,20.0
1770114924.773657,0.3426,27.16,-250,200,20.0
1770114924.8681211,0.3383,25.22,-250,200,20.0
1770114924.9713166,0.4300,19.23,-250,200,20.0
1770114925.0744903,0.4401,20.67,-250,200,20.0
1770114925.17738,0.4414,20.52,-250,200,20.0
1770114925.282825,0.6160,20.03,-250,200,20.0
1770114925.3872375,0.6257,20.72,-250,200,20.0
1770114925.4798405,0.3309,15.41,-250,200,20.0
1770114925.5804958,0.2819,9.18,-250,326,32.7
1770114925.6827924,0.0923,-4.65,0,467,46.8
1770114925.7842827,-0.0101,-27.21,226,200,20.0
1770114925.8880455,0.1044,-14.36,25,202,20.2
1770114925.9807045,0.1421,-42.31,216,200,20.0
1770114926.0833316,0.1936,-38.00,137,200,20.0
1770114926.1857295,-0.1425,-51.32,250,200,20.0
1770114926.2899642,1.2136,-22.98,-250,200,20.0
1770114926.389836,-0.1540,36.38,-158,200,20.0
1770114926.4932873,0.2203,-20.79,-23,200,20.0
1770114926.5883503,0.3853,-19.05,-178,200,20.0
1770114926.6927288,0.4058,-24.34,-154,200,20.0
1770114926.7962892,0.2639,-15.26,-104,200,20.0
1770114926.9034765,-1.3610,-14.65,250,200,20.1
1770114927.0031495,0.1992,-1.13,-59,500,50.0
1770114927.1070888,-1.3923,7.01,250,400,40.1
1770114927.2033408,-0.6549,-22.71,250,200,20.0
1770114927.3073008,-0.7520,10.66,250,277,27.8
1770114927.4112065,-1.4830,12.22,250,235,23.5
1770114927.5033784,-1.6511,4.93,250,461,46.1
1770114927.5966284,-1.6351,14.93,250,200,20.0
1770114927.6796324,-1.5166,15.54,250,200,20.0
1770114927.7538912,-1.1852,18.08,250,200,20.0
1770114927.8268108,-0.9652,30.38,250,200,20.0
1770114927.900233,-0.7725,29.49,250,200,20.0
1770114927.972078,-0.5938,35.71,224,200,20.0
1770114928.0453522,-0.4009,31.56,92,200,20.0
1770114928.1103013,-0.1544,35.83,-153,200,20.0
1770114928.1737413,-0.1218,28.39,-122,200,20.0
1770114928.2453842,-0.0912,26.16,-130,200,20.0
1770114928.3097322,-0.2270,24.35,0,200,20.0
1770114928.3726637,-0.0133,28.77,-218,200,20.0
1770114928.4330096,0.0534,35.16,-250,200,20.0
1770114928.4859438,-0.0587,32.80,-211,200,20.0
1770114928.5576081,-0.0433,33.82,-233,200,20.0
1770114928.6211376,-0.0679,30.82,-188,200,20.0
1770114928.6830955,0.0510,36.69,-250,200,20.0
1770114928.747165,0.0984,39.01,-250,200,20.0
1770114928.8100502,-1.2336,4.40,250,473,47.3
1770114928.8818624,-1.3564,13.10,250,217,21.7
1770114928.9450345,-1.2785,18.95,250,200,20.0
1770114929.0070474,-1.5487,7.55,250,382,38.3
1770114929.0695045,-1.8350,-2.90,250,495,49.6
1770114929.1330142,-1.1590,5.80,250,438,43.8
1770114929.195056,-0.9821,6.25,250,424,42.5
1770114929.2559998,-1.1005,-10.98,250,268,26.8
1770114929.3189392,-1.1998,-11.52,250,252,25.3
1770114929.381105,-1.1233,7.72,250,376,37.7
1770114929.4440775,0.2570,-16.34,-90,200,20.0
1770114929.4983256,0.3147,-6.50,-101,417,41.7
1770114929.5605266,0.2903,0.53,-104,500,50.0
1770114929.6249611,0.2064,-6.59,-48,414,41.4
1770114929.6840792,0.1336,-18.40,32,200,20.0
1770114929.7466974,0.0832,-26.25,138,200,20.0
1770114929.8089216,0.0575,-35.24,232,200,20.0
1770114929.8628364,0.3220,21.20,-250,200,20.0
1770114929.9270358,0.3571,29.19,-250,200,20.0
1770114929.9885375,0.0824,-9.18,20,326,32.7
1770114930.0502791,0.0910,-7.70,11,377,37.7
1770114930.1123981,0.2671,-15.66,-104,200,20.0
1770114930.1742718,0.2673,-15.98,-101,200,20.0
1770114930.236826,0.3449,-12.38,-178,231,23.2
1770114930.2943082,0.3494,3.34,-152,491,49.1
1770114930.356452,0.4199,0.17,-145,500,50.0
1770114930.4182339,0.2813,-37.40,57,200,20.0
1770114930.4801004,0.3782,-27.48,-105,200,20.0
1770114930.5426626,0.5541,-11.21,-250,261,26.2
1770114930.6047065,0.6286,-14.12,-250,203,20.4
1770114930.6564207,0.6145,-34.07,-250,200,20.0
1770114930.7284114,0.8476,9.02,-250,332,33.2
1770114930.7811797,0.3010,-37.50,41,200,20.0
1770114930.8419662,-0.2135,-56.33,250,200,20.0
1770114930.904229,-1.9389,-40.98,250,200,20.0
1770114930.9654016,-15.2722,-83.69,250,200,20.0
1770114931.0273738,1.2348,22.42,-250,200,20.0
1770114931.0886161,1.7289,31.32,-250,200,20.0
1770114931.149923,0.0697,43.05,-250,200,20.0
1770114931.2119563,0.5669,22.81,-250,200,20.0
1770114931.2767267,0.9650,16.43,-250,200,20.0
1770114931.3288782,1.2401,36.21,-250,200,20.0
1770114931.3928647,0.2198,1.19,-85,500,50.0
1770114931.4560351,-0.0661,46.64,-250,200,20.0
1770114931.5179658,0.2331,46.58,-250,200,20.0
1770114931.5807073,0.2192,44.29,-250,200,20.0
1770114931.644415,0.1659,41.17,-250,200,20.0
1770114931.7047575,0.2833,36.65,-250,200,20.0
1770114931.7686348,0.6762,35.41,-250,200,20.0
1770114931.8304377,0.6881,2.49,-250,498,49.9
1770114931.9020145,0.3274,46.07,-250,200,20.0
1770114931.9746978,0.6915,28.59,-250,200,20.0
1770114932.0496583,1.1579,52.07,-250,200,20.0
1770114932.1297681,-0.1706,1.72,44,500,50.0
1770114932.2126637,-0.2979,-17.19,250,200,20.0
1770114932.2935948,0.0329,-12.75,75,223,22.4
1770114932.3863652,-0.3585,-22.16,250,200,20.0
1770114932.46939,-0.7398,-15.74,250,200,20.0
1770114932.5626464,-0.8628,12.20,250,235,23.6
1770114932.6447248,-0.9273,12.22,250,235,23.5
1770114932.7263637,-0.8224,1.39,250,500,50.0
1770114932.80869,-0.6624,-3.84,250,483,48.4
1770114932.8790448,-0.5334,3.05,164,494,49.4
1770114932.9609323,1.1711,-5.96,-250,433,43.4
1770114933.0420568,-0.0909,55.79,-250,200,20.0
1770114933.1254559,-1.2228,-30.21,250,200,20.0
1770114933.217706,-3.1846,-64.64,250,200,20.0
1770114933.2998624,1.7061,44.28,-250,200,20.0
1770114933.392977,1.5193,17.10,-250,200,20.0
1770114933.489262,0.2691,59.88,-250,200,20.0
1770114933.5624661,0.7912,65.12,-250,200,20.0
1770114933.644584,0.4691,49.87,-250,200,20.0
1770114933.7381206,-0.1733,-14.67,250,200,20.1
1770114933.8202894,1.0358,24.34,-250,200,20.0
1770114933.9239242,-1.2244,-19.22,250,200,20.0
1770114934.0069354,-1.3306,-50.56,250,200,20.0
1770114934.1103182,-0.4085,-47.93,250,200,20.0
1770114934.2027843,-0.2873,42.01,-89,200,20.0
1770114934.3063908,0.8632,15.46,-250,200,20.0
1770114934.4099038,-0.7894,24.31,250,200,20.0
1770114934.5142019,0.1159,-3.78,-12,484,48.5
1770114934.6172562,0.7635,-26.06,-250,200,20.0
1770114934.7196639,1.1306,51.69,-250,200,20.0
1770114934.8122427,0.0963,-0.82,-26,500,50.0
1770114934.9154048,0.1690,28.72,-250,200,20.0
1770114935.0211391,0.5936,13.12,-250,216,21.7
1770114935.1246846,0.0583,-6.37,23,421,42.1
1770114935.2173476,-0.5707,-15.99,250,200,20.0
1770114935.3224418,-0.7235,-20.24,250,200,20.0
1770114935.4283364,0.3098,-10.38,-137,286,28.7
1770114935.5326462,0.8484,5.85,-250,436,43.7
1770114935.624883,0.0175,1.78,-20,500,50.0
1770114935.7283711,-0.4759,-6.75,250,408,40.9
1770114935.833123,-0.8899,-5.42,250,448,44.9
1770114935.9364111,-0.3352,13.63,173,209,20.9
1770114936.029592,-0.2481,40.40,-109,200,20.0
1770114936.1325812,-1.0145,1.59,250,500,50.0
1770114936.2370355,-0.9695,6.79,250,407,40.8
1770114936.3405533,-0.9442,6.39,250,420,42.1
1770114936.4447002,-0.9539,5.20,250,454,45.4
1770114936.5379524,-0.9287,6.34,250,422,42.2
1770114936.6417716,-0.8350,3.31,250,491,49.2
1770114936.745279,-0.6334,-6.06,250,430,43.1
1770114936.8493621,-0.6222,-6.95,250,402,40.3
1770114936.942537,-0.6247,-5.32,250,451,45.1
1770114937.0463252,-0.7231,1.31,238,500,50.0
1770114937.1490393,-0.6983,7.19,250,394,39.5
1770114937.2532406,-0.7265,6.48,250,417,41.8
1770114937.3469567,-0.6966,7.15,250,395,39.6
1770114937.450189,-0.7111,5.73,250,440,44.0
1770114937.5540028,-0.6950,6.12,250,428,42.9
1770114937.6577759,-0.7026,7.60,250,381,38.1
1770114937.7624805,-0.7215,6.04,250,430,43.1
1770114937.8667102,-0.7294,5.36,250,450,45.0
1770114937.95989,-0.7254,6.17,250,427,42.7
1770114938.0688045,-0.7044,7.28,250,391,39.2
1770114938.1612716,-0.6996,6.82,250,406,40.7
1770114938.2682374,-0.7138,7.25,250,392,39.3
1770114938.3625507,-0.7617,6.14,250,427,42.8
1770114938.4654992,-0.7849,6.70,250,410,41.1
1770114938.5709498,-0.7954,6.42,250,419,41.9
1770114938.6766036,-0.7563,8.03,250,366,36.6
1770114938.7680857,-0.7635,7.62,250,380,38.0
1770114938.8729465,-0.7634,7.57,250,381,38.2
1770114938.9765668,-0.7551,7.84,250,372,37.3
1770114939.0706604,-0.7595,8.23,250,359,35.9
1770114939.1743445,-0.7580,7.79,250,374,37.5
1770114939.2796364,-0.7582,8.10,250,363,36.4
1770114939.3844967,-0.7623,7.90,250,370,37.1
1770114939.4796922,-0.7612,8.24,250,358,35.9
1770114939.5837493,-0.7601,8.02,250,366,36.7
1770114939.6889443,-0.7584,8.33,250,355,35.6
1770114939.7818816,-0.7562,8.25,250,358,35.9
1770114939.8877156,-0.7603,8.09,250,364,36.4
1770114939.9925888,-0.7598,8.06,250,365,36.5
1770114940.085089,-0.7489,2.52,239,498,49.9
1770114940.190376,-0.9516,1.57,250,500,50.0
1770114940.2956572,-0.9779,3.76,250,484,48.5
1770114940.388366,-1.0596,7.58,250,381,38.2
1770114940.4930604,0.1620,25.83,-250,200,20.0
1770114940.5855467,-0.7161,1.46,234,500,50.0
1770114940.6891356,0.0847,-1.97,-13,500,50.0
1770114940.7959545,0.6103,11.76,-250,246,24.7
1770114940.8998387,1.3551,14.30,-250,202,20.3
1770114941.0027275,1.2265,18.30,-250,200,20.0
1770114941.0963736,1.2032,16.26,-250,200,20.0
1770114941.1978252,1.2637,14.11,-250,204,20.4
1770114941.303586,1.2623,14.12,-250,203,20.4
1770114941.407712,1.3102,8.47,-250,351,35.1
1770114941.513292,1.3299,9.18,-250,326,32.7
1770114941.603676,0.0186,9.34,-86,320,32.1
1770114941.7054949,0.0722,6.39,-85,420,42.0
1770114941.811803,0.1405,6.48,-120,417,41.8
1770114941.9151428,0.2391,4.75,-134,465,46.5
1770114942.006335,-0.6477,26.36,250,200,20.0
1770114942.1091933,-1.4560,2.02,250,499,50.0
1770114942.2125769,-1.0860,15.93,250,200,20.0
1770114942.3170128,-0.9345,22.14,250,200,20.0
1770114942.4092698,-0.9013,24.06,250,200,20.0
1770114942.5172222,-0.9564,25.80,250,200,20.0
1770114942.622881,0.3707,30.22,-250,200,20.0
1770114942.7202318,0.2478,26.28,-250,200,20.0
1770114942.8253503,0.0887,20.62,-241,200,20.0
1770114942.9244175,-1.3770,13.09,250,217,21.8
1770114943.0199645,0.2137,23.98,-250,200,20.0
1770114943.1223838,-0.2926,34.30,-22,200,20.0
1770114943.2272067,-0.3649,13.92,198,205,20.6
1770114943.3300989,-0.4032,8.47,174,351,35.1
1770114943.4232159,-0.3540,17.34,165,200,20.0
1770114943.5275316,-0.2757,17.82,94,200,20.0
1770114943.6324222,-0.5237,6.78,208,408,40.8
1770114943.7363803,-0.5729,4.26,186,475,47.6
1770114943.8293958,-0.5634,14.67,250,200,20.1
1770114943.9366488,1.4535,7.62,-250,380,38.0
1770114944.0406337,1.3107,6.91,-250,404,40.4
1770114944.1451988,1.2282,5.85,-250,436,43.7
1770114944.2491746,1.2034,5.87,-250,436,43.6
1770114944.3410516,1.1032,4.01,-250,480,48.1
1770114944.4446206,1.1225,1.99,-250,500,50.0
1770114944.5499485,1.2479,3.30,-250,491,49.2
1770114944.6400423,1.4126,5.69,-250,441,44.1
1770114944.7413285,0.1266,-2.83,-21,496,49.7
1770114944.844361,-1.3984,7.82,250,373,37.4
1770114944.9480996,-1.1030,13.79,250,207,20.7
1770114945.0531766,-1.1403,8.93,250,334,33.5
1770114945.146015,-1.0342,16.64,250,200,20.0
1770114945.249277,-1.0764,17.65,250,200,20.0
1770114945.354503,-0.4434,-0.06,152,500,50.0
1770114945.4462094,-0.3332,23.65,97,200,20.0
1770114945.5505464,0.2688,-9.93,-104,301,30.1
1770114945.656527,1.6252,11.69,-250,248,24.8
1770114945.7602332,1.5524,14.13,-250,203,20.4
1770114945.866784,1.5184,14.54,-250,201,20.1
1770114945.9558983,1.4708,11.30,-250,258,25.9
1770114946.0609527,1.4973,4.01,-250,480,48.1
1770114946.165131,1.5092,-0.87,-250,500,50.0
1770114946.2658896,-1.4710,5.62,250,443,44.3
1770114946.358185,-1.4587,0.88,250,500,50.0
1770114946.4615347,-1.1584,7.54,250,383,38.3
1770114946.5648425,-1.2281,-4.54,250,470,47.0
1770114946.6685312,-1.2388,-8.64,250,345,34.5
1770114946.7716699,-0.2410,5.76,61,439,43.9
1770114946.8663263,-1.1355,4.38,250,473,47.4
1770114946.9690986,-0.2712,20.15,71,200,20.0
1770114947.0735729,-1.4484,-2.98,250,495,49.5
1770114947.170166,1.5711,-6.83,-250,406,40.7
1770114947.2744505,1.5179,-7.05,-250,399,40.0
1770114947.3784776,1.4073,-9.05,-250,330,33.1
1770114947.4727192,1.2127,-12.99,-250,219,21.9
1770114947.5773358,1.2321,-11.85,-250,244,24.4
1770114947.6820376,1.3197,-9.01,-250,332,33.2
1770114947.7844462,1.4280,-4.35,-250,474,47.4
1770114947.8784027,1.5875,-0.09,-250,500,50.0
1770114947.9799469,-2.0200,-25.73,250,200,20.0
1770114948.0825803,-1.6971,-19.47,250,200,20.0
1770114948.1859674,0.6643,57.18,-250,200,20.0
1770114948.2893655,-0.2625,-52.51,250,200,20.0
1770114948.3934534,-1.1046,3.82,250,484,48.4
1770114948.4860578,0.2250,49.82,-250,200,20.0
1770114948.5893853,0.0775,41.09,-250,200,20.0
1770114948.692588,-0.9916,17.42,250,200,20.0
1770114948.7954247,-1.4623,-14.71,250,200,20.0
1770114948.88841,-1.4395,-0.78,250,500,50.0
1770114948.9942846,0.3869,-0.68,-127,500,50.0
1770114949.0987582,0.3351,-1.47,-103,500,50.0
1770114949.2032688,0.0990,-1.47,-22,500,50.0
1770114949.2976198,1.4637,6.91,-250,404,40.4
1770114949.4035263,1.3945,6.45,-250,418,41.9
1770114949.5056245,1.3798,6.70,-250,410,41.1
1770114949.5988202,1.4057,5.55,-250,445,44.5
1770114949.7023141,1.5407,4.91,-250,461,46.2
1770114949.8056295,1.5699,5.76,-250,439,43.9
1770114949.9073117,-0.1292,0.80,38,500,50.0
1770114950.0107095,-0.0391,1.45,1,500,50.0
1770114950.113946,0.0516,1.35,-28,500,50.0
1770114950.2067213,0.0497,1.32,-27,500,50.0
1770114950.3102264,-0.0552,0.94,11,500,50.0
1770114950.4133587,-0.1468,0.81,43,500,50.0
1770114950.5164342,-0.2326,0.44,76,500,50.0
1770114950.620793,-0.3873,0.25,131,500,50.0
1770114950.7132056,-0.5971,0.23,203,500,50.0
1770114950.8160133,-0.9094,-0.17,250,500,50.0
1770114950.9185817,0.5714,7.07,-250,398,39.9
1770114951.0215938,0.2434,17.00,-250,200,20.0
1770114951.1256466,-2.6981,-70.00,250,200,20.0
1770114951.2180507,-1.6238,-46.27,250,200,20.0
1770114951.3209906,-1.2668,-22.69,250,200,20.0
1770114951.424203,-1.1872,-8.81,250,339,33.9
1770114951.52723,-1.1378,-1.77,250,500,50.0
1770114951.6305718,-1.1343,4.91,250,461,46.2
1770114951.723424,15.7034,84.54,-250,200,20.0
1770114951.8266544,-8.1595,-76.04,250,200,20.0
1770114951.9310625,-1.9296,-49.14,250,200,20.0
1770114952.0351264,-2.4526,-58.47,250,200,20.0
1770114952.1381493,-3.6366,-67.27,250,200,20.0
1770114952.2320087,-3.8724,-67.98,250,200,20.0
1770114952.3355901,-3.9099,-67.86,250,200,20.0
1770114952.4399536,1.9744,21.41,-250,200,20.0
1770114952.5442903,1.7081,6.14,-250,428,42.8
1770114952.6403682,1.5767,2.34,-250,499,49.9
1770114952.7443123,-1.7231,-51.06,250,200,20.0
1770114952.8512597,-1.4303,-49.08,250,200,20.0
1770114952.9511545,-0.3898,-28.46,250,200,20.0
1770114953.056512,-0.7824,-38.44,250,200,20.0
1770114953.1487262,-0.6944,-35.01,250,200,20.0
1770114953.2526248,-0.6355,-29.18,250,200,20.0
1770114953.3577518,-0.3046,-12.54,250,228,22.8
1770114953.4498963,-0.0355,0.26,10,500,50.0
1770114953.5534043,-0.3646,-14.06,250,204,20.4
1770114953.6576738,0.1823,17.31,-250,200,20.0
1770114953.7620654,0.8514,40.02,-250,200,20.0
1770114953.8662295,0.6975,38.37,-250,200,20.0
1770114953.9697206,-0.6277,3.00,197,494,49.5
1770114954.072919,-0.8329,8.40,250,353,35.3
1770114954.1634982,-0.8680,-0.86,250,500,50.0
1770114954.2679436,-0.6502,5.59,241,444,44.4
1770114954.3729503,-0.4866,18.49,250,200,20.0
1770114954.4724684,-0.2747,-14.86,250,200,20.0
1770114954.5760052,-0.3056,-12.12,250,237,23.8
1770114954.6684964,-0.4230,-7.96,250,368,36.9
1770114954.7700908,-0.5853,-11.63,250,249,25.0
1770114954.872983,-0.3623,0.29,122,500,50.0
1770114954.96527,-0.4664,1.74,146,500,50.0
1770114955.0722282,-0.4788,8.74,225,341,34.2
1770114955.175097,-0.7287,29.44,250,200,20.0
1770114955.277925,-0.5053,5.29,173,451,45.2
1770114955.3707497,-0.6942,7.12,250,397,39.7
1770114955.475501,-0.5819,19.28,250,200,20.0
1770114955.5804758,-0.5957,14.55,250,201,20.1
1770114955.6848066,-0.6192,10.85,250,272,27.2
1770114955.787633,-0.6152,10.89,250,270,27.1
1770114955.8934376,-0.6155,12.44,250,230,23.0
1770114955.985245,-0.6107,12.84,250,222,22.2
1770114956.0889056,-0.6124,12.30,250,233,23.3
1770114956.1930757,-0.6040,13.32,250,213,21.4
1770114956.298178,-0.6136,11.49,250,253,25.4
1770114956.3894866,-0.6138,12.33,250,232,23.3
1770114956.4924705,-0.6228,12.63,250,226,22.6
1770114956.596551,-0.6012,13.73,250,208,20.8
1770114956.7007728,-0.6056,13.25,250,214,21.5
1770114956.7934144,-0.6198,11.37,250,257,25.7
1770114956.8966587,-0.5891,13.95,250,205,20.6
1770114957.00075,-0.6006,13.89,250,206,20.6
1770114957.1043777,-0.6116,12.85,250,221,22.2
1770114957.2085288,-0.5924,14.63,250,200,20.1
1770114957.3005643,-0.5996,13.73,250,208,20.8
1770114957.4041207,-0.6088,12.37,250,231,23.2
1770114957.5079615,-0.6189,11.92,250,242,24.3
1770114957.6115255,-0.5933,13.66,250,208,20.9
1770114957.7043555,-0.5944,14.07,250,204,20.4
1770114957.807799,-0.6056,13.66,250,208,20.9
1770114957.9112322,-0.5963,13.23,250,215,21.5
1770114958.0160406,-0.5899,13.83,250,206,20.7
1770114958.1211104,-0.5976,14.19,250,203,20.3
1770114958.215053,-0.6047,13.13,250,216,21.7
1770114958.3189175,-0.5903,13.88,250,206,20.6
1770114958.423291,-0.6078,13.21,250,215,21.6
1770114958.5169337,-0.6016,13.01,250,218,21.9
1770114958.6210904,-0.5978,13.72,250,208,20.8
1770114958.7242203,-0.5943,15.31,250,200,20.0
1770114958.8284543,-0.6013,13.68,250,208,20.9
1770114958.9209363,-0.5983,14.26,250,202,20.3
1770114959.0242891,-0.5962,14.92,250,200,20.0
1770114959.1281793,-0.5818,16.13,250,200,20.0
1770114959.2316198,-0.5946,15.12,250,200,20.0
1770114959.3242993,-0.6041,14.07,250,204,20.4
1770114959.429448,-0.5936,15.67,250,200,20.0
1770114959.5337682,-0.5768,16.47,250,200,20.0
1770114959.640408,-0.6018,12.78,250,223,22.3
1770114959.7325907,-0.6050,12.37,250,231,23.2
1770114959.8359153,-0.5931,16.18,250,200,20.0
1770114959.939973,-0.6158,12.71,250,224,22.5
1770114960.0441816,-0.6114,13.84,250,206,20.7
1770114960.1331239,-0.7736,9.70,250,308,30.9
1770114960.236217,-1.6393,20.57,250,200,20.0
1770114960.339514,-1.5482,28.90,250,200,20.0
1770114960.4437504,-1.5264,19.72,250,200,20.0
1770114960.5477684,-1.6341,12.25,250,234,23.4
1770114960.6453757,-1.5681,16.97,250,200,20.0
1770114960.7498224,-1.5876,14.58,250,200,20.1
1770114960.841792,-1.6556,12.20,250,235,23.6
1770114960.9428022,-1.4186,5.51,250,446,44.6
1770114961.045515,-1.3967,-0.13,250,500,50.0
1770114961.1486762,-0.9640,14.80,250,200,20.0
1770114961.2554545,-1.4183,11.81,250,245,24.5
1770114961.348236,0.0356,-9.20,50,325,32.6
1770114961.4475956,0.7806,-6.19,-250,426,42.7
1770114961.5487201,1.0344,21.75,-250,200,20.0
1770114961.6541502,0.0096,32.15,-250,200,20.0
1770114961.7609937,0.0344,-20.96,138,200,20.0
1770114961.8676808,-0.8537,-25.11,250,200,20.0
1770114961.9659085,-0.0104,4.26,-30,475,47.6
1770114962.0587516,-1.3811,-37.07,250,200,20.0
1770114962.1593616,-0.4999,55.41,-13,200,20.0
1770114962.241594,-0.5076,-1.88,189,500,50.0
1770114962.3152587,0.4061,-18.84,-198,200,20.0
1770114962.3866823,-14.5538,-83.69,250,200,20.0
1770114962.4681695,-1.1961,0.65,250,500,50.0
1770114962.5750492,0.2786,27.83,-250,200,20.0
1770114962.6678786,0.2079,25.92,-250,200,20.0
1770114962.770081,0.4520,19.64,-250,200,20.0
1770114962.87303,-0.0053,2.07,-14,499,50.0
1770114962.9766514,0.8197,27.36,-250,200,20.0
1770114963.0682867,1.0244,4.38,-250,473,47.4
1770114963.1710966,0.7244,-20.42,-250,200,20.0
1770114963.274518,0.8374,-17.59,-250,200,20.0
1770114963.3805997,0.4489,20.63,-250,200,20.0
1770114963.4845743,0.0021,7.76,-63,375,37.5
1770114963.5898004,0.5893,40.71,-250,200,20.0
1770114963.6811097,-0.3114,33.51,0,200,20.0
1770114963.78509,-1.4251,11.65,250,249,24.9
1770114963.8876464,-1.7958,-23.35,250,200,20.0
1770114963.9925501,-1.1100,-19.53,250,200,20.0
1770114964.0855267,-0.5245,16.79,250,200,20.0
1770114964.1929767,-0.7490,15.96,250,200,20.0
1770114964.2864907,-0.4186,12.46,238,229,23.0
1770114964.392601,-1.2429,-13.80,250,207,20.7
1770114964.4829814,-1.5892,10.55,250,281,28.1
1770114964.5909197,0.1257,-23.83,82,200,20.0
1770114964.6824346,0.3829,1.13,-140,500,50.0
1770114964.7834337,0.3182,17.44,-250,200,20.0
1770114964.8876996,-0.0190,11.98,-80,241,24.1
1770114964.9907718,0.1483,-2.38,-32,499,49.9
1770114965.094768,-0.0865,2.82,7,496,49.7
1770114965.1993642,-0.2548,0.72,81,500,50.0
1770114965.3059986,-0.2587,-3.40,120,490,49.0
1770114965.3972254,-0.3618,0.93,116,500,50.0
1770114965.5011935,-0.3283,1.05,104,500,50.0
1770114965.6053615,-0.3376,1.86,101,500,50.0
1770114965.698055,-0.3136,3.32,85,491,49.1
1770114965.8012497,-0.3475,4.69,101,466,46.7
1770114965.9043453,-0.2824,16.90,107,200,20.0
1770114966.0076282,-0.4074,12.03,225,239,24.0
1770114966.1119955,-0.6058,-2.44,228,498,49.9
1770114966.2035873,0.2028,-26.31,36,200,20.0
1770114966.3089938,-0.3111,14.38,151,201,20.2
1770114966.411924,-0.3830,15.95,201,200,20.0
1770114966.515619,-0.5274,12.77,250,223,22.3
1770114966.608647,-0.8444,-16.98,250,200,20.0
1770114966.7107687,-1.2489,-42.90,250,200,20.0
1770114966.8142407,-2.2022,-57.95,250,200,20.0
1770114966.9162297,-1.4893,-14.29,250,202,20.3
1770114967.0094633,0.2769,-17.47,-98,200,20.0
1770114967.1128073,-3.8510,-61.07,250,200,20.0
1770114967.2046041,-6.1262,-75.35,250,200,20.0
1770114967.3012516,-0.3127,-26.74,250,200,20.0
1770114967.384286,-0.0044,-8.24,68,359,35.9
1770114967.4657018,-0.3282,-24.47,250,200,20.0
1770114967.5284798,0.0288,1.94,-25,500,50.0
1770114967.5885217,-0.3773,6.91,136,403,40.4
1770114967.6495745,-0.9727,-8.73,250,341,34.2
1770114967.7215862,-0.2119,24.47,-13,200,20.0
1770114967.8033524,-0.2316,-36.27,250,200,20.0
1770114967.8854551,-1.0165,-48.68,250,200,20.0
1770114967.9780185,-0.6342,-23.19,250,200,20.0
1770114968.071734,-0.6765,-5.33,250,450,45.1
1770114968.1751766,0.4915,11.64,-250,249,25.0
1770114968.2807305,0.5152,11.64,-250,249,25.0
1770114968.3831065,0.2804,-8.31,-99,356,35.6
1770114968.486123,0.8666,-2.06,-250,499,50.0
1770114968.5881884,0.8132,-0.08,-250,500,50.0
1770114968.6795545,-0.4390,-10.07,250,296,29.7
1770114968.7819865,-0.3875,-4.39,186,473,47.3
1770114968.8845553,-0.4133,-2.32,161,499,49.9
1770114968.9873862,-0.5456,-2.81,213,496,49.7
1770114969.0905676,-0.7312,2.93,233,495,49.6
1770114969.1929677,-0.7412,-1.79,250,500,50.0
1770114969.2962563,-0.6510,-2.56,246,498,49.8
1770114969.3982623,-0.7593,2.61,242,498,49.8
1770114969.4913447,-0.6866,3.74,223,485,48.5
1770114969.5935233,-0.6007,2.44,188,498,49.9
1770114969.6961057,-0.6316,3.12,199,493,49.4
1770114969.7987158,-0.6207,3.58,197,487,48.8
1770114969.9015095,-0.6282,3.36,198,490,49.1
1770114970.0057838,-0.6330,4.30,210,475,47.5
1770114970.0990715,-0.6254,6.33,247,422,42.2
1770114970.201452,-0.7075,2.93,225,495,49.6
1770114970.3040204,-0.7017,2.51,222,498,49.9
1770114970.4068408,-0.7328,-1.82,250,500,50.0
1770114970.5097842,-0.7435,-4.54,250,470,47.0
1770114970.6137626,-0.7390,-4.56,250,469,47.0
1770114970.716197,-0.7230,-3.23,250,492,49.2
1770114970.809102,-0.7264,-4.17,250,477,47.8
1770114970.912656,-0.7344,-4.10,250,478,47.9
1770114971.0155156,-0.7342,-4.53,250,470,47.0
1770114971.1183069,-0.7261,-4.06,250,479,48.0
1770114971.2213938,-0.7232,-3.42,250,489,49.0
1770114971.324237,-0.7231,-3.73,250,485,48.5
1770114971.4171674,-0.7248,-3.54,250,488,48.8
1770114971.5203235,-0.7113,-2.20,250,499,50.0
1770114971.623361,-0.7216,-2.94,250,495,49.5
1770114971.7263854,-0.7255,-3.84,250,483,48.4
1770114971.8295715,-0.7165,-2.88,250,496,49.6
1770114971.9219835,-0.7105,-2.11,250,499,50.0
1770114972.025033,-0.7159,-2.89,250,495,49.6
1770114972.128483,-0.7244,-3.50,250,488,48.9
1770114972.2313452,-0.7233,-3.61,250,487,48.7
1770114972.3343196,-0.7173,-2.90,250,495,49.6
1770114972.438502,-0.7073,-2.41,250,499,49.9
1770114972.5369534,-0.7118,-2.54,250,498,49.9
1770114972.6503203,-0.7281,-3.96,250,481,48.2
1770114972.7434611,-0.7241,-3.43,250,489,49.0
1770114972.8468974,-0.7227,-3.33,250,491,49.1
1770114972.9512198,-0.7219,-3.48,250,489,48.9
1770114973.055696,-0.7032,-2.85,250,496,49.6
1770114973.148173,-0.7003,-3.05,250,494,49.4
1770114973.2516599,-0.5672,3.80,179,484,48.4
1770114973.3554394,-0.5649,2.40,175,499,49.9
1770114973.4593773,-0.5644,2.47,175,498,49.9
1770114973.5629358,-0.5589,3.62,175,487,48.7
1770114973.6575801,-0.6434,0.39,218,500,50.0
1770114973.7647903,-0.6960,-2.26,250,499,50.0
1770114973.858694,-0.7016,-2.79,250,496,49.7
1770114973.9623787,-0.5848,-5.29,250,452,45.2
1770114974.0577197,-0.5330,-1.27,193,500,50.0
1770114974.1639504,0.3286,3.09,-141,493,49.4
1770114974.2676823,0.1212,-5.05,-9,458,45.8
1770114974.3719435,0.0480,-11.32,54,258,25.8
1770114974.4748108,-0.1506,-14.55,245,201,20.1
1770114974.5673358,-0.2210,-15.74,250,200,20.0
1770114974.6712813,-0.2142,-7.70,180,377,37.7
1770114974.7744918,-0.2013,-3.65,103,486,48.7
1770114974.8789415,-0.2309,-5.66,147,442,44.2
1770114974.9716535,-0.4417,-11.73,250,247,24.7
1770114975.0760934,1.3944,27.12,-250,200,20.0
1770114975.179687,1.2374,24.68,-250,200,20.0
1770114975.2872279,1.2034,24.31,-250,200,20.0
1770114975.3888667,1.1935,25.44,-250,200,20.0
1770114975.4812925,1.2212,24.10,-250,200,20.0
1770114975.5852308,1.2266,23.05,-250,200,20.0
1770114975.6922174,1.2500,21.35,-250,200,20.0
1770114975.7833393,1.2715,18.54,-250,200,20.0
1770114975.886964,1.3133,15.97,-250,200,20.0
1770114975.9908047,1.3356,14.28,-250,202,20.3
1770114976.0952256,1.4005,14.97,-250,200,20.0
1770114976.1998467,1.4810,17.26,-250,200,20.0
1770114976.2918468,1.5733,20.56,-250,200,20.0
1770114976.395346,-0.4614,-18.81,250,200,20.0
1770114976.4995694,-0.4148,-18.65,250,200,20.0
1770114976.5921917,-0.3387,-16.90,250,200,20.0
1770114976.6958597,-0.2877,-12.74,250,224,22.4
1770114976.8023913,-0.2576,-8.59,225,346,34.7
1770114976.905532,-0.2803,-9.89,250,302,30.3
1770114976.9980323,-0.2319,-2.41,99,499,49.9
1770114977.1009028,1.5813,27.35,-250,200,20.0
1770114977.2057848,1.4468,26.40,-250,200,20.0
1770114977.297532,1.1634,19.75,-250,200,20.0
1770114977.4141548,1.0727,19.08,-250,200,20.0
1770114977.503887,1.0536,19.18,-250,200,20.0
1770114977.6117375,1.0701,17.42,-250,200,20.0
1770114977.7064128,1.1621,16.64,-250,200,20.0
1770114977.8115046,1.1918,20.25,-250,200,20.0
1770114977.9151626,1.2102,18.75,-250,200,20.0
1770114978.0200827,1.2818,20.69,-250,200,20.0
1770114978.1112018,1.3732,24.07,-250,200,20.0
1770114978.2160933,1.4228,23.28,-250,200,20.0
1770114978.3194711,1.4941,23.42,-250,200,20.0
1770114978.4119902,1.5574,23.57,-250,200,20.0
1770114978.515796,1.6119,24.64,-250,200,20.0
1770114978.6193547,-0.5828,-28.88,250,200,20.0
1770114978.724487,-0.4730,-25.75,250,200,20.0
1770114978.8160448,-0.4886,-34.98,250,200,20.0
1770114978.9202728,-0.4259,-33.72,250,200,20.0
1770114979.025189,-0.4479,-33.52,250,200,20.0
1770114979.130491,-0.5416,-36.36,250,200,20.0
1770114979.2329776,-0.5695,-35.44,250,200,20.0
1770114979.3274794,-0.5198,-28.25,250,200,20.0
1770114979.4308612,-0.4628,-22.12,250,200,20.0
1770114979.5345712,1.5667,21.00,-250,200,20.0
1770114979.6271265,1.5043,22.29,-250,200,20.0
1770114979.7319303,1.3942,19.25,-250,200,20.0
1770114979.8347206,1.3805,19.68,-250,200,20.0
1770114979.9404361,1.3603,16.47,-250,200,20.0
1770114980.043631,1.3923,15.93,-250,200,20.0
1770114980.1357305,1.4026,10.15,-250,294,29.4
1770114980.240684,1.4514,8.48,-250,350,35.1
1770114980.3431802,-0.6517,-38.90,250,200,20.0
1770114980.4482276,-0.5033,-36.71,250,200,20.0
1770114980.540607,-0.4512,-38.26,250,200,20.0
1770114980.644112,-0.4715,-40.47,250,200,20.0
1770114980.7482665,-0.4621,-40.06,250,200,20.0
1770114980.8526287,-0.5536,-42.79,250,200,20.0
1770114980.9475584,-0.6822,-46.09,250,200,20.0
1770114981.0496988,-0.8041,-48.48,250,200,20.0
1770114981.154396,-0.7949,-46.11,250,200,20.0
1770114981.2488267,1.3200,-23.33,-250,200,20.0
1770114981.3528686,1.2559,-24.06,-250,200,20.0
1770114981.457575,1.1766,-25.29,-250,200,20.0
1770114981.5632775,1.1328,-27.29,-250,200,20.0
1770114981.6559112,1.1549,-25.90,-250,200,20.0
1770114981.760265,1.2402,-20.40,-250,200,20.0
1770114981.8657367,1.2833,-20.72,-250,200,20.0
1770114981.958577,1.3535,-18.74,-250,200,20.0
1770114982.0627534,-0.6124,-39.48,250,200,20.0
1770114982.1670897,-0.5266,-38.51,250,200,20.0
1770114982.2718463,-0.4485,-37.05,250,200,20.0
1770114982.3641992,-0.3875,-34.47,250,200,20.0
1770114982.4678867,-0.3322,-30.45,250,200,20.0
1770114982.5721016,-0.3437,-29.06,250,200,20.0
1770114982.6676035,-0.3584,-28.43,250,200,20.0
1770114982.7727647,-0.3695,-28.86,250,200,20.0
1770114982.877163,-0.5347,-34.52,250,200,20.0
1770114982.9835062,1.2419,-22.33,-250,200,20.0
1770114983.075062,1.1899,-21.34,-250,200,20.0
1770114983.1781857,1.1033,-24.07,-250,200,20.0
1770114983.2845416,1.0738,-23.35,-250,200,20.0
1770114983.3874762,1.0659,-24.37,-250,200,20.0
1770114983.479802,1.1329,-22.03,-250,200,20.0
1770114983.5838253,1.2322,-18.50,-250,200,20.0
1770114983.6867988,1.3045,-17.06,-250,200,20.0
1770114983.7900333,-0.4854,-27.53,250,200,20.0
1770114983.893689,-0.4640,-30.19,250,200,20.0
1770114983.985893,-0.4056,-26.97,250,200,20.0
1770114984.0895503,-0.3767,-25.46,250,200,20.0
1770114984.1941223,-0.4839,-32.58,250,200,20.0
1770114984.2880962,-0.4563,-26.81,250,200,20.0
1770114984.3923335,-0.4454,-22.50,250,200,20.0
1770114984.49793,-0.4658,-20.24,250,200,20.0
1770114984.6011972,1.2870,-16.57,-250,200,20.0
1770114984.6932695,1.2324,-16.91,-250,200,20.0
1770114984.800219,1.1560,-18.57,-250,200,20.0
1770114984.9033484,1.0968,-19.95,-250,200,20.0
1770114985.007713,1.1772,-6.05,-250,430,43.1
1770114985.1003928,1.1890,-5.96,-250,433,43.3
1770114985.2028587,1.3428,-7.75,-250,375,37.6
1770114985.308794,1.4510,-4.81,-250,464,46.4
1770114985.4109738,-0.3684,-15.74,250,200,20.0
1770114985.513132,-0.2560,-15.64,250,200,20.0
1770114985.6061234,-0.1659,-12.41,232,231,23.1
1770114985.708728,-0.1330,-13.38,218,212,21.3
1770114985.8138287,-0.1555,-12.11,220,237,23.8
1770114985.9171152,-0.1717,-13.27,249,214,21.5
1770114986.009942,-0.1453,-5.00,100,459,45.9
1770114986.1146252,1.7438,4.83,-250,463,46.3
1770114986.2198684,1.7654,8.68,-250,343,34.4
1770114986.3253138,1.4978,1.83,-250,500,50.0
1770114986.4205534,1.3963,3.14,-250,493,49.4
1770114986.512297,1.4289,5.08,-250,457,45.7
1770114986.615465,1.6814,22.13,-250,200,20.0
1770114986.7184963,1.7418,24.26,-250,200,20.0
1770114986.822185,1.8238,21.19,-250,200,20.0
1770114986.9254215,1.8797,22.58,-250,200,20.0
1770114987.0181022,0.4505,36.45,-250,200,20.0
1770114987.1225872,0.4149,32.50,-250,200,20.0
1770114987.2259464,0.4450,35.74,-250,200,20.0
1770114987.3304682,0.5318,38.99,-250,200,20.0
1770114987.4333403,0.5881,38.85,-250,200,20.0
1770114987.5374644,0.6270,38.88,-250,200,20.0
1770114987.6299908,0.6673,39.71,-250,200,20.0
1770114987.7348177,0.6970,39.64,-250,200,20.0
1770114987.840189,0.7596,41.73,-250,200,20.0
1770114987.9332342,-1.0494,23.28,250,200,20.0
1770114988.036975,-1.0096,25.42,250,200,20.0
1770114988.1405666,-0.9852,35.88,250,200,20.0
1770114988.244579,-0.9978,25.67,250,200,20.0
1770114988.3371356,-0.9996,20.86,250,200,20.0
1770114988.443754,0.7168,38.32,-250,200,20.0
1770114988.5481348,0.6527,41.49,-250,200,20.0
1770114988.643235,0.5769,43.09,-250,200,20.0
1770114988.7494414,0.5062,46.47,-250,200,20.0
1770114988.8536413,0.4699,46.87,-250,200,20.0
1770114988.946478,0.5102,47.63,-250,200,20.0
1770114989.0505552,0.5392,47.23,-250,200,20.0
1770114989.1545305,0.5089,42.84,-250,200,20.0
1770114989.2593758,0.4898,41.27,-250,200,20.0
1770114989.350528,0.5266,41.36,-250,200,20.0
1770114989.4540567,0.5631,41.68,-250,200,20.0
1770114989.5580099,0.6054,42.71,-250,200,20.0
1770114989.6620052,0.6502,43.10,-250,200,20.0
1770114989.7664008,0.6858,44.02,-250,200,20.0
1770114989.8593717,0.7122,43.85,-250,200,20.0
1770114989.9648852,0.7507,44.46,-250,200,20.0
1770114990.0615969,0.7285,42.04,-250,200,20.0
1770114990.165758,-0.0887,19.93,-83,200,20.0
1770114990.2700775,0.0488,23.95,-233,200,20.0
1770114990.3631148,0.0161,21.56,-186,200,20.0
1770114990.4666383,0.0296,21.47,-197,200,20.0
1770114990.5698793,0.1069,25.80,-250,200,20.0
1770114990.674329,0.2067,24.02,-250,200,20.0
1770114990.7789466,0.1860,25.05,-250,200,20.0
1770114990.8706803,0.2195,27.33,-250,200,20.0
1770114990.9740808,0.2865,29.00,-250,200,20.0
1770114991.0771568,-0.9664,41.11,250,200,20.0
1770114991.1828332,-0.9709,40.05,250,200,20.0
1770114991.2759054,-0.9700,39.47,250,200,20.0
1770114991.3798435,-0.9539,40.28,250,200,20.0
1770114991.4830706,-0.5661,23.86,250,200,20.0
1770114991.5787363,-0.4871,30.23,176,200,20.0
1770114991.6853719,-0.5173,30.78,198,200,20.0
1770114991.7819202,0.9444,55.17,-250,200,20.0
1770114991.8854253,0.8463,55.93,-250,200,20.0
1770114991.9892328,0.7280,56.31,-250,200,20.0
1770114992.0943213,0.6359,57.68,-250,200,20.0
1770114992.1979015,0.5942,58.72,-250,200,20.0
1770114992.2923512,0.6033,58.91,-250,200,20.0
1770114992.3969223,0.6131,58.48,-250,200,20.0
1770114992.5015862,0.6944,60.13,-250,200,20.0
1770114992.5958292,0.7094,60.23,-250,200,20.0
1770114992.7005694,0.7353,60.69,-250,200,20.0
1770114992.793927,0.7778,61.37,-250,200,20.0
1770114992.900315,0.7708,61.26,-250,200,20.0
1770114993.0055916,0.7638,60.84,-250,200,20.0
1770114993.0981793,0.8108,61.78,-250,200,20.0
1770114993.2020354,0.8216,61.49,-250,200,20.0
1770114993.3055794,0.8144,60.69,-250,200,20.0
1770114993.409193,0.8219,60.66,-250,200,20.0
1770114993.5024617,0.8165,60.37,-250,200,20.0
1770114993.605692,0.8195,59.38,-250,200,20.0
1770114993.7139506,0.7880,57.92,-250,200,20.0
1770114993.8071404,0.8298,58.73,-250,200,20.0
1770114993.9107978,0.8406,58.65,-250,200,20.0
1770114994.0144682,0.8525,58.52,-250,200,20.0
1770114994.1183403,2.3823,55.51,-250,200,20.0
1770114994.211624,2.3159,53.79,-250,200,20.0
1770114994.3170364,2.2529,51.48,-250,200,20.0
1770114994.4206994,2.2255,50.50,-250,200,20.0
1770114994.5254526,2.2094,49.14,-250,200,20.0
1770114994.6175368,2.1929,48.18,-250,200,20.0
1770114994.7212846,2.1945,48.27,-250,200,20.0
1770114994.8246157,2.2013,48.30,-250,200,20.0
1770114994.9291403,0.8973,53.21,-250,200,20.0
1770114995.032037,0.9085,53.08,-250,200,20.0
1770114995.125116,1.9809,41.08,-250,200,20.0
1770114995.22825,2.0261,42.60,-250,200,20.0
1770114995.3316052,2.1012,45.25,-250,200,20.0
1770114995.4366405,2.2508,51.11,-250,200,20.0
1770114995.5384085,0.7487,37.05,-250,200,20.0
1770114995.6310723,-0.0023,25.70,-203,200,20.0
1770114995.735793,-0.0482,20.97,-126,200,20.0
1770114995.8393874,-1.1974,28.80,250,200,20.0
1770114995.9448366,-1.1696,28.88,250,200,20.0
1770114996.0372634,-1.1632,27.44,250,200,20.0
1770114996.1406624,-1.2279,24.99,250,200,20.0
1770114996.2442777,-1.3362,21.86,250,200,20.0
1770114996.3383136,1.2881,16.91,-250,200,20.0
1770114996.4428816,1.1461,13.91,-250,205,20.6
1770114996.5453699,1.1597,22.75,-250,200,20.0
1770114996.6500282,1.0527,20.20,-250,200,20.0
1770114996.7536373,0.9426,13.52,-250,210,21.1
1770114996.8457196,1.0190,19.95,-250,200,20.0
1770114996.9529562,1.0489,19.90,-250,200,20.0
1770114997.0576012,1.0966,22.52,-250,200,20.0
1770114997.1507761,1.0920,17.91,-250,200,20.0
1770114997.2544982,1.1145,18.89,-250,200,20.0
1770114997.3586788,1.1294,14.52,-250,201,20.1
1770114997.4649203,1.2014,16.44,-250,200,20.0
1770114997.5561283,1.2595,16.75,-250,200,20.0
1770114997.660164,1.3631,23.58,-250,200,20.0
1770114997.7643328,1.4092,27.81,-250,200,20.0
1770114997.8567348,-0.0802,27.52,-151,200,20.0
1770114997.9594984,-1.2339,22.71,250,200,20.0
1770114998.0634356,-1.2889,15.53,250,200,20.0
1770114998.166877,-1.3367,7.54,250,383,38.3
1770114998.270588,-1.3719,4.87,250,462,46.3
1770114998.3747423,-1.1747,23.66,250,200,20.0
1770114998.4684613,0.0959,17.89,-225,200,20.0
1770114998.5740952,-0.2111,12.07,70,238,23.9
1770114998.6680923,-0.3052,8.81,118,339,33.9
1770114998.7614326,-0.4467,7.30,178,390,39.1
1770114998.8660126,-0.6657,-1.47,240,500,50.0
1770114998.9588017,0.4124,16.76,-250,200,20.0
1770114999.0528343,-0.7964,8.72,250,342,34.3
1770114999.1455865,0.1049,30.29,-250,200,20.0
1770114999.2383,-0.2058,24.74,-20,200,20.0
1770114999.3430865,-0.3324,18.96,134,200,20.0
1770114999.434961,-0.3823,16.19,198,200,20.0
1770114999.5287414,-0.2695,20.75,65,200,20.0
1770114999.6217372,-0.3647,23.63,124,200,20.0
1770114999.7273302,-0.4636,24.82,199,200,20.0
1770114999.8208103,-0.5967,20.88,250,200,20.0
1770114999.9140613,-0.8045,12.16,250,236,23.7
1770115000.008038,-0.9412,11.09,250,265,26.5
1770115000.101163,-1.0434,8.17,250,361,36.1
1770115000.1945646,-1.1648,12.36,250,232,23.2
1770115000.2872105,-1.3310,6.60,250,413,41.4
1770115000.3806465,-1.5688,-11.25,250,260,26.0
1770115000.4731226,-1.5821,-15.51,250,200,20.0
1770115000.5658395,-1.6027,-8.94,250,334,33.5
1770115000.6591253,-1.6978,-2.50,250,498,49.9
1770115000.75208,-1.7493,-5.33,250,451,45.1
1770115000.8439693,-1.6919,-7.91,250,370,37.0
1770115000.9364135,-1.8839,-25.83,250,200,20.0
1770115001.0288801,-1.9448,-14.92,250,200,20.0
1770115001.1253748,-0.5729,-5.19,250,454,45.5
1770115001.2295568,-0.5430,-1.40,197,500,50.0
1770115001.3328235,-0.5052,-1.59,186,500,50.0
1770115001.4256802,-0.4329,-1.32,159,500,50.0
1770115001.5290399,-0.4656,-6.19,250,426,42.7
1770115001.632489,-0.4495,0.66,149,500,50.0
1770115001.7341323,-0.1558,25.28,-68,200,20.0
1770115001.834178,0.2470,31.62,-250,200,20.0
1770115001.9258368,-0.6350,39.73,227,200,20.0
1770115002.0309522,-5.0505,-68.07,250,200,20.0
1770115002.1322012,-5.6025,-72.92,250,200,20.0
1770115002.2155178,0.8942,63.33,-250,200,20.0
1770115002.3014028,-0.6150,26.73,250,200,20.0
1770115002.3753047,0.0415,16.44,-167,200,20.0
1770115002.4490223,0.5346,16.52,-250,200,20.0
1770115002.5219579,0.5290,-0.48,-178,500,50.0
1770115002.593813,0.3905,36.65,-250,200,20.0
1770115002.6762786,1.7513,37.20,-250,200,20.0
1770115002.7399719,1.6194,-10.01,-250,298,29.9
1770115002.8116364,1.6223,-37.86,-250,200,20.0
1770115002.8737078,0.5916,34.87,-250,200,20.0
1770115002.9358733,0.9966,49.57,-250,200,20.0
1770115002.9894023,1.4913,34.71,-250,200,20.0
1770115003.0619438,0.4828,-56.85,39,200,20.0
1770115003.124548,1.4820,47.84,-250,200,20.0
1770115003.2069435,0.2477,19.78,-250,200,20.0
1770115003.300659,0.2287,6.90,-171,404,40.4
1770115003.403762,0.8004,20.63,-250,200,20.0
1770115003.50719,0.8571,13.78,-250,207,20.7
1770115003.610674,3.7890,64.82,-250,200,20.0
1770115003.705188,1.5652,-8.41,-250,353,35.3
1770115003.8081527,1.2372,-12.39,-250,231,23.1
1770115003.9101946,1.4108,21.56,-250,200,20.0
1770115004.0142322,-0.2541,-21.71,250,200,20.0
1770115004.107028,-0.6221,14.43,250,201,20.2
1770115004.200722,-0.6442,-1.85,236,500,50.0
1770115004.30434,0.6770,35.26,-250,200,20.0
1770115004.3967838,-1.0937,-45.84,250,200,20.0
1770115004.5020382,0.9746,14.77,-250,200,20.0
1770115004.5948567,0.4278,-38.53,-59,200,20.0
1770115004.6951404,-1.2202,-64.45,250,200,20.0
1770115004.7990901,-0.9604,-32.34,250,200,20.0
1770115004.8925226,-0.2520,-24.10,250,200,20.0
1770115004.9948785,-0.5969,-50.86,250,200,20.0
1770115005.0980551,0.5884,-24.37,-250,200,20.0
1770115005.2012804,0.1581,35.26,-250,200,20.0
1770115005.3044214,-0.0973,-7.80,116,374,37.4
1770115005.4100478,0.4425,11.51,-250,253,25.3
1770115005.5004423,-0.0236,-3.21,34,492,49.3
1770115005.604104,1.1206,20.87,-250,200,20.0
1770115005.70456,-0.2643,-39.95,250,200,20.0
1770115005.8075733,0.3188,-32.92,-10,200,20.0
1770115005.9115474,0.7647,-0.08,-250,500,50.0
1770115006.0053873,0.3989,0.65,-142,500,50.0
1770115006.1094668,0.9073,6.64,-250,412,41.3
1770115006.2129743,-0.0436,-7.55,84,382,38.3
1770115006.31599,-0.0033,-23.27,188,200,20.0
1770115006.4189615,0.2214,-4.76,-51,465,46.5
1770115006.5230806,1.4027,7.73,-250,376,37.7
1770115006.616219,0.0028,-31.64,250,200,20.0
1770115006.7211692,0.1842,-14.12,-44,203,20.4
1770115006.8254135,0.4509,-2.22,-137,499,50.0
1770115006.9291468,0.5365,-6.65,-212,412,41.2
1770115007.0334427,0.1762,-24.97,48,200,20.0
1770115007.1245224,-0.0231,-32.10,250,200,20.0
1770115007.228632,0.1438,-20.14,37,200,20.0
1770115007.3334174,0.0159,-7.75,53,375,37.6
1770115007.4265344,0.1305,4.45,-86,472,47.2
1770115007.5292208,0.0737,3.74,-57,485,48.5
1770115007.633856,-0.9705,0.77,250,500,50.0
1770115007.7374256,-0.9816,3.19,250,492,49.3
1770115007.8421068,-0.8979,8.18,250,361,36.1
1770115007.9337525,-0.8616,8.15,250,362,36.2
1770115008.036694,-1.0104,2.30,250,499,50.0
1770115008.142004,-0.1694,-5.61,119,443,44.4
1770115008.2453253,-0.3278,-9.74,250,307,30.8
1770115008.3406277,-0.4869,-8.49,250,350,35.0
1770115008.4459522,1.3460,24.53,-250,200,20.0
1770115008.5409322,1.2260,24.68,-250,200,20.0
1770115008.64284,1.1350,21.64,-250,200,20.0
1770115008.7359152,1.0727,20.82,-250,200,20.0
1770115008.8396158,1.0880,22.99,-250,200,20.0
1770115008.9432428,1.1690,27.50,-250,200,20.0
1770115009.045817,1.2152,25.13,-250,200,20.0
1770115009.1496332,1.3049,26.86,-250,200,20.0
1770115009.2418563,1.3114,24.16,-250,200,20.0
1770115009.3444316,1.3476,23.70,-250,200,20.0
1770115009.4481404,1.3758,21.85,-250,200,20.0
1770115009.5514934,1.3944,18.06,-250,200,20.0
1770115009.6544495,1.4527,16.91,-250,200,20.0
1770115009.7472577,-0.6118,-26.12,250,200,20.0
1770115009.8499305,-0.4968,-21.08,250,200,20.0
1770115009.9525123,-0.3804,-16.32,250,200,20.0
1770115010.055295,-0.3760,-16.45,250,200,20.0
1770115010.1581802,-0.3542,-12.02,250,240,24.0
1770115010.2608953,-0.4801,-16.14,250,200,20.0
1770115010.3640876,1.5338,20.95,-250,200,20.0
1770115010.4569387,1.4582,20.40,-250,200,20.0
1770115010.5596695,1.3550,16.77,-250,200,20.0
1770115010.6628065,1.3259,17.22,-250,200,20.0
1770115010.7654827,1.3784,22.61,-250,200,20.0
1770115010.867992,1.3883,22.19,-250,200,20.0
1770115010.970559,1.4812,25.30,-250,200,20.0
1770115011.0745192,1.5708,28.96,-250,200,20.0
1770115011.166211,1.6420,30.69,-250,200,20.0
1770115011.268781,-0.2561,-2.07,104,499,50.0
1770115011.3715887,-0.2109,-1.81,86,500,50.0
1770115011.473063,-0.1610,-2.89,79,495,49.6
1770115011.5755734,-0.3734,-15.31,250,200,20.0
1770115011.678141,-0.4356,-19.17,250,200,20.0
1770115011.7809272,-0.6367,-26.12,250,200,20.0
1770115011.8836362,-0.7025,-26.79,250,200,20.0
1770115011.9844565,-1.8528,-35.69,250,200,20.0
1770115012.1073434,-0.0045,-8.97,74,333,33.4
1770115012.2222998,1.2163,-0.02,-250,500,50.0
1770115012.3449104,0.9835,-16.27,-250,200,20.0
1770115012.4667761,0.8072,-22.06,-250,200,20.0
1770115012.5895748,0.7826,-22.68,-250,200,20.0
1770115012.711835,0.8970,-24.43,-250,200,20.0
1770115012.8348958,0.8350,-25.32,-250,200,20.0
1770115012.9565115,1.0721,-18.59,-250,200,20.0
1770115013.0788984,-0.1529,-14.28,244,202,20.3
1770115013.2017293,0.0065,7.21,-61,394,39.4
1770115013.325429,0.1549,14.15,-245,203,20.4
1770115013.4582965,-1.3956,0.79,250,500,50.0
1770115013.594326,-1.5310,-9.13,250,328,32.8
1770115013.6960592,-1.5778,-29.81,250,200,20.0
1770115013.8110762,-1.7237,-39.28,250,200,20.0
1770115013.9138365,-1.9520,-47.26,250,200,20.0
1770115014.0174358,-2.0768,-48.35,250,200,20.0
1770115014.1217678,-2.0848,-49.55,250,200,20.0
1770115014.2252057,-1.9402,-46.08,250,200,20.0
1770115014.3278155,-2.0762,-48.95,250,200,20.0
1770115014.431312,-0.0839,-31.28,250,200,20.0
1770115014.5343964,-0.1678,-32.49,250,200,20.0
1770115014.6374428,-0.0987,-23.00,250,200,20.0
1770115014.7314758,-1.2109,-45.73,250,200,20.0
1770115014.8353157,-1.1462,-53.17,250,200,20.0
1770115014.9380653,-1.7356,-59.01,250,200,20.0
1770115015.0414362,-3.1422,-64.84,250,200,20.0
1770115015.1447163,-2.2660,-60.50,250,200,20.0
1770115015.2462354,0.2648,-30.29,14,200,20.0
1770115015.3496895,0.7700,-34.50,-250,200,20.0
1770115015.4432933,0.6538,1.72,-238,500,50.0
1770115015.5463583,0.7227,-3.48,-233,489,48.9
1770115015.6506407,0.8708,10.75,-250,275,27.5
1770115015.7531393,1.2272,22.94,-250,200,20.0
1770115015.8566835,1.1410,-10.94,-250,269,27.0
1770115015.9491556,1.3097,-14.80,-250,200,20.0
1770115016.055507,1.3618,-16.76,-250,200,20.0
1770115016.1513155,1.4557,-8.11,-250,363,36.4
1770115016.254521,-0.3353,-33.80,250,200,20.0
1770115016.35789,-0.2071,-32.71,250,200,20.0
1770115016.4615064,-0.0123,-34.32,250,200,20.0
1770115016.5557039,0.0384,-33.60,235,200,20.0
1770115016.6582212,0.0830,-31.80,183,200,20.0
1770115016.7622826,0.0930,-32.03,176,200,20.0
1770115016.865607,0.0547,-32.60,213,200,20.0
1770115016.9691763,0.0143,-30.74,233,200,20.0
1770115017.0628593,-0.0396,-29.65,250,200,20.0
1770115017.1660798,-0.0941,-29.66,250,200,20.0
1770115017.2692945,-0.1411,-28.89,250,200,20.0
1770115017.3727527,-0.1953,-29.06,250,200,20.0
1770115017.4763749,-0.1928,-23.62,250,200,20.0
1770115017.5697038,-0.2653,-24.74,250,200,20.0
1770115017.6729982,1.6926,6.99,-250,401,40.1
1770115017.7763739,1.6198,3.98,-250,481,48.1
1770115017.8799744,1.5565,3.57,-250,487,48.8
1770115017.983851,1.4763,2.37,-250,499,49.9
1770115018.0767865,1.5140,6.27,-250,424,42.4
1770115018.1802082,-0.2199,-10.97,250,268,26.9
1770115018.2832787,0.0357,-8.19,44,360,36.1
1770115018.3870668,0.2045,-8.46,-54,351,35.1
1770115018.4895449,0.2987,-6.30,-91,423,42.3
1770115018.5830505,0.5069,12.65,-250,225,22.6
1770115018.6862905,11.3325,83.54,-250,200,20.0
1770115018.7894623,9.4456,82.39,-250,200,20.0
1770115018.8926241,8.2663,81.61,-250,200,20.0
1770115018.996122,10.2266,82.89,-250,200,20.0
1770115019.0890262,15.1884,85.07,-250,200,20.0
1770115019.1937966,11.9857,83.95,-250,200,20.0
1770115019.2973428,8.8680,81.93,-250,200,20.0
1770115019.401326,10.6828,83.31,-250,200,20.0
1770115019.493742,4.6707,75.68,-250,200,20.0
1770115019.599395,0.7490,2.67,-250,497,49.8
1770115019.7025788,0.6164,-18.30,-250,200,20.0
1770115019.7963305,1.5639,43.66,-250,200,20.0
1770115019.8995721,1.0910,3.81,-250,484,48.4
1770115020.0020857,1.2108,-3.20,-250,492,49.3
1770115020.1058235,1.4837,29.21,-250,200,20.0
1770115020.2087338,-7.0372,-75.98,250,200,20.0
1770115020.3119602,1.4988,48.60,-250,200,20.0
1770115020.4047976,1.9222,65.98,-250,200,20.0
1770115020.508228,-5.2010,-69.34,250,200,20.0
1770115020.6116288,1.6625,62.05,-250,200,20.0
1770115020.7148194,2.4388,67.82,-250,200,20.0
1770115020.8189218,2.3706,67.45,-250,200,20.0
1770115020.911433,1.6754,62.83,-250,200,20.0
1770115021.0144465,-7.0882,-76.65,250,200,20.0
1770115021.1172273,-6.3916,-73.90,250,200,20.0
1770115021.220767,0.8993,52.92,-250,200,20.0
1770115021.3236947,-0.8587,10.48,250,283,28.4
1770115021.4272177,-0.4511,22.82,205,200,20.0
1770115021.5304947,-3.4094,-60.77,250,200,20.0
1770115021.6337588,-0.5542,-72.81,250,200,20.0
1770115021.737187,-0.1954,-71.50,250,200,20.0
1770115021.8406208,0.4132,-59.38,119,200,20.0
1770115021.9438648,0.6019,-48.89,-126,200,20.0
1770115022.0470107,0.7393,-28.33,-250,200,20.0
1770115022.15029,0.7241,-22.64,-250,200,20.0
1770115022.2533214,0.7774,-29.87,-250,200,20.0
1770115022.357933,0.7671,-30.66,-250,200,20.0
1770115022.4611025,0.8156,-16.88,-250,200,20.0
1770115022.5649807,0.8205,-18.34,-250,200,20.0
1770115022.6715927,0.8398,-11.77,-250,246,24.6
1770115022.7760596,0.8426,-13.30,-250,214,21.4
1770115022.8786662,0.7957,-22.92,-250,200,20.0
1770115022.9710503,0.7799,-22.66,-250,200,20.0
1770115023.0744174,0.7731,-25.59,-250,200,20.0
1770115023.1780028,0.7825,-21.60,-250,200,20.0
1770115023.2812898,0.8796,-9.80,-250,305,30.6
1770115023.3844974,0.8510,-18.34,-250,200,20.0
1770115023.4774034,0.8480,-15.91,-250,200,20.0
1770115023.5807273,0.8588,-19.61,-250,200,20.0
1770115023.683932,0.8169,-25.68,-250,200,20.0
1770115023.7899554,0.8476,-16.78,-250,200,20.0
1770115023.891197,0.8321,-25.42,-250,200,20.0
1770115023.9839256,0.8153,-22.65,-250,200,20.0
1770115024.0878942,0.8207,-25.33,-250,200,20.0
1770115024.191054,0.8061,-26.40,-250,200,20.0
1770115024.2944677,0.8037,-28.07,-250,200,20.0
1770115024.3879743,0.7869,-31.75,-250,200,20.0
1770115024.491289,0.7859,-31.48,-250,200,20.0
1770115024.595583,0.8498,-16.06,-250,200,20.0
1770115024.7001193,0.8405,-15.05,-250,200,20.0
1770115024.7930355,0.7870,-27.35,-250,200,20.0
1770115024.8970234,0.8604,-15.76,-250,200,20.0
1770115025.0002666,0.7863,-23.80,-250,200,20.0
1770115025.1029065,0.8038,-23.25,-250,200,20.0
1770115025.2064328,0.8201,-13.07,-250,217,21.8
1770115025.299723,0.7984,-25.31,-250,200,20.0
1770115025.403098,0.8348,-11.63,-250,250,25.0
1770115025.5062685,0.8136,-15.71,-250,200,20.0
1770115025.6093905,0.7933,-27.56,-250,200,20.0
1770115025.7129023,0.8214,-26.67,-250,200,20.0
1770115025.8058286,0.7979,-28.67,-250,200,20.0
1770115025.908971,0.8525,-13.34,-250,213,21.3
1770115026.0128772,0.8396,-13.90,-250,206,20.6
1770115026.1161509,0.8277,-21.45,-250,200,20.0
1770115026.21874,1.1100,3.33,-250,491,49.1
1770115026.3123121,1.1684,-7.19,-250,394,39.5
1770115026.4155076,0.9572,-8.77,-250,340,34.0
1770115026.5193439,0.9313,-19.76,-250,200,20.0
1770115026.6212063,0.8981,-20.46,-250,200,20.0
1770115026.7248428,0.9444,11.94,-250,242,24.2
1770115026.8279362,0.7618,17.61,-250,200,20.0
1770115026.920808,0.8820,17.75,-250,200,20.0
1770115027.0238976,0.9016,47.70,-250,200,20.0
1770115027.1270864,1.2314,73.44,-250,200,20.0
1770115027.2299519,2.7433,78.44,-250,200,20.0
1770115027.3327816,2.7305,80.03,-250,200,20.0
1770115027.425568,1.3292,71.06,-250,200,20.0
1770115027.5286973,0.7701,68.87,-250,200,20.0
1770115027.63108,1.4290,68.51,-250,200,20.0
1770115027.7449346,0.5081,55.87,-250,200,20.0
1770115027.8483374,0.3298,49.48,-250,200,20.0
1770115027.9510913,0.4712,50.95,-250,200,20.0
1770115028.0540617,0.4944,50.05,-250,200,20.0
1770115028.1574821,0.5422,49.03,-250,200,20.0
1770115028.250716,0.1163,13.90,-209,206,20.6
1770115028.3537366,0.5664,-6.48,-223,417,41.8
1770115028.4586823,0.0535,-53.98,250,200,20.0
1770115028.5603576,-1.7553,-62.86,250,200,20.0
1770115028.6645112,-2.2826,-65.15,250,200,20.0
1770115028.756092,1.0799,-4.72,-250,466,46.6
1770115028.8593469,0.2142,-38.99,127,200,20.0
1770115028.9626315,0.3050,-35.51,21,200,20.0
1770115029.0652359,0.0740,-37.82,239,200,20.0
1770115029.1675594,-6.8974,-77.86,250,200,20.0
1770115029.270552,-6.2077,-74.43,250,200,20.0
1770115029.363941,0.3070,-32.31,-5,200,20.0
1770115029.4677038,1.1733,20.51,-250,200,20.0
1770115029.5708997,0.8026,6.44,-250,418,41.9
1770115029.6734712,0.7798,-2.14,-250,499,50.0
1770115029.777925,-1.9669,-49.96,250,200,20.0
1770115029.8701627,1.0515,-19.62,-250,200,20.0
1770115029.9722664,1.3930,12.53,-250,228,22.8
1770115030.076224,1.6766,29.51,-250,200,20.0
1770115030.178742,1.9625,36.06,-250,200,20.0
1770115030.2917225,1.9260,33.56,-250,200,20.0
1770115030.4059873,-0.2042,-16.80,250,200,20.0
1770115030.5298266,-0.0785,-15.41,190,200,20.0
1770115030.6439588,0.0408,-10.29,53,289,29.0
1770115030.7572865,0.0940,-8.70,11,342,34.3
1770115030.8698885,0.0926,-6.29,6,423,42.4
1770115030.9739876,0.0354,-6.24,33,424,42.5
1770115031.067195,-0.0430,-15.79,163,200,20.0
1770115031.1704643,-0.1048,-25.56,250,200,20.0
1770115031.273878,-0.1192,-23.51,250,200,20.0
1770115031.3776731,-0.1736,-23.80,250,200,20.0
1770115031.4708462,-0.1717,-19.93,250,200,20.0
1770115031.5743442,-0.1353,-15.46,239,200,20.0
1770115031.6772954,-0.1968,-13.33,250,213,21.4
1770115031.7806063,2.2051,42.32,-250,200,20.0
1770115031.8849647,2.0519,39.85,-250,200,20.0
1770115031.9792771,1.9567,41.01,-250,200,20.0
1770115032.082863,1.8791,40.97,-250,200,20.0
1770115032.1867096,1.9336,44.04,-250,200,20.0
1770115032.279757,2.0235,46.30,-250,200,20.0
1770115032.3842788,2.1790,48.83,-250,200,20.0
1770115032.4887388,2.2815,50.29,-250,200,20.0
1770115032.5905628,2.4353,52.47,-250,200,20.0
1770115032.694023,2.5513,53.72,-250,200,20.0
1770115032.7870839,-0.0532,14.36,-69,202,20.2
1770115032.8928757,-0.0028,14.75,-115,200,20.0
1770115032.9978335,0.0489,11.88,-133,243,24.4
1770115033.1009562,0.0957,12.58,-178,227,22.7
1770115033.1945832,0.1599,15.64,-250,200,20.0
1770115033.2979436,0.2112,14.67,-250,200,20.1
1770115033.4012916,0.2822,17.41,-250,200,20.0
1770115033.5059943,0.3115,19.50,-250,200,20.0
1770115033.597819,0.1322,4.36,-86,473,47.4
1770115033.703022,-0.0187,-0.88,13,500,50.0
1770115033.8063352,-0.2077,-11.75,250,246,24.7
1770115033.9018588,-0.1617,-5.25,110,453,45.3
1770115034.0055475,1.8928,28.85,-250,200,20.0
1770115034.107891,1.5464,6.30,-250,423,42.3
1770115034.2111876,1.2792,25.37,-250,200,20.0
1770115034.314861,1.5861,15.94,-250,200,20.0
1770115034.407199,-0.1388,7.18,15,394,39.5
1770115034.5117555,-0.2017,20.96,5,200,20.0
1770115034.6238234,-0.4893,12.85,250,221,22.2
1770115034.7262414,-0.5215,10.99,250,267,26.8
1770115034.8398447,0.0723,-1.16,-15,500,50.0
1770115034.9441037,-0.3098,-7.59,230,381,38.1
1770115035.057923,0.1290,-19.79,47,200,20.0
1770115035.165972,0.6049,-1.70,-194,500,50.0
1770115035.25697,0.2843,-2.52,-78,498,49.9
1770115035.3584988,0.8482,-30.34,-250,200,20.0
1770115035.4585292,0.5099,25.89,-250,200,20.0
1770115035.5622437,0.6810,29.78,-250,200,20.0
1770115035.6660872,-0.7098,36.75,250,200,20.0
1770115035.7712677,0.4878,4.20,-220,477,47.7
1770115035.865342,0.3415,-11.78,-172,246,24.6
1770115035.9751034,0.3387,-7.39,-122,388,38.8
1770115036.0778203,0.3174,-21.57,-100,200,20.0
1770115036.170224,0.3390,-23.12,-106,200,20.0
1770115036.2731168,0.3677,-14.96,-196,200,20.0
1770115036.3760118,0.0600,-13.46,57,211,21.2
1770115036.4798677,0.1803,-9.38,-42,319,32.0
1770115036.5868134,0.2753,-5.46,-75,447,44.8
1770115036.6789575,0.3568,-20.20,-145,200,20.0
1770115036.784017,0.3593,-2.23,-105,499,50.0
1770115036.8857343,-0.7522,4.51,250,470,47.1
1770115036.977305,-0.3647,-15.18,250,200,20.0
1770115037.0812962,-0.1851,-19.46,250,200,20.0
1770115037.1865947,0.4735,-49.11,-14,200,20.0
1770115037.2893312,0.1163,-29.51,136,200,20.0
1770115037.3832304,0.5637,-17.35,-250,200,20.0
1770115037.488252,0.1680,-16.05,-15,200,20.0
1770115037.5915093,-0.3246,-18.75,250,200,20.0
1770115037.6945786,-0.3230,-20.74,250,200,20.0
1770115037.7985165,-0.1198,-5.39,94,449,44.9
1770115037.8911996,0.0728,5.92,-80,434,43.5
1770115037.994108,0.1068,3.59,-67,487,48.8
1770115038.09708,0.0514,-0.53,-13,500,50.0
1770115038.2002547,-0.1163,-6.71,111,410,41.0
1770115038.3057523,0.0369,0.26,-14,500,50.0
1770115038.398203,-0.0519,2.11,0,499,50.0
1770115038.5002882,-1.2079,-2.24,250,499,50.0
1770115038.605112,-0.1544,-11.89,216,243,24.3
1770115038.7107136,-0.0907,-9.20,131,325,32.6
1770115038.803314,-0.2982,-15.81,250,200,20.0
1770115038.908343,-0.4233,-17.71,250,200,20.0
1770115039.0111747,-0.4065,-14.15,250,203,20.4
1770115039.1053717,-0.4112,-12.00,250,240,24.1
1770115039.2108464,-0.4150,-8.93,250,335,33.5
1770115039.3167546,1.3451,14.92,-250,200,20.0
1770115039.419302,1.3079,19.60,-250,200,20.0
1770115039.524485,1.1936,23.44,-250,200,20.0
1770115039.6172583,1.1047,23.03,-250,200,20.0
1770115039.721737,1.1196,24.14,-250,200,20.0
1770115039.8260014,1.1440,24.19,-250,200,20.0
1770115039.9174855,1.2220,19.09,-250,200,20.0
1770115040.0238552,1.2496,17.46,-250,200,20.0
1770115040.1295986,1.2838,18.27,-250,200,20.0
1770115040.2230396,1.3114,15.39,-250,200,20.0
1770115040.3261824,1.3773,18.07,-250,200,20.0
1770115040.4303272,1.4091,16.59,-250,200,20.0
1770115040.5347943,1.5149,21.55,-250,200,20.0
1770115040.6277015,-0.4194,-12.61,250,226,22.7
1770115040.7319248,-0.3318,-10.10,250,295,29.6
1770115040.8266902,-0.2881,-10.21,250,292,29.2
1770115040.9316113,-0.2371,-7.85,196,372,37.2
1770115041.0398288,-0.3473,-11.06,250,265,26.6
1770115041.1431978,-0.5216,-16.58,250,200,20.0
1770115041.235675,1.5389,26.64,-250,200,20.0
1770115041.3392634,1.4425,25.84,-250,200,20.0
1770115041.44378,1.3970,25.95,-250,200,20.0
1770115041.5479248,1.3399,25.35,-250,200,20.0
1770115041.6411126,1.3512,26.45,-250,200,20.0
1770115041.7469804,1.3906,26.63,-250,200,20.0
1770115041.8489177,1.4793,30.50,-250,200,20.0
1770115041.9531884,1.5368,29.25,-250,200,20.0
1770115042.0460463,1.6077,31.49,-250,200,20.0
1770115042.1486068,-0.1141,12.92,-9,220,22.1
1770115042.2515147,-0.1366,8.76,14,341,34.1
1770115042.3570032,-0.2186,-0.45,78,500,50.0
1770115042.4513032,-0.3532,-12.42,250,230,23.1
1770115042.5550785,-0.3092,-11.41,250,256,25.6
1770115042.6592515,-0.4392,-14.35,250,202,20.2
1770115042.7523477,1.5552,25.90,-250,200,20.0
1770115042.8682966,1.5477,25.60,-250,200,20.0
1770115042.9604242,1.5016,23.60,-250,200,20.0
1770115043.0666811,1.4609,24.01,-250,200,20.0
1770115043.1592164,1.4462,21.12,-250,200,20.0
1770115043.2640228,1.4997,21.15,-250,200,20.0
1770115043.3656905,-0.4881,-16.94,250,200,20.0
1770115043.47127,-0.3634,-12.94,250,220,22.0
1770115043.5638556,-0.2955,-10.84,250,272,27.3
1770115043.6663945,-0.3561,-20.15,250,200,20.0
1770115043.770507,-0.4299,-21.32,250,200,20.0
1770115043.8750641,-0.5230,-22.00,250,200,20.0
1770115043.9677653,-0.4367,-15.23,250,200,20.0
1770115044.0720065,1.5573,22.72,-250,200,20.0
1770115044.1766431,1.4907,21.50,-250,200,20.0
1770115044.280769,1.4235,21.81,-250,200,20.0
1770115044.3728898,1.3441,17.93,-250,200,20.0
1770115044.47711,1.3383,15.64,-250,200,20.0
1770115044.5818174,1.3744,14.64,-250,200,20.1
1770115044.6852863,1.4281,13.67,-250,208,20.9
1770115044.7774167,1.5146,15.86,-250,200,20.0
1770115044.8818588,-0.6431,-37.82,250,200,20.0
1770115044.9858751,-0.5863,-38.48,250,200,20.0
1770115045.0901725,-0.5531,-40.24,250,200,20.0
1770115045.1865277,-0.6300,-45.48,250,200,20.0
1770115045.292465,-0.6425,-44.92,250,200,20.0
1770115045.3867092,-0.7405,-46.24,250,200,20.0
1770115045.4946847,-0.8141,-46.61,250,200,20.0
1770115045.6001644,1.3565,-17.92,-250,200,20.0
1770115045.6927962,1.3212,-16.68,-250,200,20.0
1770115045.797317,1.4181,9.99,-250,299,29.9
1770115045.8915198,1.3734,10.37,-250,287,28.7
1770115045.9948752,1.3833,6.55,-250,415,41.6
1770115046.1005585,1.2392,-23.36,-250,200,20.0
1770115046.1935053,-0.6144,-36.60,250,200,20.0
1770115046.2968934,-0.4803,-30.72,250,200,20.0
1770115046.400191,-0.4061,-28.25,250,200,20.0
1770115046.5037909,-0.3862,-29.01,250,200,20.0
1770115046.6079714,-0.4050,-28.37,250,200,20.0
1770115046.700983,-0.4737,-31.60,250,200,20.0
1770115046.8043537,-0.5219,-31.36,250,200,20.0
1770115046.9077806,-0.5044,-26.92,250,200,20.0
1770115047.0112755,-0.5003,-23.65,250,200,20.0
1770115047.1167908,-0.4753,-18.91,250,200,20.0
1770115047.209738,1.2408,-12.77,-250,223,22.4
1770115047.3124702,1.1984,-9.15,-250,327,32.8
1770115047.4058974,1.1617,-7.70,-250,377,37.8
1770115047.5091853,1.0937,-10.00,-250,298,29.9
1770115047.6125646,1.1254,-11.84,-250,244,24.5
1770115047.715563,1.1889,-14.28,-250,202,20.3
1770115047.8173306,0.0272,-29.33,211,200,20.0
1770115047.9231274,-0.4980,-18.86,250,200,20.0
1770115048.0145876,-1.6580,-34.55,250,200,20.0
1770115048.1180806,-1.5506,-27.33,250,200,20.0
1770115048.2216709,-1.5387,-23.87,250,200,20.0
1770115048.3272014,-0.5383,-22.33,250,200,20.0
1770115048.4298787,-1.6973,-27.89,250,200,20.0
1770115048.5235536,1.1755,-16.37,-250,200,20.0
1770115048.6268988,1.1259,-15.31,-250,200,20.0
1770115048.7308097,1.0314,-17.64,-250,200,20.0
1770115048.8356001,1.0496,-14.89,-250,200,20.0
1770115048.928889,1.0495,-16.52,-250,200,20.0
1770115049.0324554,1.0650,-19.09,-250,200,20.0
1770115049.1360793,1.1547,-18.41,-250,200,20.0
1770115049.240009,1.2252,-18.82,-250,200,20.0
1770115049.331961,-1.5799,-13.84,250,206,20.7
1770115049.4367843,-1.5445,-14.88,250,200,20.0
1770115049.5394003,-1.4791,-11.17,250,262,26.3
1770115049.6339264,-1.4620,-9.37,250,320,32.0
1770115049.737272,-1.4857,-6.79,250,407,40.8
1770115049.8421059,1.2879,-13.36,-250,213,21.3
1770115049.943954,0.2271,18.20,-250,200,20.0
1770115050.0485337,1.1102,-4.89,-250,462,46.2
1770115050.1417515,1.0739,-2.11,-250,499,50.0
1770115050.247151,1.0991,-13.02,-250,218,21.9
1770115050.3509655,1.2093,-15.78,-250,200,20.0
1770115050.454619,1.2741,-14.75,-250,200,20.0
1770115050.5494967,1.4770,0.83,-250,500,50.0
1770115050.6537561,1.5842,6.59,-250,414,41.4
1770115050.7570903,1.6727,-4.06,-250,479,48.0
1770115050.8602452,1.7956,-2.61,-250,498,49.8
1770115050.9518757,-1.3630,13.54,250,210,21.0
1770115051.0553095,-1.2761,10.03,250,298,29.8
1770115051.15842,-1.1442,12.72,250,224,22.5
1770115051.262078,-1.1712,14.77,250,200,20.0
1770115051.3648293,-1.1676,15.25,250,200,20.0
1770115051.468662,-1.1488,14.34,250,202,20.2
1770115051.5718553,-1.2247,18.04,250,200,20.0
1770115051.6852002,-1.3162,-6.87,250,405,40.5
1770115051.7824016,-1.3185,-2.97,250,495,49.5
1770115051.8869197,0.4833,29.66,-250,200,20.0
1770115051.9913661,0.2503,34.32,-250,200,20.0
1770115052.095642,1.5968,19.35,-250,200,20.0
1770115052.199876,1.5259,21.95,-250,200,20.0
1770115052.3131104,1.5020,22.65,-250,200,20.0
1770115052.4163501,1.5106,20.26,-250,200,20.0
1770115052.5308533,1.5909,22.05,-250,200,20.0
1770115052.643672,1.6172,25.00,-250,200,20.0
1770115052.7460687,0.0320,49.92,-250,200,20.0
1770115052.859755,0.0413,48.87,-250,200,20.0
1770115052.9648237,0.0627,48.41,-250,200,20.0
1770115053.077873,0.0967,48.49,-250,200,20.0
1770115053.1819153,0.1168,47.95,-250,200,20.0
1770115053.2961767,0.1455,48.72,-250,200,20.0
1770115053.4038756,0.1495,47.48,-250,200,20.0
1770115053.5091052,0.1547,46.50,-250,200,20.0
1770115053.6228497,0.1992,47.37,-250,200,20.0
1770115053.7285347,0.2319,47.31,-250,200,20.0
1770115053.8332605,0.2218,44.40,-250,200,20.0
1770115053.9353454,0.2377,43.35,-250,200,20.0
1770115054.0523095,0.2711,44.22,-250,200,20.0
1770115054.1445901,0.2879,44.15,-250,200,20.0
1770115054.2480373,0.2876,43.43,-250,200,20.0
1770115054.3518069,0.2932,42.05,-250,200,20.0
1770115054.444672,0.3671,43.96,-250,200,20.0
1770115054.547991,0.3784,43.38,-250,200,20.0
1770115054.65122,0.3758,41.49,-250,200,20.0
1770115054.7546995,0.3772,40.17,-250,200,20.0
1770115054.8585672,0.4830,43.63,-250,200,20.0
1770115054.9514532,0.4864,42.72,-250,200,20.0
1770115055.05472,0.5207,43.25,-250,200,20.0
1770115055.1579041,0.5575,43.67,-250,200,20.0
1770115055.2625613,0.5956,44.09,-250,200,20.0
1770115055.3552122,0.6359,43.71,-250,200,20.0
1770115055.4592695,0.6585,43.07,-250,200,20.0
1770115055.5626645,0.6784,42.20,-250,200,20.0
1770115055.6661525,0.6997,42.40,-250,200,20.0
1770115055.7703776,0.7456,44.01,-250,200,20.0
1770115055.862428,0.8193,46.20,-250,200,20.0
1770115055.9662483,-0.7270,13.96,250,205,20.5
1770115056.0699556,-0.5419,23.24,250,200,20.0
1770115056.172695,-0.4023,26.58,133,200,20.0
1770115056.2774951,-0.3752,26.62,109,200,20.0
1770115056.3714783,0.9192,49.65,-250,200,20.0
1770115056.4750414,0.8295,51.37,-250,200,20.0
1770115056.5786521,0.7785,53.35,-250,200,20.0
1770115056.672732,0.6819,53.42,-250,200,20.0
1770115056.7761414,0.6592,53.89,-250,200,20.0
1770115056.8804057,0.6727,54.21,-250,200,20.0
1770115056.9849095,0.7210,55.34,-250,200,20.0
1770115057.0771408,0.7651,56.07,-250,200,20.0
1770115057.1813004,0.8071,57.08,-250,200,20.0
1770115057.2848067,0.8469,56.96,-250,200,20.0
1770115057.3891642,0.8095,54.32,-250,200,20.0
1770115057.4821203,0.8736,57.21,-250,200,20.0
1770115057.5854282,0.9079,57.72,-250,200,20.0
1770115057.68861,0.8970,56.82,-250,200,20.0
1770115057.7919765,0.8589,54.01,-250,200,20.0
1770115057.8964574,0.8734,53.50,-250,200,20.0
1770115057.9888012,0.7874,48.67,-250,200,20.0
1770115058.092191,0.8071,48.16,-250,200,20.0
1770115058.1951983,0.7593,43.36,-250,200,20.0
1770115058.2986383,0.8536,46.33,-250,200,20.0
1770115058.4021468,0.8491,43.63,-250,200,20.0
1770115058.4951313,0.8585,42.74,-250,200,20.0
1770115058.5989087,0.9001,43.05,-250,200,20.0
1770115058.702774,-1.3262,22.20,250,200,20.0
1770115058.8057957,-1.2631,25.47,250,200,20.0
1770115058.9094841,-1.2316,25.69,250,200,20.0
1770115059.003084,-1.2884,21.65,250,200,20.0
1770115059.107125,0.8878,43.76,-250,200,20.0
1770115059.209955,0.7809,43.60,-250,200,20.0
1770115059.31286,0.7118,46.60,-250,200,20.0
1770115059.4058573,0.6288,48.38,-250,200,20.0
1770115059.5104947,0.5805,48.17,-250,200,20.0
1770115059.6126556,0.5699,48.13,-250,200,20.0
1770115059.7164705,0.5826,47.65,-250,200,20.0
1770115059.820017,0.6156,48.36,-250,200,20.0
1770115059.9135194,0.5933,45.88,-250,200,20.0
1770115060.0176904,0.6324,47.92,-250,200,20.0
1770115060.1199996,1.7810,35.89,-250,200,20.0
1770115060.223192,1.8493,39.62,-250,200,20.0
1770115060.3267715,1.7994,33.15,-250,200,20.0
1770115060.4204328,0.6493,45.94,-250,200,20.0
1770115060.5236115,0.6680,46.91,-250,200,20.0
1770115060.6267877,0.6830,47.38,-250,200,20.0
1770115060.7306595,0.6889,46.89,-250,200,20.0
1770115060.834502,0.7084,46.55,-250,200,20.0
1770115060.9268658,0.7066,45.75,-250,200,20.0
1770115061.0307577,-1.5024,8.72,250,342,34.2
1770115061.1341438,-1.4996,4.30,250,475,47.5
1770115061.238882,-1.3913,1.75,250,500,50.0
1770115061.3314335,-1.5165,-7.10,250,397,39.8
1770115061.4349303,0.4890,36.11,-250,200,20.0
1770115061.5282369,0.2257,35.82,-250,200,20.0
1770115061.631826,1.0309,18.58,-250,200,20.0
1770115061.7259111,0.9268,14.25,-250,202,20.3
1770115061.818972,0.8750,11.29,-250,259,25.9
1770115061.911646,1.0150,21.59,-250,200,20.0
1770115062.0169992,1.3042,39.63,-250,200,20.0
1770115062.1090014,1.4748,46.57,-250,200,20.0
1770115062.2036047,1.2282,35.97,-250,200,20.0
1770115062.2966003,-0.0705,29.86,-178,200,20.0
1770115062.389229,-0.0808,26.57,-143,200,20.0
1770115062.4717991,-0.0554,25.31,-154,200,20.0
1770115062.5663133,-0.0401,23.21,-151,200,20.0
1770115062.6593246,-0.0647,19.81,-102,200,20.0
1770115062.7550232,-0.1280,10.89,7,271,27.1
1770115062.8405855,-0.1721,6.43,31,419,41.9
1770115062.934249,-0.2000,-4.63,116,468,46.8
1770115063.0159888,-0.3376,-17.63,250,200,20.0
1770115063.0994766,-0.4026,-18.38,250,200,20.0
1770115063.1937106,-0.3939,-14.54,250,201,20.1
1770115063.2821856,-0.4117,-9.74,250,307,30.8
1770115063.3649218,-0.3816,-2.08,147,499,50.0
1770115063.4582667,-0.3857,-5.69,217,441,44.1
1770115063.5422008,0.3322,-24.73,-87,200,20.0
1770115063.6238134,0.1695,-13.63,-33,209,20.9
1770115063.7090752,0.2150,10.56,-239,281,28.1
1770115063.7906892,0.1225,15.80,-231,200,20.0
1770115063.8748806,0.0960,18.61,-231,200,20.0
1770115063.9683065,0.1084,19.13,-246,200,20.0
1770115064.0538976,0.1273,14.37,-223,202,20.2
1770115064.139626,0.1787,13.12,-250,217,21.7
1770115064.219657,0.1698,7.37,-149,388,38.9
1770115064.3036685,0.2375,10.26,-249,290,29.1
1770115064.3871903,0.3247,17.64,-250,200,20.0
1770115064.4808927,0.4903,16.72,-250,200,20.0
1770115064.5548503,-0.9925,-9.72,250,308,30.8
1770115064.6401541,-0.9619,-2.66,250,497,49.8
1770115064.7221572,-0.8557,5.42,250,448,44.9
1770115064.795772,-0.7326,-6.53,250,416,41.6
1770115064.878524,-1.8933,-16.46,250,200,20.0
1770115064.9529328,-1.3721,-24.68,250,200,20.0
1770115065.0253553,-0.7470,-27.17,250,200,20.0
1770115065.0989752,-0.3165,-4.44,159,472,47.2
1770115065.1809177,-0.3068,0.03,105,500,50.0
1770115065.2445545,-0.1817,3.76,37,485,48.5
1770115065.31657,-0.0883,-7.42,106,386,38.7
1770115065.388269,-0.0994,22.54,-94,200,20.0
1770115065.4722316,-0.1892,32.97,-101,200,20.0
1770115065.5335777,-0.3028,28.27,34,200,20.0
1770115065.6054196,-0.3874,26.61,120,200,20.0
1770115065.6882346,-0.3245,20.54,114,200,20.0
1770115065.7632928,-0.2648,19.25,73,200,20.0
1770115065.8468401,-0.1904,23.95,-27,200,20.0
1770115065.9189079,-0.1185,24.89,-97,200,20.0
1770115066.0027995,-0.1236,26.35,-104,200,20.0
1770115066.086502,-0.1314,22.41,-66,200,20.0
1770115066.1707566,-0.1611,19.08,-14,200,20.0
1770115066.2557685,-0.2400,10.18,86,293,29.3
1770115066.3381765,-0.1175,14.53,-15,201,20.1
1770115066.4315143,0.0215,24.23,-212,200,20.0
1770115066.5245163,0.1033,31.89,-250,200,20.0
1770115066.6198397,-0.0267,24.91,-176,200,20.0
1770115066.7228954,0.2541,19.16,-250,200,20.0
1770115066.825973,0.0189,2.62,-27,498,49.8
1770115066.9295456,0.0769,5.38,-76,449,45.0
1770115067.032065,-0.0268,25.06,-177,200,20.0
1770115067.123903,-0.2225,-0.02,76,500,50.0
1770115067.2275376,-0.1623,21.66,-33,200,20.0
1770115067.3327768,0.2641,8.34,-223,355,35.6
1770115067.4356887,0.2671,14.77,-250,200,20.0
1770115067.538708,-0.1930,-9.32,200,321,32.2
1770115067.6314194,-0.1237,-38.24,250,200,20.0
1770115067.7349758,-0.0230,-9.13,87,328,32.8
1770115067.8378398,0.2718,-45.63,131,200,20.0
1770115067.9318638,1.2332,27.44,-250,200,20.0
1770115068.0345142,1.0568,4.21,-250,476,47.7
1770115068.1376717,0.6258,-2.39,-196,499,49.9
1770115068.2399042,1.1677,10.16,-250,293,29.4
1770115068.3425107,1.0563,-13.45,-250,211,21.2
1770115068.4343574,1.2147,13.51,-250,210,21.1
1770115068.5475938,0.9122,-18.35,-250,200,20.0
1770115068.639749,0.2566,46.74,-250,200,20.0
1770115068.7428272,1.5736,-27.51,-250,200,20.0
1770115068.8587172,1.2826,44.01,-250,200,20.0
1770115068.9710467,0.8526,20.52,-250,200,20.0
1770115069.1059926,0.7812,3.02,-250,494,49.5
1770115069.2319272,0.5841,-24.05,-250,200,20.0
1770115069.3560007,0.5229,-28.23,-223,200,20.0
1770115069.4777713,0.5508,-26.25,-250,200,20.0
1770115069.6107986,0.5427,-31.72,-212,200,20.0
1770115069.7457705,0.9912,-17.52,-250,200,20.0
1770115069.867845,0.8641,-35.67,-250,200,20.0
1770115070.0000057,0.4237,25.83,-250,200,20.0
1770115070.1491175,1.7951,15.06,-250,200,20.0
1770115070.2776883,0.5911,24.52,-250,200,20.0
1770115070.401769,0.4944,18.66,-250,200,20.0
1770115070.5253868,0.8554,30.12,-250,200,20.0
1770115070.6498864,-1.4679,-44.08,250,200,20.0
1770115070.7722833,-0.2956,-47.21,250,200,20.0
1770115070.8960874,-0.1122,-39.25,250,200,20.0
1770115071.0211718,1.4027,-15.02,-250,200,20.0
1770115071.1549404,1.4188,-5.37,-250,449,45.0
1770115071.2875016,1.2055,-5.83,-250,437,43.7
1770115071.4235568,1.2995,13.20,-250,215,21.6
1770115071.5699894,0.7370,-20.83,-250,200,20.0
1770115071.690062,0.5079,-26.51,-224,200,20.0
1770115071.8331115,0.2730,19.67,-250,200,20.0
1770115071.970235,-0.6826,1.48,222,500,50.0
1770115072.0772455,-1.0678,37.95,250,200,20.0
1770115072.1888661,1.5480,42.87,-250,200,20.0
1770115072.2777061,-0.2000,57.54,-250,200,20.0
1770115072.3841465,0.0519,18.31,-191,200,20.0
1770115072.4868155,1.0443,23.36,-250,200,20.0
1770115072.5900373,0.4892,24.03,-250,200,20.0
1770115072.6931062,-0.1666,28.13,-81,200,20.0
1770115072.7972803,-0.4242,38.84,53,200,20.0
1770115072.889265,0.5993,17.20,-250,200,20.0
1770115072.9923055,0.4249,-7.74,-174,376,37.6
1770115073.0957415,0.2453,33.08,-250,200,20.0
1770115073.197964,0.1230,10.56,-173,280,28.1
1770115073.3019655,0.1755,3.80,-95,484,48.4
1770115073.4049122,0.4484,19.66,-250,200,20.0
1770115073.498177,-0.9693,20.27,250,200,20.0
1770115073.6002862,-1.0042,21.24,250,200,20.0
1770115073.7031336,-1.0100,49.25,250,200,20.0
1770115073.8057473,-0.6581,21.95,250,200,20.0
1770115073.9085796,0.0228,45.27,-250,200,20.0
1770115074.012369,0.6876,64.49,-250,200,20.0
1770115074.109019,1.1543,32.74,-250,200,20.0
1770115074.2133877,-1.3251,3.11,250,493,49.4
1770115074.3064065,-0.6693,52.72,153,200,20.0
1770115074.4097927,-0.6123,-14.50,250,201,20.1
1770115074.5131135,-0.0896,22.30,-101,200,20.0
1770115074.6164072,0.1914,45.54,-250,200,20.0
1770115074.7222497,-0.9046,45.17,250,200,20.0
1770115074.814789,-0.9981,41.72,250,200,20.0
1770115074.9193406,-0.8649,37.53,250,200,20.0
1770115075.0213122,-0.8170,17.37,250,200,20.0
1770115075.1245966,0.4727,32.06,-250,200,20.0
1770115075.227184,0.2305,27.42,-250,200,20.0
1770115075.320258,0.3495,54.15,-250,200,20.0
1770115075.4240801,0.2495,46.54,-250,200,20.0
1770115075.5272577,0.0831,43.01,-250,200,20.0
1770115075.6308355,-1.3228,35.85,250,200,20.0
1770115075.7241292,0.0488,57.69,-250,200,20.0
1770115075.8258967,1.1471,23.58,-250,200,20.0
1770115075.92933,0.7788,20.73,-250,200,20.0
1770115076.031766,0.3968,24.19,-250,200,20.0
1770115076.1351695,-0.0023,13.57,-106,210,21.0
1770115076.2293062,1.5804,34.16,-250,200,20.0
1770115076.3342886,1.1326,27.99,-250,200,20.0
1770115076.4379294,0.9822,31.99,-250,200,20.0
1770115076.5413623,0.7109,13.94,-250,205,20.6
1770115076.6442337,0.5060,-6.53,-194,416,41.6
1770115076.7473078,0.1792,-23.55,34,200,20.0
1770115076.8396451,0.1769,1.08,-69,500,50.0
1770115076.9425914,0.0913,19.25,-232,200,20.0
1770115077.0452769,-0.0992,14.51,-31,201,20.1
1770115077.1484003,-1.0098,-56.10,250,200,20.0
1770115077.2510736,-0.8799,-53.25,250,200,20.0
1770115077.3545392,-0.7164,-12.43,250,230,23.0
1770115077.444839,1.0406,-17.53,-250,200,20.0
1770115077.5487826,0.6593,-9.50,-250,315,31.6
1770115077.6519659,0.1830,14.14,-250,203,20.4
1770115077.7435553,0.2960,-50.46,149,200,20.0
1770115077.837886,0.2089,-4.42,-46,472,47.3
1770115077.9264977,0.5433,-18.45,-250,200,20.0
1770115077.9987457,0.4642,-6.23,-169,425,42.5
1770115078.0583785,-0.5374,-35.48,250,200,20.0
1770115078.1196637,2.6480,66.05,-250,200,20.0
1770115078.1764436,-0.4915,10.22,250,291,29.2
1770115078.2394361,0.4205,15.26,-250,200,20.0
1770115078.289895,0.6879,37.44,-250,200,20.0
1770115078.3505762,0.9159,51.56,-250,200,20.0
1770115078.4033003,-1.1709,-5.88,250,435,43.6
1770115078.4550467,2.0302,60.90,-250,200,20.0
1770115078.506973,0.0257,24.81,-220,200,20.0
1770115078.5590608,-0.2675,-2.77,115,496,49.7
1770115078.6024952,0.4826,-29.82,-176,200,20.0
1770115078.6744118,-0.0942,-24.82,250,200,20.0
1770115078.7454464,0.3482,36.70,-250,200,20.0
1770115078.837683,0.6586,45.83,-250,200,20.0
1770115078.9305305,0.6068,-2.46,-190,498,49.9
1770115079.0220544,0.7363,47.48,-250,200,20.0
1770115079.0848377,-0.8304,27.12,250,200,20.0
1770115079.1774178,-2.5312,-20.36,250,200,20.0
1770115079.2699385,-2.0521,-6.43,250,419,41.9
1770115079.3525388,0.7514,23.21,-250,200,20.0
1770115079.434173,0.4771,-1.54,-151,500,50.0
1770115079.5267036,0.4711,-9.08,-226,330,33.0
1770115079.5975404,-1.1345,-0.76,250,500,50.0
1770115079.6901278,-0.9775,4.41,250,472,47.3
1770115079.772011,-0.7200,17.49,250,200,20.0
1770115079.8561578,-0.4122,31.01,106,200,20.0
1770115079.9388063,0.9213,43.13,-250,200,20.0
1770115080.030061,0.4106,48.77,-250,200,20.0
1770115080.1216455,0.5373,71.78,-250,200,20.0
1770115080.1641557,0.7070,70.16,-250,200,20.0
1770115080.2158842,-0.3358,46.51,-83,200,20.0
1770115080.2583747,-0.5117,49.08,47,200,20.0
1770115080.3104024,-0.6780,44.65,225,200,20.0
1770115080.362178,-0.4560,43.28,45,200,20.0
1770115080.4056957,-0.4035,47.67,-34,200,20.0
1770115080.4775517,-0.3732,50.34,-82,200,20.0
1770115080.529004,-0.3028,51.66,-152,200,20.0
1770115080.580713,-0.3005,50.75,-147,200,20.0
1770115080.6325696,-0.3661,49.38,-80,200,20.0
1770115080.6763241,-0.3562,49.15,-87,200,20.0
1770115080.7273412,-0.4992,45.40,65,200,20.0
1770115080.7787733,-0.7598,38.33,250,200,20.0
1770115080.8305035,-1.2010,14.36,250,202,20.2
1770115080.882036,-2.3396,-36.30,250,200,20.0
1770115080.9333465,-0.4979,34.02,155,200,20.0
1770115080.9854033,-1.4201,1.75,250,500,50.0
1770115081.036521,-2.4655,-30.71,250,200,20.0
1770115081.088367,-2.8276,-40.73,250,200,20.0
1770115081.1405015,-10.4426,-79.74,250,200,20.0
1770115081.1932874,-144.2062,-89.33,250,200,20.0
1770115081.2544231,0.0000,0.00,0,500,50.0
1770115081.3067439,-1.1796,-2.50,250,498,49.9
1770115081.369918,1.9238,79.19,-250,200,20.0
1770115081.4328728,1.6668,74.58,-250,200,20.0
1770115081.49506,1.4399,66.12,-250,200,20.0
1770115081.5580564,-0.5930,46.49,137,200,20.0
1770115081.632204,-0.5269,47.20,75,200,20.0
1770115081.6932118,-0.7900,13.23,250,215,21.5
1770115081.7661974,-0.4292,32.92,105,200,20.0
1770115081.8398807,0.5933,46.83,-250,200,20.0
1770115081.9134805,0.1824,9.12,-189,328,32.9
1770115081.9845302,0.3738,38.92,-250,200,20.0
1770115082.0561006,-0.6789,31.10,250,200,20.0
1770115082.1279845,-1.0503,55.01,250,200,20.0
1770115082.2013235,-1.6760,12.92,250,220,22.1
1770115082.265715,0.1430,22.13,-250,200,20.0
1770115082.32854,0.0457,10.71,-118,276,27.7
1770115082.3904037,0.3685,29.82,-250,200,20.0
1770115082.4525218,-1.2274,11.62,250,250,25.0
1770115082.5036888,-2.4875,-32.65,250,200,20.0
1770115082.564313,-2.2971,-24.60,250,200,20.0
1770115082.617021,-1.9616,-20.47,250,200,20.0
1770115082.6689565,-1.7795,-3.68,250,486,48.6
1770115082.7195537,-3.9644,-60.03,250,200,20.0
1770115082.7806864,0.0000,0.00,0,500,50.0
1770115082.8332572,0.0924,-78.12,250,200,20.0
1770115082.8954382,2.2081,83.11,-250,200,20.0
1770115082.9579706,-0.1099,2.39,18,499,49.9
1770115083.020819,0.2315,32.35,-250,200,20.0
1770115083.083549,0.0578,-5.01,16,459,45.9
1770115083.146337,0.4470,32.99,-250,200,20.0
1770115083.2195013,0.7517,49.71,-250,200,20.0
1770115083.2938733,0.6873,34.20,-250,200,20.0
1770115083.3671954,1.0164,47.16,-250,200,20.0
1770115083.4312413,0.3283,25.76,-250,200,20.0
1770115083.494859,0.4428,-0.55,-147,500,50.0
1770115083.5680008,1.2290,56.69,-250,200,20.0
1770115083.650655,1.9070,63.97,-250,200,20.0
1770115083.7229273,-1.0261,-24.99,250,200,20.0
1770115083.8171093,0.0422,13.89,-146,206,20.6
1770115083.8999448,-0.7482,-24.93,250,200,20.0
1770115083.9939144,-0.2651,-30.63,250,200,20.0
1770115084.0757174,-0.4926,-29.87,250,200,20.0
1770115084.169384,-0.8793,-24.67,250,200,20.0
1770115084.2516997,-1.0573,25.58,250,200,20.0
1770115084.3343184,-0.7128,31.54,250,200,20.0
1770115084.4270399,0.0083,32.88,-250,200,20.0
1770115084.5101812,-0.1588,10.27,29,290,29.0
1770115084.5924656,0.3725,54.42,-250,200,20.0
1770115084.6760864,0.2235,51.42,-250,200,20.0
1770115084.7566447,-0.7530,39.37,250,200,20.0
1770115084.8387978,-0.8019,53.38,250,200,20.0
1770115084.9096663,1.4474,46.40,-250,200,20.0
1770115084.9920378,1.8721,68.92,-250,200,20.0
1770115085.0758379,1.1193,40.34,-250,200,20.0
1770115085.159245,0.7127,26.14,-250,200,20.0
1770115085.2410963,0.2482,28.33,-250,200,20.0
1770115085.3232286,0.0924,37.84,-250,200,20.0
1770115085.4081233,-0.3579,5.28,110,452,45.2
1770115085.47922,-0.5138,16.05,250,200,20.0
1770115085.5513687,0.4589,47.17,-250,200,20.0
1770115085.6096575,0.2733,68.35,-250,200,20.0
1770115085.6819599,0.0911,57.90,-250,200,20.0
1770115085.764191,0.6054,48.34,-250,200,20.0
1770115085.8570888,0.3677,64.81,-250,200,20.0
1770115085.9497633,0.0915,44.77,-250,200,20.0
1770115086.052515,-0.2602,8.92,91,335,33.5
1770115086.1549435,0.8788,51.84,-250,200,20.0
1770115086.2581549,0.9245,41.27,-250,200,20.0
1770115086.3619008,0.7880,26.36,-250,200,20.0
1770115086.4654374,0.7959,28.94,-250,200,20.0
1770115086.5676897,0.8386,31.21,-250,200,20.0
1770115086.6601067,0.8198,19.98,-250,200,20.0
1770115086.762431,0.7936,-0.38,-250,500,50.0
1770115086.8646922,0.2722,-31.33,16,200,20.0
1770115086.9680076,0.5219,-41.04,-120,200,20.0
1770115087.0695333,0.6088,-2.46,-190,498,49.9
1770115087.1721869,0.1682,-33.33,122,200,20.0
1770115087.2736967,-0.1879,21.31,-9,200,20.0
1770115087.3756495,-0.3768,15.94,196,200,20.0
1770115087.4789574,-0.3616,-0.42,127,500,50.0
1770115087.5719554,-0.4586,0.19,156,500,50.0
1770115087.6742709,-0.4281,1.37,136,500,50.0
1770115087.777132,-0.3392,10.49,159,283,28.3
1770115087.879987,-0.1290,26.84,-103,200,20.0
1770115087.9828038,-0.0708,29.37,-174,200,20.0
1770115088.0855787,-0.1069,27.76,-130,200,20.0
1770115088.1885016,-0.1499,23.54,-59,200,20.0
1770115088.2914255,-0.1702,23.13,-38,200,20.0
1770115088.3844035,-0.1700,23.35,-40,200,20.0
1770115088.487252,-0.1556,24.44,-61,200,20.0
1770115088.589908,-0.1344,25.33,-87,200,20.0
1770115088.6958346,-0.0782,28.14,-157,200,20.0
1770115088.7982557,-0.1514,15.94,2,200,20.0
1770115088.8909178,-0.2729,-0.58,98,500,50.0
1770115088.9935899,-0.4172,-5.40,222,449,44.9
1770115089.0968688,-0.3058,11.58,143,251,25.1
1770115089.1998265,-0.3032,12.27,144,234,23.4
1770115089.303175,-0.3086,11.51,144,253,25.3
1770115089.4062304,-0.2651,14.29,112,202,20.3
1770115089.4989913,-0.2388,14.84,86,200,20.0
1770115089.601888,-0.3132,-0.13,108,500,50.0
1770115089.704876,-0.2923,1.71,86,500,50.0
1770115089.8233366,-0.2715,2.25,75,499,50.0
1770115089.9152417,-0.2977,-2.97,128,495,49.5
1770115090.0184855,-0.3926,-10.42,250,285,28.6
1770115090.1227195,-0.3785,-8.81,250,339,33.9
1770115090.2148902,-0.3867,-10.19,250,292,29.3
1770115090.318334,-0.3612,-7.82,250,373,37.3
1770115090.4232483,-0.4106,-10.99,250,267,26.8
1770115090.526316,-0.4341,-10.61,250,279,28.0
1770115090.6303718,-0.4376,-11.17,250,262,26.3
1770115090.7236135,-0.4434,-12.25,250,234,23.5
1770115090.8272398,-0.4318,-11.38,250,256,25.7
1770115090.9316735,-0.4337,-11.74,250,247,24.7
1770115091.035966,-0.4342,-11.93,250,242,24.2
1770115091.1287363,-0.4303,-10.81,250,273,27.3
1770115091.2326956,-0.4310,-10.91,250,270,27.0
1770115091.3366196,-0.4293,-11.33,250,258,25.8
1770115091.4292994,-0.4352,-11.12,250,264,26.4
1770115091.5333474,-0.4080,-11.27,250,259,26.0
1770115091.6375465,-0.4139,-7.30,250,390,39.1
1770115091.7407296,-0.6148,-14.19,250,203,20.3
1770115091.8440812,-0.6269,-20.84,250,200,20.0
1770115091.938272,0.5348,-18.01,-250,200,20.0
1770115092.0413144,-0.0317,-24.52,223,200,20.0
1770115092.1457849,0.0225,-16.85,115,200,20.0
1770115092.2402892,-0.0373,6.89,-36,404,40.5
1770115092.3416076,-1.2229,-11.90,250,243,24.3
1770115092.4470592,0.0434,1.87,-29,500,50.0
1770115092.5509424,0.0854,5.36,-79,450,45.0
1770115092.6570425,0.0704,3.40,-52,490,49.0
1770115092.751726,0.1001,4.55,-76,469,47.0
1770115092.8571718,0.1243,4.12,-80,478,47.9
1770115092.9517577,0.1237,3.39,-71,490,49.0
1770115093.0568671,0.1088,2.05,-53,499,50.0
1770115093.1619456,0.1333,4.47,-88,471,47.2
1770115093.2548063,0.0413,-0.48,-10,500,50.0
1770115093.3589494,0.0713,-0.70,-18,500,50.0
1770115093.463306,0.1170,2.35,-59,499,49.9
1770115093.566633,0.1068,2.09,-53,499,50.0
1770115093.6715214,0.1110,2.35,-57,499,49.9
1770115093.7643294,0.1156,2.62,-61,498,49.8
1770115093.8695776,0.1099,2.17,-55,499,50.0
1770115093.9744818,0.0970,1.43,-44,500,50.0
1770115094.0673406,0.0922,1.38,-42,500,50.0
1770115094.170492,0.0905,1.40,-42,500,50.0
1770115094.2686489,0.1003,2.36,-53,499,49.9
1770115094.3758802,0.0974,1.84,-48,500,50.0
1770115094.480093,0.0911,1.43,-42,500,50.0
1770115094.5726094,0.1022,1.94,-50,500,50.0
1770115094.6762834,0.0969,1.60,-46,500,50.0
1770115094.781423,0.0989,1.79,-48,500,50.0
1770115094.8748784,0.0929,1.10,-40,500,50.0
1770115094.9787357,0.0934,0.78,-38,500,50.0
1770115095.0827878,0.0946,1.05,-40,500,50.0
1770115095.1883903,0.1046,0.81,-42,500,50.0
1770115095.2774537,0.1080,1.17,-46,500,50.0
1770115095.3798454,0.1133,1.63,-52,500,50.0
1770115095.4829676,0.1069,0.65,-41,500,50.0
1770115095.5756693,0.1126,1.69,-52,500,50.0
1770115095.6785522,0.1067,1.18,-46,500,50.0
1770115095.781512,0.1090,0.67,-42,500,50.0
1770115095.8845167,0.1182,1.73,-54,500,50.0
1770115095.9876223,0.1184,1.97,-56,500,50.0
1770115096.0914958,0.1051,0.80,-42,500,50.0
1770115096.1841857,0.1089,1.21,-47,500,50.0
1770115096.2872057,0.1140,1.93,-54,500,50.0
1770115096.3897038,0.1085,1.22,-47,500,50.0
1770115096.4931326,0.1136,1.37,-49,500,50.0
1770115096.5956562,0.1064,1.35,-47,500,50.0
1770115096.6885965,0.1098,1.33,-48,500,50.0
1770115096.7911777,0.1146,2.03,-55,499,50.0
1770115096.8943796,0.1097,1.50,-49,500,50.0
1770115096.9989476,0.1158,1.72,-53,500,50.0
1770115097.0944066,0.1108,1.07,-46,500,50.0
1770115097.1967216,0.1172,1.70,-53,500,50.0
1770115097.2997506,0.1101,1.11,-46,500,50.0
1770115097.4028063,0.1085,1.16,-46,500,50.0
1770115097.5059912,0.1155,1.88,-54,500,50.0
1770115097.609076,0.1100,1.30,-48,500,50.0
1770115097.701601,0.1129,1.16,-48,500,50.0
1770115097.8047926,0.1149,1.33,-50,500,50.0
1770115097.9075334,0.1137,1.20,-48,500,50.0
1770115098.010411,0.1214,2.16,-59,499,50.0
1770115098.114846,0.1165,1.67,-53,500,50.0
1770115098.2177746,0.1140,1.55,-51,500,50.0
1770115098.3105118,0.1157,1.29,-50,500,50.0
1770115098.4134042,0.1176,1.83,-55,500,50.0
1770115098.5163655,0.1157,1.28,-50,500,50.0
1770115098.6213846,0.1182,1.74,-54,500,50.0
1770115098.724487,0.1162,1.41,-51,500,50.0
1770115098.8173122,0.1154,1.67,-53,500,50.0
1770115098.920314,0.1085,0.74,-43,500,50.0
1770115099.0229027,0.1191,1.78,-55,500,50.0
1770115099.1280258,0.1094,0.90,-44,500,50.0
1770115099.2211535,0.1133,1.22,-48,500,50.0
1770115099.32451,0.1280,2.83,-67,496,49.7
1770115099.4297736,0.1126,1.50,-50,500,50.0
1770115099.532885,0.1115,1.07,-46,500,50.0
1770115099.6259186,0.1246,2.30,-61,499,50.0
1770115099.7288249,0.1214,1.86,-56,500,50.0
1770115099.8318663,0.1156,1.78,-53,500,50.0
1770115099.9348636,0.1235,2.18,-59,499,50.0
1770115100.037927,0.1185,1.57,-53,500,50.0
1770115100.1410575,0.1190,1.74,-54,500,50.0
1770115100.2441015,0.1167,1.56,-52,500,50.0
1770115100.3550365,0.1206,1.67,-54,500,50.0
1770115100.455384,0.1099,0.84,-44,500,50.0
1770115100.5510778,0.1187,1.72,-54,500,50.0
1770115100.6554506,0.1162,1.27,-50,500,50.0
1770115100.7587626,0.1144,1.00,-47,500,50.0
1770115100.8641346,0.1123,1.07,-47,500,50.0
1770115100.9559183,0.1040,-4.95,-3,460,46.1
1770115101.0583544,0.0718,-12.09,39,238,23.8
1770115101.1670487,0.1705,-7.95,-33,369,36.9
1770115101.2557724,0.2040,-8.87,-56,337,33.7
1770115101.3598928,0.2605,-8.78,-90,340,34.0
1770115101.46441,0.1977,-16.92,-34,200,20.0
1770115101.5677106,-0.7851,-12.23,250,235,23.5
1770115101.6595972,-0.7038,-14.53,250,201,20.1
1770115101.7633164,-0.7296,-17.33,250,200,20.0
1770115101.8668785,-0.7888,-19.60,250,200,20.0
1770115101.9711769,-0.8297,-20.94,250,200,20.0
1770115102.064118,-0.8658,-21.36,250,200,20.0
1770115102.1675134,-0.8803,-16.82,250,200,20.0
1770115102.2708855,-0.9324,-15.54,250,200,20.0
1770115102.3667116,-0.9657,-12.44,250,230,23.0
1770115102.4732141,0.1545,-8.13,-24,362,36.3
1770115102.5740404,-1.1417,-14.24,250,202,20.3
1770115102.678047,-1.1643,-11.42,250,255,25.6
1770115102.7831302,-1.2624,-6.49,250,417,41.7
1770115102.8748646,-1.3295,-4.35,250,474,47.4
1770115102.979579,-0.1716,-7.19,147,394,39.5
1770115103.0828083,-1.5127,-3.82,250,484,48.4
1770115103.188659,1.4383,21.01,-250,200,20.0
1770115103.2809477,1.3114,25.14,-250,200,20.0
1770115103.385666,1.1398,23.28,-250,200,20.0
1770115103.489043,1.0794,25.23,-250,200,20.0
1770115103.5921655,1.0793,26.36,-250,200,20.0
1770115103.6966102,1.1087,23.99,-250,200,20.0
1770115103.7884622,1.1361,15.32,-250,200,20.0
1770115103.8927872,1.1587,15.46,-250,200,20.0
1770115103.9955351,1.2340,16.89,-250,200,20.0
1770115104.1003292,1.3140,18.76,-250,200,20.0
1770115104.192613,1.4053,22.22,-250,200,20.0
1770115104.2957516,1.4854,25.20,-250,200,20.0
1770115104.3986554,1.5182,24.65,-250,200,20.0
1770115104.5030348,1.5814,26.00,-250,200,20.0
1770115104.6065779,-0.3666,-10.83,250,272,27.3
1770115104.6989224,-0.2613,-8.04,214,365,36.6
1770115104.8017554,-0.1918,-5.08,120,457,45.7
1770115104.906513,-0.1904,-3.31,94,491,49.1
1770115105.0104082,-0.2395,-4.03,122,480,48.0
1770115105.102988,-0.2229,3.40,53,490,49.0
1770115105.207093,-0.3156,-0.12,109,500,50.0
1770115105.3111966,0.6825,40.04,-250,200,20.0
1770115105.4052498,0.6447,37.72,-250,200,20.0
1770115105.509428,-0.4153,0.41,139,500,50.0
1770115105.6141388,-0.4107,0.74,135,500,50.0
1770115105.7173524,-0.4048,1.89,124,500,50.0
1770115105.8232472,-0.3548,3.99,101,481,48.1
1770115105.9149556,-0.3961,-2.59,158,498,49.8
1770115106.0186698,-0.4144,-6.15,243,427,42.8
1770115106.1239026,-0.2628,1.43,78,500,50.0
1770115106.2164676,-0.2327,2.28,61,499,50.0
1770115106.3220923,-0.2494,-1.74,99,500,50.0
1770115106.425123,-0.2245,-0.41,80,500,50.0
1770115106.529062,-0.2006,-7.45,167,386,38.6
1770115106.6198764,-0.2754,-36.54,250,200,20.0
1770115106.722204,-0.3972,21.39,170,200,20.0
1770115106.8279395,0.2823,43.89,-250,200,20.0
1770115106.9206388,0.8764,35.65,-250,200,20.0
1770115107.023558,0.9044,-17.71,-250,200,20.0
1770115107.1283348,1.3138,-10.92,-250,270,27.0
1770115107.232805,0.1949,-3.94,-41,482,48.2
1770115107.3297966,0.6864,-12.94,-250,220,22.0
1770115107.4368348,0.6566,-17.04,-250,200,20.0
1770115107.5402439,0.6377,-38.76,-237,200,20.0
1770115107.6339095,-0.8956,-42.99,250,200,20.0
1770115107.7370844,-1.1205,-46.68,250,200,20.0
1770115107.838731,1.0651,0.68,-250,500,50.0
1770115107.9424207,0.7771,5.77,-250,439,43.9
1770115108.0465634,0.8857,7.14,-250,396,39.6
1770115108.1396708,0.5741,-15.41,-250,200,20.0
1770115108.2426372,0.2685,-6.85,-80,405,40.6
1770115108.3465889,0.0512,-19.40,111,200,20.0
1770115108.450793,0.1889,-8.82,-46,338,33.9
1770115108.5558643,0.0750,-19.39,90,200,20.0
1770115108.6476188,-1.0779,-11.73,250,247,24.7
1770115108.7509873,-1.0118,-12.45,250,230,23.0
1770115108.8558598,-0.1047,-17.82,232,200,20.0
1770115108.9507327,-1.1484,-11.05,250,266,26.6
1770115109.0538578,-1.3144,-11.26,250,260,26.0
1770115109.1584287,0.0079,-1.95,12,500,50.0
1770115109.2622612,0.0608,-3.28,4,491,49.2
1770115109.3646743,-1.3079,-15.59,250,200,20.0
1770115109.4699495,0.0899,-0.67,-25,500,50.0
1770115109.5612967,0.0012,-3.10,24,493,49.4
1770115109.6667478,0.0095,-2.64,17,497,49.8
1770115109.7695992,0.0570,-2.54,0,498,49.8
1770115109.8620715,0.0964,-2.36,-14,499,49.9
1770115109.9656959,-1.1466,-16.12,250,200,20.0
1770115110.0702035,0.0396,-4.22,18,476,47.7
1770115110.1755233,0.1164,-6.71,-4,410,41.0
1770115110.269599,0.0936,-2.33,-13,499,49.9
1770115110.373795,0.0851,-6.28,9,423,42.4
1770115110.479006,0.0661,0.62,-27,500,50.0
1770115110.5696006,-1.3086,-11.50,250,253,25.4
1770115110.6730366,-1.2494,-12.48,250,229,22.9
1770115110.7779021,0.0557,0.37,-22,500,50.0
1770115110.8832672,0.0489,-0.59,-12,500,50.0
1770115110.9739385,-1.2086,-13.02,250,218,21.9
1770115111.0776336,-1.2094,-13.23,250,215,21.5
1770115111.1814446,-1.2072,-10.37,250,287,28.7
1770115111.2874038,0.1520,5.15,-105,455,45.6
1770115111.3881385,-1.1921,-9.62,250,311,31.2
1770115111.4943862,0.1396,3.14,-74,493,49.3
1770115111.597884,0.1481,4.10,-89,479,47.9
1770115111.6903744,0.1503,4.40,-93,473,47.3
1770115111.7955856,0.1440,3.80,-83,484,48.4
1770115111.8997939,0.1537,4.12,-91,478,47.9
1770115111.9943666,0.1489,4.45,-93,472,47.2
1770115112.1001549,0.1469,4.42,-92,472,47.3
1770115112.2044168,0.1515,4.40,-94,473,47.3
1770115112.297561,0.1505,4.10,-90,478,47.9
1770115112.4027355,0.1495,3.89,-86,482,48.3
1770115112.5072784,0.1525,3.84,-87,483,48.4
1770115112.5996118,0.1596,4.84,-103,463,46.3
1770115112.7043414,0.1387,2.38,-66,499,49.9
1770115112.8104243,0.1422,3.36,-78,490,49.1
1770115112.914905,0.1512,4.02,-89,480,48.1
1770115113.0074682,0.1536,3.98,-89,481,48.1
1770115113.1128767,0.1491,3.71,-84,485,48.6
1770115113.2165391,0.1353,2.24,-64,499,50.0
1770115113.309962,0.1488,3.72,-84,485,48.6
1770115113.414231,0.1510,3.50,-82,488,48.9
1770115113.5196583,0.1478,3.62,-82,487,48.7
1770115113.6113522,0.1493,3.85,-86,483,48.3
1770115113.7160053,0.1472,3.35,-79,490,49.1
1770115113.8244913,0.1526,4.30,-93,475,47.5
1770115113.920082,0.1251,0.67,-48,500,50.0
1770115114.0283244,0.1478,3.57,-82,487,48.8
1770115114.1212342,0.1473,3.09,-76,494,49.4
1770115114.22575,0.1547,4.36,-95,473,47.4
1770115114.3194282,0.1595,4.65,-100,467,46.8
1770115114.4239078,0.1507,3.94,-88,481,48.2
1770115114.5296993,0.1422,3.35,-77,490,49.1
1770115114.633298,0.1470,3.86,-85,483,48.3
1770115114.725314,0.1570,4.83,-102,463,46.4
1770115114.829671,0.1555,4.63,-99,468,46.8
1770115114.9357717,0.1537,4.49,-96,471,47.1
1770115115.039528,0.1468,3.76,-84,484,48.5
1770115115.1321726,0.1523,4.27,-92,475,47.6
1770115115.2362,0.1529,4.19,-92,477,47.7
1770115115.3414218,0.1470,3.63,-82,487,48.7
1770115115.4354045,0.1493,3.40,-81,490,49.0
1770115115.5402312,0.1427,3.07,-75,494,49.4
1770115115.6458673,0.1541,4.45,-95,472,47.2
1770115115.7376328,0.1498,4.07,-89,479,48.0
1770115115.8412154,0.1475,4.00,-87,480,48.1
1770115115.9459352,0.1557,4.54,-97,470,47.0
1770115116.0523405,0.1539,4.90,-102,461,46.2
1770115116.1451337,0.1520,4.44,-95,472,47.2
1770115116.2498865,0.1542,4.44,-95,472,47.2
1770115116.357187,0.1536,4.28,-93,475,47.6
1770115116.4589257,0.1581,4.83,-102,463,46.4
1770115116.5515714,0.1618,5.38,-112,449,45.0
1770115116.6573973,0.1555,4.70,-99,466,46.7
1770115116.7622209,0.1526,4.32,-93,474,47.5
1770115116.8551621,0.1563,4.57,-98,469,47.0
1770115116.9601023,0.1459,3.92,-85,482,48.2
1770115117.0655324,0.1479,3.66,-83,486,48.7
1770115117.1537054,0.1599,4.95,-105,460,46.1
1770115117.2569666,0.1561,4.44,-96,472,47.2
1770115117.34937,0.1000,-3.64,-7,486,48.7
1770115117.4515915,0.0785,-9.34,23,321,32.1
1770115117.5543344,0.0977,-14.68,33,200,20.1
1770115117.655923,-0.8412,-11.19,250,262,26.2
1770115117.7599626,-0.7424,-4.16,250,477,47.8
1770115117.852635,-0.7105,-5.88,250,435,43.6
1770115117.9552777,-0.8087,-16.53,250,200,20.0
1770115118.0591478,0.0835,-10.47,24,283,28.4
1770115118.1620352,-0.0980,-10.55,154,281,28.1
1770115118.2646098,-0.0754,-8.83,117,338,33.9
1770115118.367369,-0.1608,-17.13,250,200,20.0
1770115118.4700623,-0.3176,-17.20,250,200,20.0
1770115118.5626826,-0.3760,-16.24,250,200,20.0
1770115118.6653743,-0.4406,-16.73,250,200,20.0
1770115118.7680163,-0.4455,-12.44,250,230,23.0
1770115118.8710291,-0.5565,-15.99,250,200,20.0
1770115118.9740155,1.4252,20.36,-250,200,20.0
1770115119.0769892,1.3599,19.34,-250,200,20.0
1770115119.1801531,1.3069,19.51,-250,200,20.0
1770115119.2731664,1.2510,20.17,-250,200,20.0
1770115119.3761756,1.2525,20.71,-250,200,20.0
1770115119.4789584,1.2793,19.64,-250,200,20.0
1770115119.5818272,1.3223,17.30,-250,200,20.0
1770115119.684689,1.3475,11.71,-250,248,24.8
1770115119.7877755,1.4629,15.27,-250,200,20.0
1770115119.880077,-0.4657,-15.68,250,200,20.0
1770115119.9825423,-0.3322,-7.75,246,375,37.6
1770115120.0853412,-0.2927,-6.86,203,405,40.6
1770115120.188068,-0.2742,-9.37,250,320,32.0
1770115120.29108,-0.3493,-12.62,250,226,22.7
1770115120.3941872,-0.5268,-18.27,250,200,20.0
1770115120.4870605,1.5212,21.36,-250,200,20.0
1770115120.5899165,1.4446,20.00,-250,200,20.0
1770115120.6929445,1.3476,16.89,-250,200,20.0
1770115120.7961485,1.3149,15.54,-250,200,20.0
1770115120.899107,1.3400,17.34,-250,200,20.0
1770115121.0020177,1.4109,19.99,-250,200,20.0
1770115121.094568,1.5063,24.82,-250,200,20.0
1770115121.1971705,1.5537,25.21,-250,200,20.0
1770115121.300167,1.6128,26.21,-250,200,20.0
1770115121.4025724,-0.3910,-13.10,250,217,21.7
1770115121.5055532,-0.2954,-11.92,250,242,24.3
1770115121.6085756,-0.2062,-8.78,197,340,34.0
1770115121.7113328,-0.1059,-2.12,53,499,50.0
1770115121.8141801,-0.0887,3.48,4,489,48.9
1770115121.9068093,-0.1363,4.38,18,473,47.3
1770115122.0099573,1.5860,24.62,-250,200,20.0
1770115122.1136632,1.5464,26.64,-250,200,20.0
1770115122.2297938,1.5606,27.10,-250,200,20.0
1770115122.32256,1.6114,27.30,-250,200,20.0
1770115122.4272656,-0.4812,-17.23,250,200,20.0
1770115122.530821,-0.3208,-14.58,250,200,20.1
1770115122.6232102,-0.2937,-13.29,250,214,21.4
1770115122.7273397,-0.2780,-12.91,250,220,22.1
1770115122.8327417,-0.2955,-12.76,250,223,22.4
1770115122.9361944,-0.3605,-13.46,250,211,21.2
1770115123.0292199,-0.4415,-15.07,250,200,20.0
1770115123.1340003,1.5770,22.18,-250,200,20.0
1770115123.23809,1.5076,20.79,-250,200,20.0
1770115123.341482,1.4645,20.56,-250,200,20.0
1770115123.4341683,1.3894,17.86,-250,200,20.0
1770115123.539986,1.3783,17.46,-250,200,20.0
1770115123.6420732,1.4329,19.56,-250,200,20.0
1770115123.7365081,1.5248,20.06,-250,200,20.0
1770115123.841032,1.5969,20.98,-250,200,20.0
1770115123.945963,-0.3242,-14.85,250,200,20.0
1770115124.0503676,-0.3742,-30.46,250,200,20.0
1770115124.1449807,-0.3137,-30.94,250,200,20.0
1770115124.2510622,-0.2689,-31.40,250,200,20.0
1770115124.3561904,-0.2952,-31.58,250,200,20.0
1770115124.4484234,-0.1889,-22.11,250,200,20.0
1770115124.553056,-0.3303,-28.58,250,200,20.0
1770115124.6477964,-0.9863,-51.83,250,200,20.0
1770115124.7512786,1.2706,-22.72,-250,200,20.0
1770115124.8558345,1.3711,-0.12,-250,500,50.0
1770115124.9584758,1.2968,-2.83,-250,496,49.6
1770115125.0635736,1.2628,-4.84,-250,463,46.3
1770115125.1559284,1.2935,-4.96,-250,460,46.0
1770115125.2601626,1.2512,-23.19,-250,200,20.0
1770115125.3651557,-0.6395,-42.10,250,200,20.0
1770115125.4698915,-0.3929,-35.68,250,200,20.0
1770115125.5602617,-0.3550,-34.84,250,200,20.0
1770115125.6639338,-0.3635,-36.66,250,200,20.0
1770115125.767486,-0.3331,-37.07,250,200,20.0
1770115125.8716097,-0.5069,-41.06,250,200,20.0
1770115125.9653437,-0.4859,-38.04,250,200,20.0
1770115126.0684633,-0.6102,-41.35,250,200,20.0
1770115126.173606,-0.6087,-39.69,250,200,20.0
1770115126.2766242,-0.5380,-35.15,250,200,20.0
1770115126.3817685,-0.6249,-39.50,250,200,20.0
1770115126.474246,1.2813,-21.68,-250,200,20.0
1770115126.5792503,1.1738,-24.90,-250,200,20.0
1770115126.672795,1.1237,-24.47,-250,200,20.0
1770115126.7771726,1.0923,-24.26,-250,200,20.0
1770115126.880846,1.1029,-24.09,-250,200,20.0
1770115126.9746976,1.1590,-22.41,-250,200,20.0
1770115127.0812974,1.2151,-21.07,-250,200,20.0
1770115127.1856081,1.2997,-19.11,-250,200,20.0
1770115127.291133,-0.5687,-36.24,250,200,20.0
1770115127.3826356,-0.4906,-34.53,250,200,20.0
1770115127.4864979,-0.3822,-29.17,250,200,20.0
1770115127.5896103,-0.3828,-29.09,250,200,20.0
1770115127.6857324,-0.3916,-27.02,250,200,20.0
1770115127.789379,-0.3944,-24.45,250,200,20.0
1770115127.8947577,-0.4213,-23.96,250,200,20.0
1770115127.9971144,-0.4633,-21.65,250,200,20.0
1770115128.1018972,1.3317,-14.11,-250,203,20.4
1770115128.1946535,1.2834,-14.17,-250,203,20.4
1770115128.298957,1.2112,-16.70,-250,200,20.0
1770115128.4051418,1.1768,-17.26,-250,200,20.0
1770115128.4982588,1.1562,-18.66,-250,200,20.0
1770115128.6019104,1.2032,-18.92,-250,200,20.0
1770115128.706767,1.2580,-17.26,-250,200,20.0
1770115128.8011053,1.3112,-15.40,-250,200,20.0
1770115128.9058611,-0.4598,-19.41,250,200,20.0
1770115129.0092626,-0.4305,-20.16,250,200,20.0
1770115129.1136198,-0.3811,-21.18,250,200,20.0
1770115129.2054603,-0.3814,-21.66,250,200,20.0
1770115129.309559,-0.4139,-21.48,250,200,20.0
1770115129.4144416,-0.3855,-15.49,250,200,20.0
1770115129.5199869,1.4621,-6.72,-250,410,41.0
1770115129.6147726,1.3914,-6.03,-250,431,43.1
1770115129.719609,1.3506,-0.56,-250,500,50.0
1770115129.8233566,1.2461,-3.67,-250,486,48.6
1770115129.915831,1.2262,-4.04,-250,480,48.0
1770115130.0193894,1.3417,-3.33,-250,491,49.1
1770115130.123613,1.4804,0.81,-250,500,50.0
1770115130.2178724,1.6699,4.83,-250,463,46.4
1770115130.3206224,1.8586,11.20,-250,262,26.2
1770115130.4228015,-1.4075,14.74,250,200,20.0
1770115130.5262825,-1.2264,21.83,250,200,20.0
1770115130.6297498,-1.1685,23.08,250,200,20.0
1770115130.7244818,-1.1502,24.04,250,200,20.0
1770115130.8280344,-1.1646,22.56,250,200,20.0
1770115130.9310837,-1.2177,23.53,250,200,20.0
1770115131.0344496,-1.3138,8.47,250,350,35.1
1770115131.128092,0.5901,34.07,-250,200,20.0
1770115131.2319667,0.4853,33.06,-250,200,20.0
1770115131.33461,0.3130,33.91,-250,200,20.0
1770115131.438411,0.2344,36.93,-250,200,20.0
1770115131.5429733,0.2376,37.63,-250,200,20.0
1770115131.635505,0.3223,39.41,-250,200,20.0
1770115131.738288,0.3250,39.83,-250,200,20.0
1770115131.8418941,0.4511,47.59,-250,200,20.0
1770115131.945957,0.5144,49.18,-250,200,20.0
1770115132.0501196,0.5387,47.87,-250,200,20.0
1770115132.1431348,0.5655,47.06,-250,200,20.0
1770115132.2466261,0.5874,46.90,-250,200,20.0
1770115132.3499374,0.6197,46.86,-250,200,20.0
1770115132.4536896,0.6507,46.37,-250,200,20.0
1770115132.5463731,0.6887,46.90,-250,200,20.0
1770115132.6499026,0.7189,46.64,-250,200,20.0
1770115132.752718,0.7562,47.43,-250,200,20.0
1770115132.8562663,0.7500,44.18,-250,200,20.0
1770115132.9591732,0.8083,45.70,-250,200,20.0
1770115133.052646,0.8435,46.23,-250,200,20.0
1770115133.1560822,0.7932,38.20,-250,200,20.0
1770115133.2590213,-0.8934,-8.19,250,360,36.1
1770115133.3626442,-0.5120,0.99,168,500,50.0
1770115133.4661152,-0.2512,7.98,79,367,36.8
1770115133.5592227,-1.3549,10.21,250,292,29.2
1770115133.663623,0.7733,42.52,-250,200,20.0
1770115133.766895,0.6014,45.18,-250,200,20.0
1770115133.8626783,0.4892,44.88,-250,200,20.0
1770115133.9666865,0.5922,49.50,-250,200,20.0
1770115134.0702672,0.5132,49.93,-250,200,20.0
1770115134.1739318,0.5039,50.27,-250,200,20.0
1770115134.2777212,0.5120,50.04,-250,200,20.0
1770115134.3708081,0.5679,51.96,-250,200,20.0
1770115134.4762058,0.5649,51.38,-250,200,20.0
1770115134.5811305,0.5963,51.44,-250,200,20.0
1770115134.684361,0.6522,53.12,-250,200,20.0
1770115134.776687,0.6478,52.46,-250,200,20.0
1770115134.8806975,0.6794,53.17,-250,200,20.0
1770115134.9846444,0.7227,54.36,-250,200,20.0
1770115135.0889246,0.7200,54.16,-250,200,20.0
1770115135.1814914,0.7425,54.39,-250,200,20.0
1770115135.285914,0.7784,55.05,-250,200,20.0
1770115135.3901696,0.8012,55.42,-250,200,20.0
1770115135.483526,0.8257,55.78,-250,200,20.0
1770115135.5869672,0.8156,54.67,-250,200,20.0
1770115135.690544,0.8489,55.83,-250,200,20.0
1770115135.7950134,0.8901,56.57,-250,200,20.0
1770115135.8868196,0.9037,56.65,-250,200,20.0
1770115135.9905436,0.9243,56.26,-250,200,20.0
1770115136.0945637,-0.3127,33.19,3,200,20.0
1770115136.197238,-0.3573,30.49,63,200,20.0
1770115136.2928364,-0.3428,29.24,60,200,20.0
1770115136.3975668,-0.2964,32.42,-4,200,20.0
1770115136.501429,0.8784,55.68,-250,200,20.0
1770115136.6044054,0.8027,56.24,-250,200,20.0
1770115136.7088113,0.7383,56.15,-250,200,20.0
1770115136.8023639,0.7354,56.98,-250,200,20.0
1770115136.9057863,0.7523,57.28,-250,200,20.0
1770115137.009501,0.8377,59.12,-250,200,20.0
1770115137.1130366,0.8618,59.16,-250,200,20.0
1770115137.206117,0.8449,58.48,-250,200,20.0
1770115137.309462,0.8454,57.68,-250,200,20.0
1770115137.413038,0.8931,58.11,-250,200,20.0
1770115137.516751,0.9090,58.34,-250,200,20.0
1770115137.6097214,0.8940,56.49,-250,200,20.0
1770115137.7129385,0.9282,57.42,-250,200,20.0
1770115137.8160608,2.3197,51.80,-250,200,20.0
1770115137.9197972,2.3035,51.15,-250,200,20.0
1770115138.0234108,2.2652,48.99,-250,200,20.0
1770115138.116621,2.2565,47.66,-250,200,20.0
1770115138.2198114,2.2750,48.28,-250,200,20.0
1770115138.3230286,2.2713,48.40,-250,200,20.0
1770115138.4261053,0.9572,52.38,-250,200,20.0
1770115138.5300386,0.9727,52.44,-250,200,20.0
1770115138.622791,-0.5232,41.97,113,200,20.0
1770115138.726896,0.6218,28.63,-250,200,20.0
1770115138.8294895,-0.1255,17.87,-35,200,20.0
1770115138.9331985,-1.3059,26.51,250,200,20.0
1770115139.0363677,-0.0270,26.20,-186,200,20.0
1770115139.1301205,0.6687,32.70,-250,200,20.0
1770115139.232969,2.1557,49.08,-250,200,20.0
1770115139.3362708,2.0680,47.40,-250,200,20.0
1770115139.4392776,1.9874,41.97,-250,200,20.0
1770115139.5432012,1.9803,42.75,-250,200,20.0
1770115139.6364982,0.7892,49.31,-250,200,20.0
1770115139.7399266,0.8039,49.99,-250,200,20.0
1770115139.843237,0.8079,49.70,-250,200,20.0
1770115139.9461167,0.7997,48.70,-250,200,20.0
1770115140.039539,-1.4069,17.10,250,200,20.0
1770115140.1430998,-1.4296,12.91,250,220,22.1
1770115140.2467031,-1.4104,8.66,250,344,34.4
1770115140.340236,-1.4505,5.74,250,439,44.0
1770115140.44334,-1.6214,-2.55,250,498,49.8
1770115140.5377243,0.5132,43.35,-250,200,20.0
1770115140.6309314,0.2011,41.83,-250,200,20.0
1770115140.7348666,0.5855,-3.70,-185,486,48.6
1770115140.8290906,0.5392,-0.05,-184,500,50.0
1770115140.9213114,0.8773,33.30,-250,200,20.0
1770115141.0146463,1.1412,45.26,-250,200,20.0
1770115141.1093626,1.0476,47.26,-250,200,20.0
1770115141.202211,1.2348,49.93,-250,200,20.0
1770115141.2944205,1.2136,47.21,-250,200,20.0
1770115141.3886356,1.1104,39.56,-250,200,20.0
1770115141.4819326,-0.2320,25.64,-5,200,20.0
1770115141.5656376,-0.2447,27.25,-7,200,20.0
1770115141.6590743,0.9682,37.59,-250,200,20.0
1770115141.7417417,-0.3972,15.53,217,200,20.0
1770115141.8361924,0.9020,32.24,-250,200,20.0
1770115141.9181259,0.7895,25.83,-250,200,20.0
1770115142.0137072,0.7866,25.89,-250,200,20.0
1770115142.0954766,0.7576,27.82,-250,200,20.0
1770115142.1786525,0.6899,22.56,-250,200,20.0
1770115142.2741103,0.7840,24.34,-250,200,20.0
1770115142.3663363,-0.5442,-6.53,250,416,41.6
1770115142.4388795,-0.4902,-5.89,250,435,43.5
1770115142.534333,-0.3623,-9.17,250,326,32.7
1770115142.6170518,-0.1074,4.16,7,477,47.8
1770115142.7014136,-0.1402,12.31,14,233,23.3
1770115142.7841184,0.6468,-12.89,-250,221,22.1
1770115142.8562074,0.5768,-19.03,-250,200,20.0
1770115142.9524584,0.7320,3.01,-250,494,49.5
1770115143.0343316,0.6915,-5.01,-246,459,45.9
1770115143.1170363,0.7444,-13.51,-250,210,21.1
1770115143.2009025,-0.2287,-5.11,136,456,45.7
1770115143.2851055,-0.1955,4.27,41,475,47.6
1770115143.3579354,-0.1018,-7.57,116,381,38.2
1770115143.4419847,-0.0385,-9.36,100,320,32.0
1770115143.515838,0.1118,-11.07,5,265,26.6
1770115143.5876133,-0.0340,-9.33,96,321,32.1
1770115143.6702464,-0.1698,-10.00,196,299,29.9
1770115143.7438557,-0.2005,-9.30,204,322,32.2
1770115143.8177614,-0.2897,-2.73,122,497,49.7
1770115143.888299,-1.4313,-4.66,250,467,46.7
1770115143.9514158,-0.6310,-13.56,250,210,21.0
1770115144.0237255,-0.2575,10.01,97,298,29.9
1770115144.0961647,-0.2062,1.95,55,500,50.0
1770115144.1571202,-0.2432,5.69,62,441,44.1
1770115144.229889,-0.2843,5.85,81,436,43.7
1770115144.302782,-0.3725,-20.03,250,200,20.0
1770115144.375859,-0.3663,-20.31,250,200,20.0
1770115144.4369838,-0.3731,-20.12,250,200,20.0
1770115144.5103993,-0.2931,6.48,90,417,41.8
1770115144.5824938,-0.3727,-19.84,250,200,20.0
1770115144.6553593,-0.2928,7.00,94,400,40.1
1770115144.716519,-0.3057,2.55,85,498,49.8
1770115144.7891946,-0.2926,7.55,99,382,38.3
1770115144.862583,-0.2952,6.34,90,422,42.2
1770115144.934935,-0.3087,1.45,94,500,50.0
1770115144.9963477,-0.3668,-18.07,250,200,20.0
1770115145.0733018,-0.2969,5.88,87,435,43.6
1770115145.1348226,-0.3619,-16.62,250,200,20.0
1770115145.2075615,-0.3508,-12.77,250,223,22.4
1770115145.2808304,-0.3102,0.69,101,500,50.0
1770115145.35335,-0.3168,0.63,103,500,50.0
1770115145.4146314,-0.2995,3.29,80,491,49.2
1770115145.4876735,-0.3685,-16.65,250,200,20.0
1770115145.560606,-0.2934,6.64,91,412,41.3
1770115145.6329486,-0.3085,1.61,93,500,50.0
1770115145.6945508,-0.2937,6.88,93,404,40.5
1770115145.7672832,-0.3387,-9.01,250,332,33.2
1770115145.8401592,-0.3296,-3.85,153,483,48.3
1770115145.9124343,-0.3043,2.97,83,495,49.5
1770115145.974525,-0.2895,8.62,107,345,34.6
1770115146.0495763,-0.3251,-1.96,127,500,50.0
1770115146.1221392,-0.3660,-17.90,250,200,20.0
1770115146.1840563,-0.3728,-19.79,250,200,20.0
1770115146.2564435,-0.2933,6.92,94,403,40.4
1770115146.3305807,-0.3078,1.74,91,500,50.0
1770115146.4018972,-0.3678,-18.33,250,200,20.0
1770115146.4642842,-0.3676,-18.01,250,200,20.0
1770115146.5375824,-0.3687,-18.73,250,200,20.0
1770115146.610557,-0.3665,-18.68,250,200,20.0
1770115146.671573,-0.3683,-18.78,250,200,20.0
1770115146.7446513,-0.3735,-19.96,250,200,20.0
1770115146.8187072,-0.3523,-13.86,250,206,20.7
1770115146.8907585,-0.3668,-18.07,250,200,20.0
1770115146.9536278,-0.3719,-19.74,250,200,20.0
1770115147.027381,-0.3635,-17.69,250,200,20.0
1770115147.100166,-0.3735,-20.07,250,200,20.0
1770115147.1608906,-0.3706,-19.59,250,200,20.0
1770115147.234343,-0.3687,-18.82,250,200,20.0
1770115147.3083563,-0.3741,-19.94,250,200,20.0
1770115147.380546,-0.3644,-19.53,250,200,20.0
1770115147.442921,-0.3718,-20.10,250,200,20.0
1770115147.515886,-0.3729,-21.14,250,200,20.0
1770115147.5884404,-0.3704,-19.15,250,200,20.0
1770115147.6495676,-0.3689,-18.81,250,200,20.0
1770115147.7222319,-0.3707,-19.52,250,200,20.0
1770115147.7962193,-0.3717,-19.53,250,200,20.0
1770115147.8682427,-0.2942,6.48,90,417,41.8
1770115147.9305015,-0.3640,-17.62,250,200,20.0
1770115148.0030158,-0.3669,-18.83,250,200,20.0
1770115148.0761356,-0.3692,-19.77,250,200,20.0
1770115148.1488013,-0.3702,-19.12,250,200,20.0
1770115148.2099507,-0.3677,-18.60,250,200,20.0
1770115148.2840755,-0.3736,-20.41,250,200,20.0
1770115148.3563957,-0.3672,-18.80,250,200,20.0
1770115148.4180584,-0.3675,-18.31,250,200,20.0
1770115148.4903452,-0.3700,-19.69,250,200,20.0
1770115148.563791,-0.3692,-19.02,250,200,20.0
1770115148.6363847,-0.3732,-20.18,250,200,20.0
1770115148.7079542,-0.3623,-17.29,250,200,20.0
1770115148.770822,-0.3707,-19.58,250,200,20.0
1770115148.8439136,-0.3687,-19.15,250,200,20.0
1770115148.9290426,-0.3713,-18.93,250,200,20.0
1770115148.991765,-0.3749,-21.61,250,200,20.0
1770115149.0659828,-0.3037,3.28,82,491,49.2
1770115149.1287146,-0.3729,-20.28,250,200,20.0
1770115149.2015247,-0.3679,-18.72,250,200,20.0
1770115149.2654626,-0.2934,7.00,94,401,40.1
1770115149.3387525,-0.3668,-19.47,250,200,20.0
1770115149.4111755,-0.3711,-20.07,250,200,20.0
1770115149.4760911,-0.3595,-15.67,250,200,20.0
1770115149.5469692,-0.3739,-20.80,250,200,20.0
1770115149.6230974,-0.3730,-19.83,250,200,20.0
1770115149.6910548,-0.3682,-18.98,250,200,20.0
1770115149.7542174,-0.3729,-19.41,250,200,20.0
1770115149.8170629,-0.3768,-21.25,250,200,20.0
1770115149.8884523,-0.3655,-18.63,250,200,20.0
1770115149.9630675,-0.3738,-20.50,250,200,20.0
1770115150.0342848,-0.3715,-19.88,250,200,20.0
1770115150.097704,-0.3698,-18.47,250,200,20.0
1770115150.172828,-0.3535,-13.72,250,208,20.8
1770115150.24383,-0.3624,-17.46,250,200,20.0
1770115150.3062065,-0.3716,-19.18,250,200,20.0
1770115150.3803217,-0.3706,-19.44,250,200,20.0
1770115150.4524188,-0.3696,-19.01,250,200,20.0
1770115150.5235376,-0.3668,-18.90,250,200,20.0
1770115150.5885756,-0.3659,-18.02,250,200,20.0
1770115150.6630633,-0.3672,-19.60,250,200,20.0
1770115150.7244072,-0.3766,-21.09,250,200,20.0
1770115150.7969868,-0.3698,-19.40,250,200,20.0
1770115150.8702505,-0.3077,1.36,94,500,50.0
1770115150.9421785,-0.3698,-19.90,250,200,20.0
1770115151.0046198,-0.3642,-18.88,250,200,20.0
1770115151.07621,-0.3753,-20.59,250,200,20.0
1770115151.1500423,-0.3680,-19.08,250,200,20.0
1770115151.2215195,-0.3720,-19.70,250,200,20.0
1770115151.2836177,-0.3721,-20.10,250,200,20.0
1770115151.3556879,-0.3709,-19.67,250,200,20.0
1770115151.428942,-0.3557,-15.11,250,200,20.0
1770115151.500462,-0.3651,-18.36,250,200,20.0
1770115151.5624027,-0.3703,-19.54,250,200,20.0
1770115151.6348062,-0.3704,-19.25,250,200,20.0
1770115151.7080247,-0.3707,-19.90,250,200,20.0
1770115151.7724566,-0.3709,-19.61,250,200,20.0
1770115151.8465326,-0.3740,-20.95,250,200,20.0
1770115151.9180932,-0.3711,-19.30,250,200,20.0
1770115151.9896977,-0.3721,-20.01,250,200,20.0
1770115152.0520735,-0.3700,-19.34,250,200,20.0
1770115152.1252277,-0.3743,-20.69,250,200,20.0
1770115152.1908102,-0.3718,-20.36,250,200,20.0
1770115152.2632055,-0.3649,-17.40,250,200,20.0
1770115152.3360257,-0.3693,-19.33,250,200,20.0
1770115152.409048,-0.3729,-20.64,250,200,20.0
1770115152.4703212,-0.3721,-20.30,250,200,20.0
1770115152.5434682,-0.3121,0.02,107,500,50.0
1770115152.6160579,-0.3715,-19.06,250,200,20.0
1770115152.6879165,-0.3737,-20.44,250,200,20.0
1770115152.749783,-0.3172,-2.36,128,499,49.9
1770115152.8240602,-0.3756,-20.69,250,200,20.0
1770115152.895881,-0.3743,-20.08,250,200,20.0
1770115152.9679046,-0.3698,-19.32,250,200,20.0
1770115153.0298123,-0.3690,-19.45,250,200,20.0
1770115153.1043196,-0.3714,-20.05,250,200,20.0
1770115153.177436,-0.3733,-19.92,250,200,20.0
1770115153.2389624,-0.3702,-19.14,250,200,20.0
1770115153.3117762,-0.3693,-19.51,250,200,20.0
1770115153.3850713,-0.3782,-21.28,250,200,20.0
1770115153.4566147,-0.3670,-18.91,250,200,20.0
1770115153.5187001,-0.3668,-19.13,250,200,20.0
1770115153.5912793,-0.3661,-18.53,250,200,20.0
1770115153.6649156,-0.3737,-20.32,250,200,20.0
1770115153.7363162,-0.3582,-16.38,250,200,20.0
1770115153.7987924,-0.3693,-19.47,250,200,20.0
1770115153.8737946,-0.3700,-19.38,250,200,20.0
1770115153.9454563,-0.2621,10.52,103,282,28.2
1770115154.0065434,-0.3698,-19.35,250,200,20.0
1770115154.0793135,-0.2650,5.10,69,456,45.7
1770115154.152388,-0.2713,4.82,71,463,46.4
1770115154.2245758,-0.2823,1.34,86,500,50.0
1770115154.286607,-0.3009,-2.84,128,496,49.6
1770115154.3592412,-0.3528,-20.22,250,200,20.0
1770115154.4322596,-0.3461,-20.69,250,200,20.0
1770115154.4935834,-0.2583,7.50,80,384,38.4
1770115154.5662625,-0.3114,-0.61,111,500,50.0
1770115154.6390433,-0.2455,8.86,82,337,33.7
1770115154.7248895,-0.3542,-20.52,250,200,20.0
1770115154.785201,-0.3517,-21.29,250,200,20.0
1770115154.8475208,-0.2505,9.53,89,314,31.4
1770115154.9229205,-0.2663,7.66,85,378,37.9
1770115154.9845767,-0.2877,1.88,83,500,50.0
1770115155.05711,-0.3515,-21.74,250,200,20.0
1770115155.1299746,-0.3083,-5.59,180,444,44.4
1770115155.2024071,-0.2811,1.48,84,500,50.0
1770115155.264475,-0.3104,-6.61,205,413,41.4
1770115155.3367991,-0.2604,8.92,91,335,33.6
1770115155.4102173,-0.2707,7.50,86,384,38.4
1770115155.4822602,-0.2674,8.50,92,349,35.0
1770115155.54521,-0.2745,6.71,82,410,41.0
1770115155.6178055,-0.2980,-2.25,120,499,50.0
1770115155.690478,-0.2746,4.30,71,475,47.5
1770115155.751526,-0.2855,2.53,78,498,49.9
1770115155.824332,-0.3629,-23.21,250,200,20.0
1770115155.8977852,-0.2955,-3.43,134,489,49.0
1770115155.9709244,-0.2841,3.62,74,487,48.7
1770115156.03204,-0.2632,9.11,95,328,32.9
1770115156.1052382,-0.2679,6.78,80,408,40.8
1770115156.1783113,-0.3029,-3.46,137,489,49.0
1770115156.2506618,-0.2728,7.97,91,368,36.8
1770115156.3129065,-0.3068,-4.22,151,476,47.7
1770115156.38482,-0.3511,-19.54,250,200,20.0
1770115156.4586093,-0.3020,-3.48,137,489,48.9
1770115156.5305047,-0.3072,-5.14,169,456,45.6
1770115156.5927055,-0.2983,-1.87,117,500,50.0
1770115156.6655536,-0.2814,0.84,89,500,50.0
1770115156.7388394,-0.3500,-19.33,250,200,20.0
1770115156.8004074,-0.3056,-5.08,168,457,45.7
1770115156.877911,-0.3590,-21.87,250,200,20.0
1770115156.949477,-0.2892,1.11,90,500,50.0
1770115157.0127213,-0.2909,-1.81,114,500,50.0
1770115157.0856237,-0.2744,6.52,81,416,41.6
1770115157.1584396,-0.2728,7.48,87,384,38.5
1770115157.219752,-0.2745,4.78,72,464,46.5
1770115157.2925801,-0.2806,4.34,74,474,47.4
1770115157.3658314,-0.2850,2.75,77,497,49.7
1770115157.4384327,-0.2923,0.24,98,500,50.0
1770115157.500336,-0.3013,-3.59,138,487,48.8
1770115157.5726874,-0.2808,2.27,78,499,50.0
1770115157.645741,-0.2651,7.82,86,373,37.3
1770115157.7176132,-0.2865,2.75,77,497,49.7
1770115157.7802289,-0.2764,3.68,72,486,48.6
1770115157.852636,-0.2726,7.37,86,388,38.9
1770115157.925808,-0.2686,8.67,94,344,34.4
1770115157.9972112,-0.2805,4.70,74,466,46.7
1770115158.0605452,-0.2837,0.93,90,500,50.0
1770115158.132724,-0.2624,10.67,105,277,27.8
1770115158.205704,-0.2678,9.26,99,323,32.4
1770115158.267247,-0.3013,-3.27,133,492,49.2
1770115158.3401859,-0.2772,5.46,76,447,44.8
1770115158.4131336,-0.2665,9.64,101,310,31.1
1770115158.4861856,-0.2534,11.27,101,259,26.0
1770115158.5467787,-0.2543,13.13,106,216,21.7
1770115158.619433,-0.2504,16.16,85,200,20.0
1770115158.692462,-0.2589,13.32,109,213,21.4
1770115158.7646785,-0.2609,13.08,111,217,21.8
1770115158.8268635,-0.2664,9.16,97,327,32.7
1770115158.8994346,-0.2583,10.08,98,296,29.6
1770115158.9727852,-0.2571,10.46,100,284,28.4
1770115159.0453894,-0.2555,10.91,101,270,27.0
1770115159.105969,-0.2514,11.76,101,246,24.7
1770115159.178733,-0.2643,9.71,100,308,30.9
1770115159.2520103,-0.2561,10.61,100,279,28.0
1770115159.3237445,-0.2816,1.40,85,500,50.0
1770115159.3856792,-0.2552,10.93,101,269,27.0
1770115159.4594886,-0.2537,11.52,102,252,25.3
1770115159.5313864,-0.2577,10.25,99,291,29.1
1770115159.6032743,-0.2600,8.54,88,348,34.9
1770115159.6654088,-0.2521,11.41,101,256,25.6
1770115159.7379267,-0.2666,8.55,92,348,34.8
1770115159.8145444,-0.2515,11.57,101,251,25.2
1770115159.8863838,-0.2679,6.07,75,430,43.0
1770115159.9508266,-0.2518,11.55,101,252,25.2
1770115160.0121846,-0.2582,9.32,93,321,32.2
1770115160.0848184,-0.2545,11.26,102,260,26.0
1770115160.1577795,-0.2638,7.84,85,372,37.3
1770115160.2305918,-0.2608,9.14,93,327,32.8
1770115160.302354,-0.2594,11.56,107,251,25.2
1770115160.3649585,-0.2714,7.98,91,367,36.8
1770115160.4380605,-0.2805,4.50,74,471,47.1
1770115160.5117762,-0.2625,8.33,88,355,35.6
1770115160.5730062,-0.2707,5.86,75,436,43.6
1770115160.645515,-0.2873,1.78,84,500,50.0
1770115160.7185073,-0.2671,7.47,84,385,38.5
1770115160.791091,-0.2612,9.18,94,326,32.7
1770115160.852671,-0.2637,8.36,89,354,35.5
1770115160.924871,-0.3563,-20.93,250,200,20.0
1770115160.9975908,-0.2639,17.41,87,200,20.0
1770115161.069978,-0.2632,18.39,79,200,20.0
1770115161.1313431,-0.2493,17.23,76,200,20.0
1770115161.204324,-0.2553,17.28,81,200,20.0
1770115161.2773988,-0.2588,15.48,98,200,20.0
1770115161.3500073,-0.2521,18.22,70,200,20.0
1770115161.4111323,-0.2619,18.82,74,200,20.0
1770115161.4845097,-0.2514,18.12,71,200,20.0
1770115161.5563638,-0.2537,17.35,79,200,20.0
1770115161.6293886,-0.2610,18.72,74,200,20.0
1770115161.7019782,-0.2631,18.97,74,200,20.0
1770115161.7757177,-0.2671,17.77,87,200,20.0
1770115161.8471434,-0.2632,17.41,86,200,20.0
1770115161.9095204,-0.2438,19.03,57,200,20.0
1770115161.981718,-0.2657,19.18,74,200,20.0
1770115162.053946,-0.2806,18.53,92,200,20.0
1770115162.1267018,-0.2742,19.84,76,200,20.0
1770115162.1989455,-0.2870,15.92,119,200,20.0
1770115162.2719498,-0.2878,15.66,122,200,20.0
1770115162.349358,-0.2836,17.77,101,200,20.0
1770115162.4226882,-0.2906,14.95,130,200,20.0
1770115162.483985,-0.2747,17.92,92,200,20.0
1770115162.5558648,-0.2686,11.68,114,248,24.9
1770115162.6282058,-0.2149,18.79,34,200,20.0
1770115162.7126102,-0.2376,20.68,38,200,20.0
1770115162.773346,-0.7314,16.98,250,200,20.0
1770115162.8465745,-1.4775,14.54,250,201,20.1
1770115162.9203897,-1.7567,-14.60,250,200,20.1
1770115162.992513,-1.5213,25.44,250,200,20.0
1770115163.054214,-1.3922,39.86,250,200,20.0
1770115163.116391,-1.1167,52.53,250,200,20.0
1770115163.188129,-0.6427,48.67,163,200,20.0
1770115163.2386553,0.7046,40.37,-250,200,20.0
1770115163.3125167,0.9458,52.26,-250,200,20.0
1770115163.371749,-1.5578,29.92,250,200,20.0
1770115163.4438784,-2.0364,-74.30,250,200,20.0
1770115163.5169556,-0.4304,-13.88,250,206,20.6
1770115163.589929,-0.5471,0.26,186,500,50.0
1770115163.662124,-0.3525,-4.55,175,469,47.0
1770115163.7452943,-0.2121,-5.74,140,439,44.0
1770115163.8181078,0.0420,-6.92,33,403,40.4
1770115163.8785968,0.2941,-3.80,-78,484,48.4
1770115163.9504735,0.5386,17.76,-250,200,20.0
1770115164.0219834,0.5948,1.40,-215,500,50.0
1770115164.093824,-0.6546,-25.07,250,200,20.0
1770115164.1657376,-0.5797,-30.15,250,200,20.0
1770115164.237879,-0.5600,-36.39,250,200,20.0
1770115164.3105109,-0.1899,4.90,38,461,46.2
1770115164.372385,0.1404,-41.26,209,200,20.0
1770115164.44674,0.4945,-21.41,-250,200,20.0
1770115164.5075057,0.7754,-36.96,-250,200,20.0
1770115164.5893264,0.8665,-46.76,-250,200,20.0
1770115164.671915,0.4299,1.96,-163,500,50.0
1770115164.7648664,0.4239,-22.28,-186,200,20.0
1770115164.8678472,1.6678,26.56,-250,200,20.0
1770115164.9743116,1.0612,9.50,-250,315,31.6
1770115165.076824,0.5548,32.73,-250,200,20.0
1770115165.1686585,0.5591,20.54,-250,200,20.0
1770115165.260669,0.6355,-11.55,-250,252,25.2
1770115165.363196,-0.7459,-15.32,250,200,20.0
1770115165.4665718,0.5678,23.76,-250,200,20.0
1770115165.5697439,0.6369,39.63,-250,200,20.0
1770115165.6638265,0.8410,19.24,-250,200,20.0
1770115165.7672265,0.1634,11.18,-212,262,26.2
1770115165.8700757,-9.0009,-81.63,250,200,20.0
1770115165.9737294,0.1159,7.95,-129,368,36.9
1770115166.0768058,0.0937,41.97,-250,200,20.0
1770115166.1699262,0.5172,39.70,-250,200,20.0
1770115166.273213,-0.0560,-3.43,47,489,49.0
1770115166.3751652,0.4223,25.00,-250,200,20.0
1770115166.4780698,-0.1148,17.60,-42,200,20.0
1770115166.5804098,-0.3327,-28.64,250,200,20.0
1770115166.6827605,0.2744,23.90,-250,200,20.0
1770115166.7747772,0.1541,49.73,-250,200,20.0
1770115166.877762,0.1690,-25.01,54,200,20.0
1770115166.9798174,-0.2460,20.13,50,200,20.0
1770115167.0829048,-0.2998,23.94,66,200,20.0
1770115167.1869686,-0.3399,12.15,173,236,23.7
1770115167.291286,0.1247,43.20,-250,200,20.0
1770115167.3859699,1.4122,43.22,-250,200,20.0
1770115167.4886305,0.2830,40.66,-250,200,20.0
1770115167.592789,0.3541,19.16,-250,200,20.0
1770115167.696364,0.2093,-21.93,-4,200,20.0
1770115167.7895606,-0.9499,-15.91,250,200,20.0
1770115167.8926911,-0.1186,-25.12,250,200,20.0
1770115167.9961352,0.0168,-15.61,110,200,20.0
1770115168.0999885,-0.0865,-23.15,250,200,20.0
1770115168.204492,-0.2311,-34.17,250,200,20.0
1770115168.2984555,-0.1675,-33.86,250,200,20.0
1770115168.4050622,-0.3019,-33.07,250,200,20.0
1770115168.5083168,-0.4738,-37.33,250,200,20.0
1770115168.6027105,-0.3917,-41.33,250,200,20.0
1770115168.7070608,-0.1263,-36.13,250,200,20.0
1770115168.8119092,-0.0313,-20.40,190,200,20.0
1770115168.9137108,-1.1424,-16.77,250,200,20.0
1770115169.0070822,0.1454,-8.41,-19,353,35.3
1770115169.1121755,0.1745,-1.77,-45,500,50.0
1770115169.2168403,0.1734,-2.58,-39,498,49.8
1770115169.321138,0.1735,-2.14,-42,499,50.0
1770115169.4154406,0.1516,-4.56,-23,469,47.0
1770115169.5197647,0.1844,-0.41,-60,500,50.0
1770115169.6250281,0.1662,-1.34,-46,500,50.0
1770115169.7181365,0.1568,-0.55,-49,500,50.0
1770115169.8224585,0.1449,1.22,-59,500,50.0
1770115169.9286754,0.1104,-0.97,-30,500,50.0
1770115170.0213697,0.0268,-1.90,5,500,50.0
1770115170.1267555,0.0476,0.73,-22,500,50.0
1770115170.2301085,0.0531,1.23,-28,500,50.0
1770115170.3354933,0.0559,0.67,-24,500,50.0
1770115170.4394069,0.0765,0.57,-30,500,50.0
1770115170.5324833,0.0529,-2.50,1,498,49.9
1770115170.6377025,0.0293,-3.41,16,490,49.0
1770115170.7424626,0.0397,-2.50,6,498,49.9
1770115170.8396556,0.0454,-2.76,6,497,49.7
1770115170.9452934,0.0568,-2.16,-2,499,50.0
1770115171.0361881,0.0469,-1.94,0,500,50.0
1770115171.1416502,0.0474,-1.96,0,500,50.0
1770115171.245024,0.0582,0.66,-25,500,50.0
1770115171.3378808,0.0102,-2.81,18,496,49.7
1770115171.4423785,-0.0034,-2.86,24,496,49.6
1770115171.5497339,-0.0346,-5.20,56,454,45.4
1770115171.6524081,0.0111,-1.66,9,500,50.0
1770115171.7563698,0.0089,-2.03,13,499,50.0
1770115171.8484628,0.0000,-3.53,28,488,48.8
1770115171.9538481,0.0072,-2.39,16,499,49.9
1770115172.0486832,0.0106,-2.51,16,498,49.9
1770115172.1531935,0.0132,-1.59,8,500,50.0
1770115172.2592034,-0.0016,-3.39,27,490,49.0
1770115172.3632894,0.0010,-2.71,21,497,49.7
1770115172.4551752,0.0003,-2.20,17,499,50.0
1770115172.5600765,0.0098,-1.09,5,500,50.0
1770115172.6665576,-0.0003,-3.07,24,494,49.4
1770115172.7584298,0.0082,-2.50,17,498,49.9
1770115172.8631136,0.0028,-2.78,21,496,49.7
1770115172.968942,0.0072,-2.11,14,499,50.0
1770115173.073272,0.0126,-1.98,11,500,50.0
1770115173.1654189,0.0153,-1.77,8,500,50.0
1770115173.2724807,0.0190,-2.00,9,499,50.0
1770115173.377899,0.0053,-3.00,22,494,49.5
1770115173.4688935,0.0140,-2.21,12,499,50.0
1770115173.57355,0.0226,-1.34,2,500,50.0
1770115173.6774383,0.0192,-1.92,8,500,50.0
1770115173.7731774,0.0132,-2.20,13,499,50.0
1770115173.8770704,0.0187,-1.74,7,500,50.0
1770115173.981694,0.0179,-1.79,8,500,50.0
1770115174.074045,0.0197,-1.21,2,500,50.0
1770115174.1812963,0.0225,-1.46,3,500,50.0
1770115174.284335,0.0140,-2.33,13,499,49.9
1770115174.3882456,0.0138,-2.57,15,498,49.8
1770115174.4823,0.0145,-2.45,14,498,49.9
1770115174.585502,0.0210,-1.44,4,500,50.0
1770115174.6898088,0.0129,-2.25,13,499,50.0
1770115174.7825713,0.0153,-2.01,10,499,50.0
1770115174.8871841,0.0113,-2.60,16,498,49.8
1770115174.996261,0.0088,-2.65,18,497,49.8
1770115175.0889776,0.0093,-2.77,18,496,49.7
1770115175.1941967,0.0137,-2.60,16,498,49.8
1770115175.2987418,0.0174,-2.14,11,499,50.0
1770115175.3935666,0.0142,-2.39,14,499,49.9
1770115175.499119,0.0076,-3.18,22,493,49.3
1770115175.6031964,0.0105,-3.21,21,492,49.3
1770115175.6974547,0.0081,-3.15,22,493,49.3
1770115175.80053,0.0043,-3.38,25,490,49.1
1770115175.9051251,0.0141,-2.77,17,496,49.7
1770115175.9972935,0.0091,-3.07,21,494,49.4
1770115176.1019158,0.0075,-3.22,23,492,49.3
1770115176.207403,0.0104,-2.93,19,495,49.6
1770115176.30211,0.0068,-3.16,22,493,49.3
1770115176.4070249,0.0128,-3.13,20,493,49.4
1770115176.5139236,0.0144,-2.85,17,496,49.6
1770115176.6071992,0.0076,-3.08,21,494,49.4
1770115176.717348,0.0134,-2.76,17,497,49.7
1770115176.8096051,0.0075,-3.19,22,492,49.3
1770115176.9151077,0.0106,-2.86,19,496,49.6
1770115177.0198255,0.0061,-3.02,22,494,49.5
1770115177.1114347,-0.0019,-4.05,33,479,48.0
1770115177.216712,0.0052,-2.98,22,495,49.5
1770115177.3209355,-0.0033,-3.70,30,486,48.6
1770115177.42497,0.0186,-1.96,9,500,50.0
1770115177.5195136,0.0152,-2.62,15,498,49.8
1770115177.6248517,0.0161,-2.52,14,498,49.9
1770115177.7306209,0.0090,-2.86,19,496,49.6
1770115177.8215046,0.0129,-2.49,15,498,49.9
1770115177.9254754,-0.0003,-3.53,28,488,48.8
1770115178.0318258,-0.0002,-3.65,29,486,48.7
1770115178.126259,-0.0029,-3.82,31,484,48.4
1770115178.2299824,0.0128,-2.14,12,499,50.0
1770115178.336761,0.0137,-2.55,15,498,49.8
1770115178.4415982,0.0133,-2.36,14,499,49.9
1770115178.5353775,0.0169,-2.02,10,499,50.0
1770115178.6404867,0.0160,-2.29,12,499,50.0
1770115178.7323291,0.0129,-2.60,16,498,49.8
1770115178.8381982,0.0154,-2.32,13,499,49.9
1770115178.941637,0.0091,-2.62,17,497,49.8
1770115179.0459287,0.0215,-0.92,0,500,50.0
1770115179.1387157,0.0039,-3.30,25,491,49.2
1770115179.2472482,0.0200,-1.65,6,500,50.0
1770115179.3536253,0.0050,-4.34,32,474,47.4
1770115179.4439828,0.0011,-4.91,38,461,46.2
1770115179.551635,-0.0013,-5.40,43,449,44.9
1770115179.6592565,0.0029,-4.82,37,463,46.4
1770115179.7495637,0.0183,-3.25,19,492,49.2
1770115179.8521836,0.0143,-3.86,25,483,48.3
1770115179.9559958,0.0091,-4.52,32,470,47.0
1770115180.048815,0.0021,-4.80,37,464,46.4
1770115180.1528502,0.0103,-4.18,29,477,47.7
1770115180.2560072,0.0070,-4.64,34,467,46.8
1770115180.3621886,-0.0137,-10.82,96,273,27.3
1770115180.4531963,-0.0925,-11.34,161,257,25.8
1770115180.5568798,-0.0310,-7.01,72,400,40.1
1770115180.662601,-0.0843,-6.14,88,428,42.8
1770115180.7667499,-0.1455,-10.38,186,286,28.7
1770115180.8568985,-1.3442,-9.26,250,323,32.4
1770115180.9614203,-0.4673,-6.81,250,407,40.7
1770115181.067765,1.4965,23.23,-250,200,20.0
1770115181.1704762,1.4753,24.53,-250,200,20.0
1770115181.2636,1.3278,22.84,-250,200,20.0
1770115181.3669374,1.2139,23.99,-250,200,20.0
1770115181.4723237,1.1704,20.61,-250,200,20.0
1770115181.5762942,1.2049,21.30,-250,200,20.0
1770115181.680191,1.2855,21.14,-250,200,20.0
1770115181.771674,1.3359,20.56,-250,200,20.0
1770115181.8758335,1.3619,20.26,-250,200,20.0
1770115181.9815247,1.3830,17.43,-250,200,20.0
1770115182.0758429,-0.2699,-5.35,158,450,45.0
1770115182.1773138,-0.2318,-4.70,130,466,46.7
1770115182.2854395,-0.2774,-14.97,250,200,20.0
1770115182.3772237,-0.2718,-9.80,250,305,30.6
1770115182.4840875,-0.3481,-10.61,250,279,27.9
1770115182.5881183,-0.4521,-12.73,250,224,22.4
1770115182.6818244,-0.4360,-11.69,250,248,24.8
1770115182.785092,1.5046,19.04,-250,200,20.0
1770115182.8917267,1.3972,17.80,-250,200,20.0
1770115182.9961424,1.3212,17.43,-250,200,20.0
1770115183.0884805,1.2726,18.48,-250,200,20.0
1770115183.1918495,1.2757,18.15,-250,200,20.0
1770115183.2965014,1.3439,19.03,-250,200,20.0
1770115183.4009788,1.4115,21.24,-250,200,20.0
1770115183.4931138,1.4862,23.96,-250,200,20.0
1770115183.596119,1.5547,26.00,-250,200,20.0
1770115183.7017846,1.5909,24.29,-250,200,20.0
1770115183.796209,-0.4544,-17.20,250,200,20.0
1770115183.904247,-0.3877,-16.85,250,200,20.0
1770115183.996321,-0.2718,-11.84,250,244,24.5
1770115184.1020389,-0.1937,-7.82,171,373,37.3
1770115184.2054822,-0.1527,-4.73,99,465,46.6
1770115184.310924,-0.1256,2.56,23,498,49.8
1770115184.4027488,-0.1818,4.29,35,475,47.5
1770115184.5090294,1.5287,27.68,-250,200,20.0
1770115184.6143842,1.4530,29.39,-250,200,20.0
1770115184.7174418,1.3862,28.15,-250,200,20.0
1770115184.81352,1.4011,27.25,-250,200,20.0
1770115184.9160972,1.4525,28.81,-250,200,20.0
1770115185.0085292,1.4488,20.27,-250,200,20.0
1770115185.114169,1.5709,25.27,-250,200,20.0
1770115185.2157977,1.5571,23.33,-250,200,20.0
1770115185.3204422,-0.6096,-27.59,250,200,20.0
1770115185.4156835,-0.4902,-24.15,250,200,20.0
1770115185.5180662,-0.3542,-18.94,250,200,20.0
1770115185.622837,-0.4497,-34.02,250,200,20.0
1770115185.7273045,-0.4831,-34.52,250,200,20.0
1770115185.8193972,-0.5294,-33.34,250,200,20.0
1770115185.9244576,-0.4918,-23.14,250,200,20.0
1770115186.0328436,-0.5941,-27.73,250,200,20.0
1770115186.1286495,1.6168,22.64,-250,200,20.0
1770115186.2296271,1.5647,22.89,-250,200,20.0
1770115186.3335063,1.5357,24.45,-250,200,20.0
1770115186.4380095,1.5028,24.23,-250,200,20.0
1770115186.5302665,1.5009,23.27,-250,200,20.0
1770115186.6351297,1.4961,19.29,-250,200,20.0
1770115186.7438352,1.5344,19.90,-250,200,20.0
1770115186.831982,1.6042,20.02,-250,200,20.0
1770115186.937004,-0.1784,-14.26,250,202,20.3
1770115187.041397,-0.2121,-23.59,250,200,20.0
1770115187.1357105,-0.2423,-28.20,250,200,20.0
1770115187.2396169,-0.3606,-35.17,250,200,20.0
1770115187.3442652,-0.5401,-43.18,250,200,20.0
1770115187.4404953,-0.6193,-45.27,250,200,20.0
1770115187.5450897,-0.6844,-46.05,250,200,20.0
1770115187.6517313,-0.8308,-48.67,250,200,20.0
1770115187.7442055,1.3513,-20.97,-250,200,20.0
1770115187.847203,1.2884,-22.77,-250,200,20.0
1770115187.9530442,1.2220,-24.64,-250,200,20.0
1770115188.0570593,1.3140,-5.58,-250,444,44.4
1770115188.160483,1.3275,-3.67,-250,486,48.6
1770115188.253295,1.3356,-22.31,-250,200,20.0
1770115188.3560166,-0.5827,-42.74,250,200,20.0
1770115188.4641595,-0.4149,-38.68,250,200,20.0
1770115188.553179,-0.3239,-38.06,250,200,20.0
1770115188.6568933,-0.2461,-31.75,250,200,20.0
1770115188.759875,-0.2948,-35.87,250,200,20.0
1770115188.8649247,-0.3189,-35.18,250,200,20.0
1770115188.9583783,-0.4053,-36.66,250,200,20.0
1770115189.0628943,-0.4351,-36.80,250,200,20.0
1770115189.1670828,-0.4787,-36.84,250,200,20.0
1770115189.271625,-0.4367,-33.31,250,200,20.0
1770115189.3652024,-0.4927,-33.67,250,200,20.0
1770115189.46912,-0.4523,-29.79,250,200,20.0
1770115189.5736663,1.2820,-22.14,-250,200,20.0
1770115189.6671329,1.2343,-19.86,-250,200,20.0
1770115189.7722464,1.1886,-20.68,-250,200,20.0
1770115189.8774877,1.1010,-25.51,-250,200,20.0
1770115189.9805753,1.1269,-21.94,-250,200,20.0
1770115190.073281,1.1843,-18.06,-250,200,20.0
1770115190.177893,1.2422,-19.42,-250,200,20.0
1770115190.2814002,1.3094,-19.32,-250,200,20.0
1770115190.3881586,-0.4378,-25.22,250,200,20.0
1770115190.4785528,-0.4794,-31.82,250,200,20.0
1770115190.5839465,-0.3421,-22.88,250,200,20.0
1770115190.686535,-0.4492,-32.96,250,200,20.0
1770115190.7803326,-0.3867,-24.66,250,200,20.0
1770115190.8842354,-0.4390,-25.25,250,200,20.0
1770115190.9882865,-0.4604,-23.92,250,200,20.0
1770115191.0938156,-0.4644,-20.54,250,200,20.0
1770115191.1975436,1.3298,-13.17,-250,216,21.6
1770115191.2899892,1.2716,-14.74,-250,200,20.0
1770115191.3943777,1.1882,-17.13,-250,200,20.0
1770115191.5000758,1.1489,-16.09,-250,200,20.0
1770115191.6049948,1.1261,-18.25,-250,200,20.0
1770115191.6961973,1.1488,-19.55,-250,200,20.0
1770115191.802667,1.2301,-13.66,-250,208,20.9
1770115191.900001,1.3052,-8.02,-250,366,36.6
1770115192.0061016,1.3442,-9.85,-250,303,30.4
1770115192.0984435,-0.3540,-14.88,250,200,20.0
1770115192.2030244,-0.2029,-8.00,179,367,36.7
1770115192.305237,-0.2000,-9.84,214,304,30.4
1770115192.410248,-0.2780,-21.26,250,200,20.0
1770115192.5138128,-0.3162,-20.92,250,200,20.0
1770115192.6053584,1.5470,-6.28,-250,423,42.4
1770115192.7097046,1.5560,-3.04,-250,494,49.5
1770115192.8135781,1.5955,0.41,-250,500,50.0
1770115192.916833,1.4225,-1.97,-250,500,50.0
1770115193.0217483,1.4376,0.50,-250,500,50.0
1770115193.1168702,1.5188,1.73,-250,500,50.0
1770115193.2182887,1.7173,7.34,-250,389,39.0
1770115193.3211586,1.8919,13.15,-250,216,21.6
1770115193.4137454,0.6593,30.47,-250,200,20.0
1770115193.517743,-1.2366,22.86,250,200,20.0
1770115193.6211476,-1.2175,24.34,250,200,20.0
1770115193.7256804,-1.1329,21.98,250,200,20.0
1770115193.818375,-1.1230,27.11,250,200,20.0
1770115193.921465,-1.1367,26.12,250,200,20.0
1770115194.0252547,-1.1971,11.62,250,250,25.0
1770115194.129099,-1.2671,13.75,250,207,20.8
1770115194.2327127,0.5687,32.51,-250,200,20.0
1770115194.325766,0.4762,34.74,-250,200,20.0
1770115194.433229,0.3967,36.20,-250,200,20.0
1770115194.537208,0.3501,39.63,-250,200,20.0
1770115194.6300023,0.3196,40.14,-250,200,20.0
1770115194.733472,0.4211,48.81,-250,200,20.0
1770115194.8371356,0.4262,47.58,-250,200,20.0
1770115194.9404528,0.4503,46.76,-250,200,20.0
1770115195.0438302,0.4642,45.06,-250,200,20.0
1770115195.136758,0.5056,45.47,-250,200,20.0
1770115195.2404354,0.5214,45.00,-250,200,20.0
1770115195.3435009,0.5364,43.89,-250,200,20.0
1770115195.4476876,0.5770,44.76,-250,200,20.0
1770115195.5403352,0.6042,43.81,-250,200,20.0
1770115195.6436992,0.6655,46.46,-250,200,20.0
1770115195.7466452,0.6955,46.29,-250,200,20.0
1770115195.8512583,0.6506,39.69,-250,200,20.0
1770115195.9438498,0.6695,38.64,-250,200,20.0
1770115196.0474246,0.6962,37.97,-250,200,20.0
1770115196.1514778,0.7396,38.04,-250,200,20.0
1770115196.254304,0.7883,38.44,-250,200,20.0
1770115196.359819,-0.4683,4.30,146,475,47.5
1770115196.453317,-0.3379,7.04,118,399,40.0
1770115196.5567522,-1.7012,-15.24,250,200,20.0
1770115196.6627114,0.9163,44.44,-250,200,20.0
1770115196.7678297,0.7998,45.00,-250,200,20.0
1770115196.8585658,0.6890,47.61,-250,200,20.0
1770115196.9626062,0.6857,49.33,-250,200,20.0
1770115197.0676115,0.7236,47.13,-250,200,20.0
1770115197.172186,0.7251,48.15,-250,200,20.0
1770115197.2645469,0.7355,49.81,-250,200,20.0
1770115197.3685243,0.7399,49.89,-250,200,20.0
1770115197.472932,0.7860,50.51,-250,200,20.0
1770115197.566591,0.8301,51.76,-250,200,20.0
1770115197.6737304,0.8746,52.61,-250,200,20.0
1770115197.7790818,0.8507,51.11,-250,200,20.0
1770115197.8724003,0.9182,53.35,-250,200,20.0
1770115197.9752874,0.9870,54.30,-250,200,20.0
1770115198.0791218,0.9773,54.27,-250,200,20.0
1770115198.1829896,-0.6127,32.28,250,200,20.0
1770115198.2787986,-0.5268,32.90,189,200,20.0
1770115198.3816931,-0.4698,32.36,144,200,20.0
1770115198.4882908,-0.4458,32.28,124,200,20.0
1770115198.592292,-0.5018,30.33,188,200,20.0
1770115198.6857853,0.8995,55.29,-250,200,20.0
1770115198.7895055,0.8265,57.04,-250,200,20.0
1770115198.8917491,0.6987,56.76,-250,200,20.0
1770115198.9854271,0.5983,57.82,-250,200,20.0
1770115199.0917196,0.5550,58.62,-250,200,20.0
1770115199.1965792,0.5529,58.98,-250,200,20.0
1770115199.2897608,0.5711,59.13,-250,200,20.0
1770115199.3934312,0.5659,58.50,-250,200,20.0
1770115199.497938,0.5809,58.28,-250,200,20.0
1770115199.6015875,0.5479,57.54,-250,200,20.0
1770115199.6942399,0.5286,56.88,-250,200,20.0
1770115199.7988458,0.5520,57.23,-250,200,20.0
1770115199.9046605,0.5738,57.65,-250,200,20.0
1770115200.0083582,0.6140,58.25,-250,200,20.0
1770115200.112365,0.6191,57.98,-250,200,20.0
1770115200.204195,0.6791,59.21,-250,200,20.0
1770115200.308166,0.6002,57.01,-250,200,20.0
1770115200.4020042,0.6821,58.55,-250,200,20.0
1770115200.5053706,0.7377,59.18,-250,200,20.0
1770115200.6098619,0.7323,58.21,-250,200,20.0
1770115200.7139387,2.2996,55.77,-250,200,20.0
1770115200.8181581,2.2653,54.19,-250,200,20.0
1770115200.910084,2.2339,52.69,-250,200,20.0
1770115201.0150177,2.1892,51.13,-250,200,20.0
1770115201.123825,2.1502,49.60,-250,200,20.0
1770115201.2222111,2.1185,48.06,-250,200,20.0
1770115201.3141122,2.0936,46.43,-250,200,20.0
1770115201.419696,2.1037,46.56,-250,200,20.0
1770115201.5237172,2.1140,47.25,-250,200,20.0
1770115201.6186936,0.7849,53.27,-250,200,20.0
1770115201.7224302,0.7970,53.13,-250,200,20.0
1770115201.826328,1.8033,36.99,-250,200,20.0
1770115201.9303493,1.9407,43.00,-250,200,20.0
1770115202.0233364,2.0161,45.85,-250,200,20.0
1770115202.1265345,2.0911,48.51,-250,200,20.0
1770115202.2302887,2.0803,47.98,-250,200,20.0
1770115202.3334684,1.9496,35.26,-250,200,20.0
1770115202.4399347,2.0884,45.81,-250,200,20.0
1770115202.5309258,1.9963,37.87,-250,200,20.0
1770115202.6346538,0.8491,48.50,-250,200,20.0
1770115202.7380102,-1.3752,19.79,250,200,20.0
1770115202.8422208,-1.4979,9.43,250,318,31.8
1770115202.9473376,-1.4650,9.52,250,314,31.5
1770115203.040469,-1.5454,4.01,250,480,48.1
1770115203.144828,0.7026,45.70,-250,200,20.0
1770115203.2367847,0.5212,44.86,-250,200,20.0
1770115203.3410218,0.1842,42.51,-250,200,20.0
1770115203.4451697,0.7725,23.32,-250,200,20.0
1770115203.5393322,0.7346,21.48,-250,200,20.0
1770115203.632994,0.7457,23.20,-250,200,20.0
1770115203.7266161,0.7440,23.60,-250,200,20.0
1770115203.8307893,0.8116,20.59,-250,200,20.0
1770115203.9246159,0.6674,10.48,-250,283,28.3
1770115204.0224056,0.7816,18.86,-250,200,20.0
1770115204.1133919,0.8956,24.10,-250,200,20.0
1770115204.2065203,1.0556,32.21,-250,200,20.0
1770115204.299922,1.2623,41.35,-250,200,20.0
1770115204.3941002,1.3878,44.03,-250,200,20.0
1770115204.4855895,1.6044,52.06,-250,200,20.0
1770115204.5809634,-0.0103,35.08,-250,200,20.0
1770115204.6738591,0.0151,36.46,-250,200,20.0
1770115204.75629,0.0035,34.68,-250,200,20.0
1770115204.8542519,-0.0274,28.63,-205,200,20.0
1770115204.936873,-0.0335,24.31,-165,200,20.0
1770115205.029996,-0.0150,21.88,-162,200,20.0
1770115205.1128304,-0.0191,18.98,-135,200,20.0
1770115205.2077947,-0.0885,10.73,-21,275,27.6
1770115205.28994,-0.1431,3.08,26,494,49.4
1770115205.3840182,-0.1231,-5.11,92,456,45.7
1770115205.4692147,-0.3364,-23.99,250,200,20.0
1770115205.552882,-0.2923,-22.09,250,200,20.0
1770115205.6341436,-0.3015,-15.36,250,200,20.0
1770115205.7276025,-0.2200,-2.18,93,499,50.0
1770115205.8109374,-0.2134,1.59,60,500,50.0
1770115205.894248,-0.1721,2.67,38,497,49.8
1770115205.977479,0.3679,-35.29,-33,200,20.0
1770115206.0614178,0.3911,-10.89,-201,271,27.1
1770115206.1463103,0.3595,-4.84,-107,463,46.3
1770115206.2167602,0.3157,-8.52,-122,349,34.9
1770115206.2992556,0.4578,9.41,-250,318,31.9
1770115206.39551,0.4544,-0.69,-150,500,50.0
1770115206.4766688,0.6074,2.19,-226,499,50.0
1770115206.5513842,-0.5684,6.91,233,403,40.4
1770115206.6332953,-0.5527,-13.00,250,219,21.9
1770115206.717168,-0.4176,-2.40,163,499,49.9
1770115206.7935221,-0.3760,-10.11,250,295,29.6
1770115206.8665113,-0.3845,-6.14,228,427,42.8
1770115206.9389043,-1.4902,-7.15,250,396,39.6
1770115207.012334,-1.0933,-6.56,250,415,41.5
1770115207.073241,-0.1435,4.42,20,472,47.3
1770115207.1460686,0.1937,14.04,-250,204,20.5
1770115207.2183375,0.2717,31.36,-250,200,20.0
1770115207.2802424,0.2307,22.04,-250,200,20.0
1770115207.3543582,0.1388,2.96,-72,495,49.5
1770115207.4153345,0.0747,-32.02,192,200,20.0
1770115207.4878376,0.1055,-38.83,220,200,20.0
1770115207.5605369,0.2069,-12.50,-67,229,22.9
1770115207.6330252,0.2329,-6.93,-63,403,40.3
1770115207.7053072,0.3275,10.26,-250,290,29.1
1770115207.7772145,0.4145,4.68,-203,467,46.7
1770115207.8493998,0.3123,54.28,-250,200,20.0
1770115207.921946,0.0374,35.29,-250,200,20.0
1770115208.00472,-0.1790,29.67,-83,200,20.0
1770115208.0879443,-0.3506,19.07,148,200,20.0
1770115208.1713395,-0.2446,6.09,64,429,43.0
1770115208.2537796,-0.2106,5.85,48,436,43.7
1770115208.3464425,-0.3191,12.70,158,224,22.5
1770115208.4394977,-0.0548,10.42,-44,285,28.6
1770115208.5216224,-0.0610,13.94,-59,205,20.6
1770115208.6139207,-0.1378,15.16,-2,200,20.0
1770115208.7161934,-0.1114,19.77,-62,200,20.0
1770115208.8085465,-0.1852,11.39,50,256,25.7
1770115208.9010334,-0.2137,13.62,71,209,20.9
1770115208.9932995,-0.1871,10.72,50,276,27.6
1770115209.085623,-0.1526,5.86,22,436,43.6
1770115209.1884162,-0.1059,4.93,4,461,46.1
1770115209.2807796,0.2347,6.20,-159,426,42.6
1770115209.3839872,0.2546,12.82,-250,222,22.2
1770115209.4865525,-0.1337,4.09,18,479,47.9
1770115209.5894487,-0.2174,4.23,49,476,47.7
1770115209.6921213,-0.1171,4.80,9,464,46.4
1770115209.7948508,0.1568,5.60,-113,443,44.4
1770115209.887232,0.1179,4.57,-83,469,47.0
1770115209.9898238,0.2108,5.78,-140,438,43.9
1770115210.0925393,0.2053,5.28,-129,452,45.2
1770115210.1970913,0.0936,-0.75,-26,500,50.0
1770115210.2997956,0.1459,4.82,-97,463,46.4
1770115210.40262,0.1502,6.20,-120,426,42.6
1770115210.4948323,0.1529,7.06,-135,399,39.9
1770115210.5974407,0.2016,5.46,-131,447,44.7
1770115210.7000988,0.0876,-0.12,-29,500,50.0
1770115210.8027916,0.1601,4.72,-102,466,46.6
1770115210.9054737,0.1764,5.76,-125,439,43.9
1770115211.0079498,0.1661,6.56,-133,415,41.5
1770115211.1107285,0.1476,5.36,-106,450,45.0
1770115211.2031312,0.1693,5.76,-121,439,43.9
1770115211.3057897,0.1379,5.78,-108,438,43.9
1770115211.408343,0.1435,4.47,-92,471,47.2
1770115211.5110416,0.1632,5.24,-111,453,45.3
1770115211.613672,0.2299,5.78,-149,438,43.9
1770115211.7163212,0.1565,4.01,-91,480,48.1
1770115211.8188741,0.1781,6.37,-136,421,42.1
1770115211.9217656,-0.2250,3.89,52,482,48.3
1770115212.0177166,0.1652,4.99,-108,459,46.0
1770115212.1314366,0.1713,5.37,-116,449,45.0
1770115212.2336776,0.1449,4.05,-87,480,48.0
1770115212.3274844,0.1118,2.65,-60,497,49.8
1770115212.4317973,0.1414,3.29,-76,491,49.2
1770115212.5347137,0.1439,2.94,-74,495,49.5
1770115212.6388805,0.1510,2.29,-70,499,50.0
1770115212.7323873,0.1755,3.74,-94,485,48.5
1770115212.8356273,0.1856,3.08,-90,494,49.4
1770115212.93988,0.1588,3.70,-88,485,48.6
1770115213.0437443,0.2482,2.39,-104,499,49.9
1770115213.1366932,0.2707,0.69,-98,500,50.0
1770115213.2391703,0.4138,3.06,-170,494,49.4
1770115213.342387,0.7928,0.34,-250,500,50.0
1770115213.4475193,0.4133,32.05,-250,200,20.0
1770115213.5410583,0.3612,11.39,-250,256,25.6
1770115213.6476429,0.3561,13.03,-250,218,21.9
1770115213.7511308,0.3052,11.75,-250,246,24.7
1770115213.8551974,0.3968,12.35,-250,232,23.2
1770115213.948322,0.6932,5.49,-250,446,44.7
1770115214.050175,1.3172,59.71,-250,200,20.0
1770115214.1533623,-0.0206,-54.00,250,200,20.0
1770115214.2566357,-0.6013,20.30,250,200,20.0
1770115214.3498237,-0.6167,28.89,250,200,20.0
1770115214.4519093,-0.6332,21.83,250,200,20.0
1770115214.555504,0.7242,6.48,-250,417,41.8
1770115214.6607776,1.5497,22.61,-250,200,20.0
1770115214.7638958,0.9919,18.49,-250,200,20.0
1770115214.8704855,-0.5957,34.70,234,200,20.0
1770115214.9700794,-0.2113,28.18,-43,200,20.0
1770115215.0598254,-1.9782,-30.93,250,200,20.0
1770115215.1616602,-0.6050,30.88,250,200,20.0
1770115215.2659655,0.1465,34.51,-250,200,20.0
1770115215.369048,1.0016,43.95,-250,200,20.0
1770115215.4737525,0.4016,39.37,-250,200,20.0
1770115215.5765133,0.3787,17.87,-250,200,20.0
1770115215.6717832,-0.4889,-34.18,250,200,20.0
1770115215.7743788,-0.4211,-11.97,250,241,24.1
1770115215.8770146,-0.2053,-32.73,250,200,20.0
1770115215.9798586,0.2209,-0.14,-74,500,50.0
1770115216.0709856,-0.2828,7.17,90,395,39.5
1770115216.184542,-0.6112,-39.22,250,200,20.0
1770115216.2767043,-0.9973,48.49,250,200,20.0
1770115216.3781471,-0.9277,-21.01,250,200,20.0
1770115216.4804003,-0.5204,62.60,-53,200,20.0
1770115216.5834184,-1.6321,8.33,250,355,35.6
1770115216.6863525,-0.9046,56.19,250,200,20.0
1770115216.7787442,0.1298,48.87,-250,200,20.0
1770115216.8808987,-0.0485,-35.03,250,200,20.0
1770115216.9840343,-1.0168,-20.23,250,200,20.0
1770115217.0883355,-0.6526,60.97,73,200,20.0
1770115217.1915479,0.1402,56.50,-250,200,20.0
1770115217.2853165,0.3161,12.96,-250,219,22.0
1770115217.3882215,0.1886,-2.00,-48,499,50.0
1770115217.4925334,0.0675,11.70,-145,248,24.8
1770115217.5988853,0.3097,-14.39,-150,201,20.2
1770115217.6945446,-1.4422,32.30,250,200,20.0
1770115217.797769,-1.4356,6.12,250,428,42.9
1770115217.9018302,-0.5451,7.97,247,368,36.8
1770115218.0032256,-1.4450,26.83,250,200,20.0
1770115218.1070933,-1.4168,-34.00,250,200,20.0
1770115218.1986804,-1.4907,3.19,250,492,49.3
1770115218.3029168,-1.5285,0.08,250,500,50.0
1770115218.3960023,-1.5203,20.19,250,200,20.0
1770115218.493164,-1.2766,15.23,250,200,20.0
1770115218.5868661,-1.3109,-2.88,250,496,49.6
1770115218.669059,-0.7503,-37.91,250,200,20.0
1770115218.7508996,-1.6833,11.03,250,266,26.7
1770115218.8354611,-1.7045,12.98,250,219,21.9
1770115218.908132,-0.3485,-30.50,250,200,20.0
1770115218.9810042,-0.3004,-16.90,250,200,20.0
1770115219.047808,-3.1230,-80.74,250,200,20.0
1770115219.1114817,-1.5148,-57.85,250,200,20.0
1770115219.178141,-1.5376,-57.93,250,200,20.0
1770115219.2400925,-1.5003,10.30,250,289,28.9
1770115219.3028653,-1.6154,2.02,250,499,50.0
1770115219.3758113,-1.6536,7.33,250,389,39.0
1770115219.4478965,-0.9354,-45.78,250,200,20.0
1770115219.5114098,-0.6167,-8.60,250,346,34.6
1770115219.585786,-0.5851,1.00,193,500,50.0
1770115219.6587021,-0.7963,-27.95,250,200,20.0
1770115219.731734,-0.9791,-43.92,250,200,20.0
1770115219.8043623,-0.7673,-21.77,250,200,20.0
1770115219.8772,-0.9126,-34.38,250,200,20.0
1770115219.960828,-0.9920,-38.69,250,200,20.0
1770115220.0344543,-0.7887,-16.90,250,200,20.0
1770115220.106559,-1.8941,-38.62,250,200,20.0
1770115220.1947727,-1.5593,-36.81,250,200,20.0
1770115220.2766385,-1.5234,-31.98,250,200,20.0
1770115220.359857,-1.5587,-33.91,250,200,20.0
1770115220.4341378,-0.2964,-0.12,102,500,50.0
1770115220.517017,-1.4894,-36.27,250,200,20.0
1770115220.6000986,-1.3444,-45.26,250,200,20.0
1770115220.6933844,-2.1477,-51.92,250,200,20.0
1770115220.776903,-1.5634,-37.83,250,200,20.0
1770115220.8609967,-2.0648,-46.61,250,200,20.0
1770115220.9425004,-0.4548,-8.77,250,340,34.1
1770115221.0251021,0.3787,46.98,-250,200,20.0
1770115221.1088414,-1.7112,6.42,250,419,41.9
1770115221.2039893,-1.7196,0.88,250,500,50.0
1770115221.2870233,-1.7723,-9.19,250,326,32.6
1770115221.3687234,-2.0363,-52.71,250,200,20.0
1770115221.451262,-0.9541,-44.26,250,200,20.0
1770115221.533486,-0.2607,-36.80,250,200,20.0
1770115221.6164026,-0.3462,-14.43,250,201,20.2
1770115221.7091963,-0.3378,7.69,125,377,37.8
1770115221.8135698,0.0443,-20.31,124,200,20.0
1770115221.9057472,0.0342,-30.97,218,200,20.0
1770115222.008963,-0.5056,-40.46,250,200,20.0
1770115222.1121228,-0.1372,-34.37,250,200,20.0
1770115222.2154665,-0.6905,-48.19,250,200,20.0
1770115222.3080382,-0.7232,-46.05,250,200,20.0
1770115222.4115293,0.2197,6.42,-157,419,41.9
1770115222.514695,0.2383,-5.04,-58,458,45.8
1770115222.6184013,0.1706,-4.50,-31,471,47.1
1770115222.7216625,0.1199,-11.52,0,252,25.3
1770115222.8258228,0.3056,-2.55,-85,498,49.8
1770115222.9302032,0.4651,-13.12,-250,217,21.7
1770115223.0217104,0.4622,-19.78,-239,200,20.0
1770115223.1247997,0.4302,-20.65,-204,200,20.0
1770115223.227986,0.4885,27.02,-250,200,20.0
1770115223.3308399,-0.5501,27.38,250,200,20.0
1770115223.4231653,-0.6052,45.13,159,200,20.0
1770115223.526015,-0.7762,56.47,215,200,20.0
1770115223.6201265,0.1933,66.43,-250,200,20.0
1770115223.7019265,-0.3820,20.11,167,200,20.0
1770115223.7848873,-0.8076,-33.55,250,200,20.0
1770115223.8772762,-0.6380,-56.18,250,200,20.0
1770115223.9718118,0.9097,11.80,-250,245,24.6
1770115224.0758314,-0.1097,-5.20,87,454,45.5
1770115224.1813452,0.1310,15.69,-238,200,20.0
1770115224.2869275,-0.1337,-15.47,238,200,20.0
1770115224.3894906,-0.5800,-15.16,250,200,20.0
1770115224.494156,-0.4920,-14.13,250,203,20.4
1770115224.5945823,-1.2913,-1.41,250,500,50.0
1770115224.6876476,-1.1489,-41.74,250,200,20.0
1770115224.7925904,-1.1065,-41.15,250,200,20.0
1770115224.8964975,-0.1930,2.65,45,497,49.8
1770115224.987148,-0.2534,-1.60,99,500,50.0
1770115225.0907898,-0.3029,-2.74,127,497,49.7
1770115225.1949058,-0.3927,-3.46,169,489,49.0
1770115225.298611,-0.4039,-7.10,250,397,39.8
1770115225.4029655,-0.3931,-6.84,250,406,40.6
1770115225.4952796,-0.4207,-8.97,250,333,33.4
1770115225.5992794,-0.2867,-5.65,172,442,44.2
1770115225.7027245,-0.2377,-5.76,152,439,43.9
1770115225.80604,-0.2395,-1.88,97,500,50.0
1770115225.9114382,-0.2356,-5.12,139,456,45.6
1770115226.004172,-0.2548,-4.92,143,461,46.1
1770115226.1124678,-0.2420,-3.62,117,487,48.7
1770115226.2057388,-0.2439,-4.51,132,470,47.1
1770115226.3100483,-0.2551,-4.78,141,464,46.5
1770115226.4137046,-0.2421,-4.02,123,480,48.1
1770115226.5193503,-0.2460,-3.99,124,481,48.1
1770115226.6130862,-0.2466,-4.06,125,479,48.0
1770115226.7166133,-0.2405,-3.78,119,484,48.5
1770115226.8207617,-0.2446,-4.13,126,478,47.8
1770115226.9260662,-0.2408,-3.70,118,485,48.6
1770115227.018428,-0.2459,-4.21,127,476,47.7
1770115227.1221693,-0.2448,-4.19,127,477,47.7
1770115227.2300055,-0.2471,-4.26,129,475,47.6
1770115227.3219652,-0.2415,-3.82,120,483,48.4
1770115227.425992,-0.2472,-4.47,132,471,47.2
1770115227.5301847,-0.2444,-4.33,129,474,47.5
1770115227.6249704,-0.2394,-3.60,116,487,48.7
1770115227.7288742,-0.2311,-2.96,105,495,49.5
1770115227.8329136,-0.2438,-4.22,127,476,47.7
1770115227.9295921,-0.2475,-4.46,132,471,47.2
1770115228.0341282,-0.2408,-4.02,122,480,48.1
1770115228.1416962,-0.2387,-3.72,117,485,48.6
1770115228.2385864,-0.2385,-3.44,113,489,49.0
1770115228.3433213,-0.2379,-3.60,115,487,48.7
1770115228.4362044,-0.2377,-3.54,114,488,48.8
1770115228.5401797,-0.2429,-4.11,125,478,47.9
1770115228.6442056,-0.2407,-4.26,126,475,47.6
1770115228.7416503,-0.2333,-3.53,112,488,48.9
1770115228.846043,-0.2454,-4.82,138,463,46.4
1770115228.951739,-0.2435,-4.49,131,471,47.1
1770115229.0428472,-0.2415,-4.08,124,479,47.9
1770115229.1468296,-0.2361,-3.69,116,486,48.6
1770115229.2508774,-0.2371,-3.87,119,483,48.3
1770115229.3559015,-0.2439,-4.63,134,468,46.8
1770115229.4495595,-0.2497,-5.16,146,455,45.5
1770115229.5556352,-0.2491,-4.73,138,465,46.6
1770115229.6586583,-0.2433,-4.65,134,467,46.8
1770115229.7518516,-0.2444,-4.79,137,464,46.4
1770115229.85585,-0.2393,-4.28,126,475,47.6
1770115229.960013,-0.2491,-5.06,144,457,45.8
1770115230.064442,-0.2533,-5.32,150,451,45.1
1770115230.1576927,-0.2446,-4.45,131,472,47.2
1770115230.262466,-0.2444,-4.32,129,474,47.5
1770115230.3682587,-0.2495,-4.81,139,463,46.4
1770115230.461465,-0.2448,-4.07,125,479,48.0
1770115230.56569,-0.2511,-5.04,144,458,45.8
1770115230.6732116,-0.2447,-4.32,129,474,47.5
1770115230.7654161,-0.2400,-3.85,120,483,48.3
1770115230.8699744,-0.2461,-4.44,131,472,47.2
1770115230.9741793,-0.2454,-4.68,135,466,46.7
1770115231.0670373,-0.2428,-4.09,124,479,47.9
1770115231.1706758,-0.2442,-4.15,126,478,47.8
1770115231.2746952,-0.2436,-4.32,128,474,47.5
1770115231.379204,-0.2444,-4.43,131,472,47.2
1770115231.4726393,-0.2437,-4.31,128,474,47.5
1770115231.5766284,-0.2475,-4.65,135,467,46.8
1770115231.6820617,-0.2474,-5.03,142,458,45.9
1770115231.7849877,-0.2462,-4.63,135,468,46.8
1770115231.8782203,-0.2488,-4.62,136,468,46.8
1770115231.9818695,-0.2472,-4.67,136,467,46.7
1770115232.0869136,-0.2441,-4.21,127,476,47.7
1770115232.1910636,-0.2344,-3.28,110,491,49.2
1770115232.2841678,-0.2428,-4.30,128,475,47.5
1770115232.3881438,-0.2408,-3.67,117,486,48.6
1770115232.492473,-0.2414,-4.04,123,480,48.0
1770115232.5977695,-0.2406,-3.54,115,488,48.8
1770115232.6892412,-0.2415,-4.07,124,479,48.0
1770115232.7933192,-0.2447,-4.16,126,477,47.8
1770115232.8975167,-0.2454,-4.32,129,474,47.5
1770115233.0016062,-0.2374,-3.69,116,486,48.6
1770115233.0946987,-0.2373,-3.69,116,486,48.6
1770115233.1996675,-0.2382,-3.45,113,489,49.0
1770115233.3028264,-0.2424,-4.27,127,475,47.6
1770115233.397576,-0.2433,-4.34,129,474,47.4
1770115233.5014367,-0.2482,-4.56,134,469,47.0
1770115233.6071603,-0.2446,-4.12,126,478,47.9
1770115233.701051,-0.2466,-4.43,131,472,47.2
1770115233.8048477,-0.2437,-4.12,125,478,47.9
1770115233.9099865,-0.2497,-4.62,136,468,46.8
1770115234.0151224,-0.2444,-4.03,124,480,48.0
1770115234.107309,-0.2424,-4.08,124,479,47.9
1770115234.2120805,-0.2470,-4.26,129,475,47.6
1770115234.3158307,-0.2459,-4.30,129,475,47.5
1770115234.4093866,-0.2436,-4.17,126,477,47.8
1770115234.5138726,-0.2470,-4.52,133,470,47.0
1770115234.6194274,-0.2483,-4.52,134,470,47.1
1770115234.7228777,-0.1876,-1.06,73,500,50.0
1770115234.8158782,-0.1199,3.27,16,492,49.2
1770115234.9223425,-0.7250,31.02,250,200,20.0
1770115235.015224,-0.5021,26.47,219,200,20.0
1770115235.118492,-0.1425,44.82,-236,200,20.0
1770115235.2231615,1.0494,49.16,-250,200,20.0
1770115235.3261545,-0.5495,37.96,168,200,20.0
1770115235.4322348,0.8848,42.46,-250,200,20.0
1770115235.524788,-0.3974,39.17,28,200,20.0
1770115235.6306176,0.1439,25.26,-250,200,20.0
1770115235.7283921,0.1183,23.88,-250,200,20.0
1770115235.8335714,0.6074,-2.60,-189,498,49.8
1770115235.939682,0.7179,3.46,-250,489,48.9
1770115236.031009,-0.4991,-0.38,174,500,50.0
1770115236.1347032,-1.0888,8.82,250,338,33.9
1770115236.238537,-1.0569,1.38,250,500,50.0
1770115236.331277,-0.9855,2.87,250,496,49.6
1770115236.4345975,-0.8419,8.82,250,338,33.9
1770115236.5385218,-0.9511,9.98,250,299,30.0
1770115236.641742,-0.8779,20.69,250,200,20.0
1770115236.7344916,-0.4926,15.12,250,200,20.0
1770115236.8380253,-0.1071,41.88,-243,200,20.0
1770115236.9415357,-0.3478,34.56,22,200,20.0
1770115237.045051,-0.4895,32.86,157,200,20.0
1770115237.1492467,-0.7279,3.52,236,488,48.9
1770115237.2543385,-0.6608,21.83,250,200,20.0
1770115237.346463,-1.3802,13.20,250,215,21.6
1770115237.4514356,0.1225,4.67,-86,467,46.7
1770115237.5580254,1.3109,4.47,-250,471,47.2
1770115237.6493073,1.1996,-2.43,-250,499,49.9
1770115237.7554102,1.1513,-5.00,-250,459,45.9
1770115237.8580575,1.0510,-9.49,-250,316,31.6
1770115237.961889,1.1344,-11.37,-250,257,25.7
1770115238.0545914,1.3300,-1.03,-250,500,50.0
1770115238.1566055,0.0234,-1.29,2,500,50.0
1770115238.259483,-0.3335,30.39,43,200,20.0
1770115238.3633683,-0.3265,18.48,132,200,20.0
1770115238.456042,-0.2089,27.20,-38,200,20.0
1770115238.559851,-0.2888,32.02,-7,200,20.0
1770115238.6637757,-1.1151,21.01,250,200,20.0
1770115238.767112,-0.3743,27.54,101,200,20.0
1770115238.8609288,-0.3431,31.12,45,200,20.0
1770115238.966138,0.2185,24.46,-250,200,20.0
1770115239.0710888,0.0794,21.30,-238,200,20.0
1770115239.175164,0.0462,20.26,-201,200,20.0
1770115239.267381,0.0661,20.42,-220,200,20.0
1770115239.3695147,-1.2570,14.72,250,200,20.0
1770115239.4734833,-1.1779,15.24,250,200,20.0
1770115239.5781238,-1.0975,16.09,250,200,20.0
1770115239.680238,-1.0916,15.83,250,200,20.0
1770115239.7736394,-1.1538,13.69,250,208,20.9
1770115239.8808172,-1.2126,12.90,250,220,22.1
1770115239.9840415,-1.2081,14.26,250,202,20.3
1770115240.0774462,-1.2935,12.34,250,232,23.2
1770115240.1841228,0.0614,19.02,-204,200,20.0
1770115240.2887144,0.0242,19.95,-180,200,20.0
1770115240.3835795,1.7163,14.49,-250,201,20.1
1770115240.488655,1.6984,15.23,-250,200,20.0
1770115240.5942128,1.7541,18.91,-250,200,20.0
1770115240.7001119,1.7983,19.92,-250,200,20.0
1770115240.788688,-1.3759,10.48,250,283,28.4
1770115240.8948922,-1.3547,7.88,250,371,37.1
1770115240.9995086,-0.3586,9.96,166,300,30.0
1770115241.0921102,-0.5239,-8.52,250,349,34.9
1770115241.1953404,-0.2895,30.90,1,200,20.0
1770115241.2991939,-0.5069,27.04,219,200,20.0
1770115241.4058962,1.6406,6.23,-250,425,42.5
1770115241.5108488,1.6345,10.08,-250,296,29.6
1770115241.602647,1.6291,12.92,-250,220,22.1
1770115241.7082334,1.5585,12.16,-250,236,23.7
1770115241.8131387,1.5008,9.09,-250,329,33.0
1770115241.906243,1.5417,8.21,-250,360,36.0
1770115242.0070658,0.1887,-1.34,-54,500,50.0
1770115242.1104207,-1.6558,-6.48,250,417,41.8
1770115242.2030914,-1.9514,-26.12,250,200,20.0
1770115242.3057008,-1.5897,-16.62,250,200,20.0
1770115242.4096014,-1.7065,-21.41,250,200,20.0
1770115242.5130045,-1.6001,-15.82,250,200,20.0
1770115242.6168327,-1.5435,-13.22,250,215,21.5
1770115242.7100034,-1.5237,-13.79,250,207,20.7
1770115242.815075,-1.5104,-9.40,250,318,31.9
1770115242.9183984,-1.4439,-4.10,250,479,47.9
1770115243.0219083,-1.3762,1.12,250,500,50.0
1770115243.1153314,0.1873,-7.94,-42,369,36.9
1770115243.221064,1.3098,-12.01,-250,240,24.0
1770115243.324241,1.1128,-12.41,-250,231,23.1
1770115243.4286933,1.0343,-12.31,-250,233,23.3
1770115243.5312688,1.0228,-14.24,-250,202,20.3
1770115243.6246448,1.0709,-15.00,-250,200,20.0
1770115243.7283237,1.1680,-15.77,-250,200,20.0
1770115243.8319514,1.2072,-14.38,-250,201,20.2
1770115243.9289546,1.2613,-12.43,-250,230,23.1
1770115244.0325258,1.3603,-8.84,-250,338,33.8
1770115244.139157,1.4671,-4.65,-250,467,46.8
1770115244.2413218,1.6382,-2.28,-250,499,50.0
1770115244.3313813,-2.0324,-33.62,250,200,20.0
1770115244.4357364,-1.9555,-37.17,250,200,20.0
1770115244.538856,-1.7729,-34.12,250,200,20.0
1770115244.641415,0.6777,50.18,-250,200,20.0
1770115244.745625,0.9682,61.01,-250,200,20.0
1770115244.839013,0.9021,59.96,-250,200,20.0
1770115244.942667,0.5369,52.30,-250,200,20.0
1770115245.0456657,0.0908,30.94,-250,200,20.0
1770115245.1498377,0.1365,36.69,-250,200,20.0
1770115245.2539377,0.2033,46.09,-250,200,20.0
1770115245.3472362,-1.0099,-3.91,250,482,48.3
1770115245.4512753,-1.0633,-10.59,250,280,28.0
1770115245.5545208,-1.0226,-17.41,250,200,20.0
1770115245.6474977,-1.1359,-18.44,250,200,20.0
1770115245.7522926,-1.0910,-10.68,250,277,27.7
1770115245.855024,-1.0485,-3.06,250,494,49.4
1770115245.958804,-1.0555,-12.97,250,219,22.0
1770115246.0629516,-1.1006,-2.39,250,499,49.9
1770115246.1549573,-1.0041,2.53,250,498,49.9
1770115246.2579112,-1.1068,4.23,250,476,47.6
1770115246.3620605,-1.2567,2.78,250,496,49.7
1770115246.466344,0.2100,2.66,-94,497,49.8
1770115246.569483,-0.1348,2.35,27,499,49.9
1770115246.6650982,1.3114,-4.21,-250,476,47.7
1770115246.7690272,1.1221,-5.79,-250,438,43.8
1770115246.8740504,1.0078,-3.82,-250,483,48.4
1770115246.9648402,1.0680,0.07,-250,500,50.0
1770115247.0688162,1.1774,2.29,-250,499,50.0
1770115247.1713715,1.2299,2.03,-250,499,50.0
1770115247.273877,-0.9387,-0.30,250,500,50.0
1770115247.3662703,-0.8895,-1.30,250,500,50.0
1770115247.4806082,-0.8700,-1.09,250,500,50.0
1770115247.5724664,-0.9151,-0.72,250,500,50.0
1770115247.6756537,169.5607,89.43,-250,200,20.0
1770115247.7792637,74.2799,88.67,-250,200,20.0
1770115247.8730106,-1.3513,-66.34,250,200,20.0
1770115247.9762628,61.0592,88.41,-250,200,20.0
1770115248.0796826,71.0857,88.64,-250,200,20.0
1770115248.1833246,10.2422,81.30,-250,200,20.0
1770115248.2878923,8.9500,80.57,-250,200,20.0
1770115248.3801506,9.8163,81.69,-250,200,20.0
1770115248.4835403,18.2685,85.35,-250,200,20.0
1770115248.586801,22.0724,86.11,-250,200,20.0
1770115248.6907246,22.4652,86.19,-250,200,20.0
1770115248.7857459,22.5106,86.22,-250,200,20.0
1770115248.8895426,21.9612,86.12,-250,200,20.0
1770115248.9940422,6.1892,78.13,-250,200,20.0
1770115249.0981104,3.5943,72.37,-250,200,20.0
1770115249.2014413,1.9619,65.11,-250,200,20.0
1770115249.2954788,1.2085,59.52,-250,200,20.0
1770115249.3990679,1.2703,60.45,-250,200,20.0
1770115249.5025272,2.0511,66.45,-250,200,20.0
1770115249.6065207,2.4963,69.08,-250,200,20.0
1770115249.7047095,1.5398,61.76,-250,200,20.0
1770115249.807645,0.6949,53.12,-250,200,20.0
1770115249.8993194,-1.7266,-16.51,250,200,20.0
1770115250.0021274,-0.2080,37.16,-118,200,20.0
1770115250.1059766,-1.4622,-5.79,250,438,43.8
1770115250.2090905,-1.3781,-0.72,250,500,50.0
1770115250.3144965,-1.2454,-7.20,250,394,39.4
1770115250.4084268,-1.6095,-11.00,250,267,26.8
1770115250.5123043,-1.5307,-8.25,250,358,35.8
1770115250.6182292,-1.7412,-18.50,250,200,20.0
1770115250.7206416,-1.7203,-29.41,250,200,20.0
1770115250.8143315,-0.1329,-26.42,250,200,20.0
1770115250.9186609,-0.0736,-23.64,250,200,20.0
1770115251.021839,-0.7821,-44.67,250,200,20.0
1770115251.1261306,-1.1809,-49.67,250,200,20.0
1770115251.2317653,0.2243,0.49,-81,500,50.0
1770115251.323767,-0.0028,-5.31,43,451,45.2
1770115251.426879,0.0539,-2.56,1,498,49.8
1770115251.5313694,0.0915,19.02,-230,200,20.0
1770115251.6333394,0.4757,-26.75,-194,200,20.0
1770115251.7235818,-0.4871,-16.82,250,200,20.0
1770115251.8155463,-0.2773,1.29,84,500,50.0
1770115251.910345,-0.1284,15.53,-13,200,20.0
1770115251.9955845,-0.2042,-3.12,97,493,49.4
1770115252.0888035,-0.4008,0.35,134,500,50.0
1770115252.183364,-0.2827,6.39,84,420,42.0
1770115252.265158,-0.0020,10.73,-84,275,27.6
1770115252.3468335,-1.8046,-20.67,250,200,20.0
1770115252.44068,-0.0720,-6.06,81,430,43.0
1770115252.5486832,0.0242,-2.96,15,495,49.5
1770115252.659978,0.0192,-0.19,-5,500,50.0
1770115252.7509105,0.0270,1.02,-17,500,50.0
1770115252.8553839,0.0417,5.90,-66,435,43.5
1770115252.9604115,0.0452,7.75,-87,375,37.6
1770115253.0564651,-0.1531,6.77,22,408,40.9
1770115253.158713,-0.1067,10.05,-6,297,29.7
1770115253.2644513,-0.0793,5.92,-11,434,43.5
1770115253.366436,0.0109,14.19,-122,203,20.3
1770115253.459224,0.0929,7.96,-116,368,36.9
1770115253.5611632,0.1491,15.01,-248,200,20.0
1770115253.6672058,0.2207,19.30,-250,200,20.0
1770115253.7682054,-0.0089,11.99,-88,240,24.1
1770115253.8618457,0.0187,6.67,-62,411,41.2
1770115253.966372,-0.5053,-2.27,192,499,50.0
1770115254.0672228,-0.4620,-1.28,169,500,50.0
1770115254.1695476,-0.4112,0.91,134,500,50.0
1770115254.2749836,-0.5752,-1.79,212,500,50.0
1770115254.3653965,-0.5218,-6.57,250,414,41.5
1770115254.4701936,-0.0397,12.09,-65,238,23.8
1770115254.5728703,-0.3256,5.84,100,436,43.7
1770115254.6754472,0.1250,5.74,-101,439,44.0
1770115254.769635,0.1747,-3.85,-34,483,48.3
1770115254.8733106,0.2432,1.64,-96,500,50.0
1770115254.9742594,0.2385,10.74,-250,275,27.6
1770115255.073689,0.1748,-4.58,-32,469,46.9
1770115255.1777062,0.0493,-10.83,50,272,27.3
1770115255.2912726,0.2412,3.91,-121,482,48.3
1770115255.3793206,-1.2257,1.40,250,500,50.0
1770115255.4879315,-1.2197,-18.77,250,200,20.0
1770115255.596165,-1.4452,-6.14,250,428,42.8
1770115255.6872008,-1.3666,-7.64,250,379,38.0
1770115255.8016891,-0.8614,-13.72,250,208,20.8
1770115255.890622,-0.1977,-1.04,76,500,50.0
1770115255.9960148,-0.3364,-29.11,250,200,20.0
1770115256.0540922,0.0106,-53.21,250,200,20.0
1770115256.1353714,1.2052,17.85,-250,200,20.0
1770115256.2371652,-2.0669,-11.88,250,243,24.4
1770115256.321434,0.2548,10.08,-250,296,29.6
1770115256.407289,1.8848,27.87,-250,200,20.0
1770115256.469079,-3.5188,-56.80,250,200,20.0
1770115256.5319204,-1.0571,11.87,250,243,24.4
1770115256.5935683,-0.3148,-1.39,119,500,50.0
1770115256.6537483,1.1413,13.75,-250,207,20.8
1770115256.7145655,-0.2905,32.43,-9,200,20.0
1770115256.7772887,0.1446,36.40,-250,200,20.0
1770115256.8323038,-0.0106,-26.71,222,200,20.0
1770115256.893882,0.3842,-13.26,-214,214,21.5
1770115256.9558702,0.4593,-37.64,-93,200,20.0
1770115257.0298605,0.4065,-46.61,23,200,20.0
1770115257.0917578,0.5347,-34.82,-180,200,20.0
1770115257.152804,-1.1397,-30.26,250,200,20.0
1770115257.215266,-1.6713,-60.77,250,200,20.0
1770115257.2783456,-0.3893,19.79,176,200,20.0
1770115257.3397782,-3.8768,-61.98,250,200,20.0
1770115257.4028215,-0.9081,36.53,250,200,20.0
1770115257.4645386,-0.7166,37.56,250,200,20.0
1770115257.5274882,-0.9131,-62.18,250,200,20.0
1770115257.5900187,-0.6048,-26.57,250,200,20.0
1770115257.651729,-1.5226,-10.79,250,273,27.4
1770115257.724046,-1.2621,-11.47,250,254,25.4
1770115257.7965248,-0.1360,24.08,-75,200,20.0
1770115257.8796139,-0.1088,33.52,-174,200,20.0
1770115257.9720907,0.8808,15.02,-250,200,20.0
1770115258.0643692,0.3729,48.58,-250,200,20.0
1770115258.1576712,-0.6493,-13.55,250,210,21.0
1770115258.2611215,-1.5768,-45.92,250,200,20.0
1770115258.3640175,-0.6494,22.46,250,200,20.0
1770115258.4657836,-17.3677,-84.11,250,200,20.0
1770115258.5675998,-0.5109,3.66,158,486,48.7
1770115258.6711335,-0.0734,-9.77,127,306,30.7
1770115258.7733235,0.5318,35.37,-250,200,20.0
1770115258.8756106,0.1239,14.18,-219,203,20.3
1770115258.9686263,0.0091,-20.39,155,200,20.0
1770115259.0703187,0.3374,-25.07,-89,200,20.0
1770115259.1721485,0.7407,14.86,-250,200,20.0
1770115259.2737446,0.9137,-7.20,-250,394,39.4
1770115259.3773472,-0.0204,47.02,-250,200,20.0
1770115259.479717,0.5505,45.09,-250,200,20.0
1770115259.5826638,1.4511,52.30,-250,200,20.0
1770115259.6848614,0.6880,40.23,-250,200,20.0
1770115259.7781315,1.3412,49.07,-250,200,20.0
1770115259.8805768,0.1441,61.40,-250,200,20.0
1770115259.983549,0.2705,53.41,-250,200,20.0
1770115260.085243,0.4040,16.27,-250,200,20.0
1770115260.1883335,0.2733,-28.30,-8,200,20.0
1770115260.290654,-0.9980,-11.87,250,243,24.4
1770115260.3940573,0.7985,-13.21,-250,215,21.5
1770115260.49606,-0.6542,-3.26,250,492,49.2
1770115260.5985696,0.1628,-10.98,-32,268,26.8
1770115260.6910663,0.1580,-7.52,-25,383,38.4
1770115260.7934587,0.1837,-6.24,-36,424,42.5
1770115260.8956738,-0.7908,-11.52,250,252,25.3
1770115260.9979508,-0.6071,-2.66,232,497,49.8
1770115261.1153212,-0.6414,1.98,204,500,50.0
1770115261.2079616,-0.7635,3.80,250,484,48.4
1770115261.3111742,-0.7970,-3.60,250,487,48.8
1770115261.4146907,-0.8458,-10.40,250,286,28.6
1770115261.5212326,0.2744,-4.41,-71,472,47.3
1770115261.611133,-1.0499,-19.43,250,200,20.0
1770115261.7146983,-1.0453,-8.30,250,356,35.7
1770115261.8189845,-1.1099,-12.73,250,224,22.4
1770115261.9237967,-1.1280,-9.82,250,305,30.5
1770115262.0274718,-1.1314,-9.43,250,317,31.8
1770115262.121026,-1.1200,-8.28,250,357,35.8
1770115262.226397,-1.1153,-7.70,250,377,37.8
1770115262.330873,-0.9635,-9.64,250,310,31.1
1770115262.4229035,-0.6371,-3.84,250,483,48.4
1770115262.5264618,-0.4008,-1.30,148,500,50.0
1770115262.631071,0.0196,4.13,-40,478,47.8
1770115262.7249086,0.1853,2.26,-81,499,50.0
1770115262.8285975,0.2709,-0.28,-90,500,50.0
1770115262.9336286,0.0988,2.19,-51,499,50.0
1770115263.0358298,0.2310,6.91,-172,403,40.4
1770115263.1403916,0.2834,5.58,-169,444,44.4
1770115263.245012,0.2426,6.30,-165,423,42.3
1770115263.337344,0.2578,6.12,-169,428,42.9
1770115263.4410784,0.1118,6.45,-105,418,41.9
1770115263.5448935,0.0499,7.57,-87,382,38.2
1770115263.6485312,0.0003,7.44,-59,386,38.7
1770115263.7420878,-0.0186,9.02,-60,332,33.2
1770115263.8449526,-0.0005,7.78,-61,374,37.5
1770115263.9510806,-0.0065,7.27,-54,391,39.2
1770115264.0425546,0.0359,3.89,-44,482,48.3
1770115264.1457777,0.0209,7.91,-75,370,37.0
1770115264.2489195,0.0244,8.04,-78,365,36.6
1770115264.3525765,0.0356,8.49,-89,350,35.0
1770115264.4562778,0.0346,8.31,-86,356,35.7
1770115264.5611975,0.0326,8.28,-85,357,35.8
1770115264.6535997,0.0390,8.57,-92,347,34.8
1770115264.7573931,0.0397,8.57,-92,347,34.8
1770115264.8613281,0.0362,8.43,-89,352,35.2
1770115264.9661236,0.0363,8.39,-88,353,35.4
1770115265.0603747,0.0383,8.49,-90,350,35.0
1770115265.1639302,0.0344,8.10,-84,363,36.4
1770115265.2681901,0.0444,8.69,-96,343,34.3
1770115265.3727257,0.0395,8.69,-93,343,34.3
1770115265.465357,0.0409,8.75,-95,341,34.1
1770115265.569685,0.0118,8.20,-72,360,36.0
1770115265.6727805,-0.0036,7.73,-59,376,37.7
1770115265.7672596,-0.1749,8.40,36,353,35.3
1770115265.871332,-0.4159,9.60,200,312,31.2
1770115265.9793015,-0.3153,8.44,121,352,35.2
1770115266.070347,0.0374,28.27,-250,200,20.0
1770115266.1759148,-0.5355,-2.94,211,495,49.6
1770115266.2706506,-0.6826,1.08,226,500,50.0
1770115266.3768961,-0.7919,0.79,250,500,50.0
1770115266.4803696,-1.1082,3.26,250,492,49.2
1770115266.5845673,-0.2400,26.98,-9,200,20.0
1770115266.678114,-1.2465,-9.64,250,310,31.1
1770115266.7807426,-1.0814,-13.15,250,216,21.7
1770115266.8837829,-1.0925,-5.75,250,439,44.0
1770115266.9882722,-1.0976,-8.61,250,346,34.6
1770115267.0912707,-1.1788,-10.58,250,280,28.0
1770115267.1842983,-1.2206,-10.51,250,282,28.3
1770115267.28756,-1.2292,-6.61,250,413,41.3
1770115267.3913124,-1.2254,-9.51,250,315,31.5
1770115267.4948046,-1.0442,3.83,250,483,48.4
1770115267.587936,-1.2102,-8.02,250,366,36.7
1770115267.691585,-1.1859,-6.01,250,432,43.2
1770115267.7947755,-1.1530,-8.45,250,351,35.2
1770115267.8991396,-1.0469,-21.18,250,200,20.0
1770115267.992932,0.2191,-3.64,-51,486,48.7
1770115268.0955007,-0.8376,-9.48,250,316,31.6
1770115268.1984425,-0.9999,-2.61,250,498,49.8
1770115268.3018458,-1.0512,-8.40,250,353,35.3
1770115268.405124,-0.9076,-6.49,250,417,41.7
1770115268.508106,-0.9076,-4.33,250,474,47.5
1770115268.6010797,-0.8975,-2.54,250,498,49.8
1770115268.7044673,-0.9540,1.05,250,500,50.0
1770115268.807641,-0.9341,3.33,250,491,49.1
1770115268.9117522,-0.9272,3.17,250,493,49.3
1770115269.0154562,-0.9249,3.78,250,484,48.5
1770115269.1084893,-0.9269,2.71,250,497,49.7
1770115269.2125053,-0.9414,2.05,250,499,50.0
1770115269.3165927,-0.9344,2.17,250,499,50.0
1770115269.4198723,-0.9433,1.81,250,500,50.0
1770115269.5138423,-0.9412,2.14,250,499,50.0
1770115269.6177356,-0.9375,2.27,250,499,50.0
1770115269.7208223,-0.9360,2.32,250,499,49.9
1770115269.8271925,-0.9417,1.92,250,500,50.0
1770115269.9302764,-0.9425,1.79,250,500,50.0
1770115270.0218616,-0.9393,2.24,250,499,50.0
1770115270.1262183,-0.9415,1.96,250,500,50.0
1770115270.2296681,-0.9394,2.12,250,499,50.0
1770115270.3246384,-0.9431,1.91,250,500,50.0
1770115270.4310672,-0.9407,1.95,250,500,50.0
1770115270.5354736,-0.9411,2.13,250,499,50.0
1770115270.6308398,-0.9406,1.92,250,500,50.0
1770115270.7346623,-0.9400,1.98,250,500,50.0
1770115270.8413243,-0.9396,2.00,250,499,50.0
1770115270.9335022,-0.9454,1.57,250,500,50.0
1770115271.0382833,-0.9474,1.45,250,500,50.0
1770115271.1442964,-0.9453,1.57,250,500,50.0
1770115271.236792,-0.9397,1.90,250,500,50.0
1770115271.340577,-0.9434,1.65,250,500,50.0
1770115271.4449873,-0.9414,1.63,250,500,50.0
1770115271.5500488,-0.9429,1.62,250,500,50.0
1770115271.6426842,-0.9423,1.63,250,500,50.0
1770115271.7467322,-0.9457,1.63,250,500,50.0
1770115271.8518713,-0.9427,1.70,250,500,50.0
1770115271.945014,-0.9446,1.65,250,500,50.0
1770115272.0497308,-0.9445,1.57,250,500,50.0
1770115272.1539276,-0.9439,1.45,250,500,50.0
1770115272.258927,-0.9431,1.57,250,500,50.0
1770115272.3518054,-0.9409,1.90,250,500,50.0
1770115272.455925,-0.9409,1.91,250,500,50.0
1770115272.5604317,-0.9449,1.60,250,500,50.0
1770115272.6538684,-0.9432,1.65,250,500,50.0
1770115272.7569425,-0.9414,1.74,250,500,50.0
1770115272.861876,-0.9429,1.69,250,500,50.0
1770115272.9662135,-0.9422,1.75,250,500,50.0
1770115273.0600014,-0.9419,1.73,250,500,50.0
1770115273.1651196,-0.9429,1.58,250,500,50.0
1770115273.2687736,-0.9429,1.63,250,500,50.0
1770115273.3736155,-0.9420,1.77,250,500,50.0
1770115273.465886,-0.9419,1.60,250,500,50.0
1770115273.5699036,-0.9445,1.52,250,500,50.0
1770115273.6663215,-0.9398,1.84,250,500,50.0
1770115273.770018,-0.9407,1.89,250,500,50.0
1770115273.8740306,-0.9436,1.49,250,500,50.0
1770115273.9781542,-0.9420,1.65,250,500,50.0
1770115274.0712726,-0.9421,1.69,250,500,50.0
1770115274.1748445,-0.9434,1.48,250,500,50.0
1770115274.279809,-0.9400,1.65,250,500,50.0
1770115274.384416,-0.9449,1.38,250,500,50.0
1770115274.4776418,-0.9418,1.59,250,500,50.0
1770115274.5868194,-0.9401,1.81,250,500,50.0
1770115274.679337,-0.9408,1.70,250,500,50.0
1770115274.7836254,-0.9420,1.64,250,500,50.0
1770115274.8874495,-0.9389,1.75,250,500,50.0
1770115274.9917774,-0.9385,1.73,250,500,50.0
1770115275.0850258,-0.9396,1.83,250,500,50.0
1770115275.1895497,-0.9393,1.65,250,500,50.0
1770115275.2936118,-0.9421,1.54,250,500,50.0
1770115275.3978093,-0.9407,1.62,250,500,50.0
1770115275.490319,-0.9416,1.61,250,500,50.0
1770115275.594083,-0.9383,1.81,250,500,50.0
1770115275.6983557,-0.9423,1.49,250,500,50.0
1770115275.8027673,-0.9415,1.56,250,500,50.0
1770115275.8961375,-0.9672,-1.54,250,500,50.0
1770115275.9911604,-0.8886,9.55,250,313,31.4
1770115276.095253,-0.2696,17.71,90,200,20.0
1770115276.1982803,-0.6048,-0.25,209,500,50.0
1770115276.301585,-0.6747,2.79,213,496,49.7
1770115276.4064028,-0.7394,4.32,250,474,47.5
1770115276.499299,0.0361,-5.55,28,445,44.5
1770115276.6162927,1.1884,12.95,-250,220,22.0
1770115276.710059,0.9924,11.83,-250,244,24.5
1770115276.8141086,0.9362,13.08,-250,217,21.8
1770115276.9184816,0.9207,12.45,-250,230,23.0
1770115277.0142133,0.9273,9.85,-250,304,30.4
1770115277.1181312,0.9531,7.08,-250,398,39.8
1770115277.2125838,1.0385,5.06,-250,458,45.8
1770115277.3161106,1.1387,4.52,-250,470,47.0
1770115277.4196508,1.2478,4.05,-250,479,48.0
1770115277.5190666,-0.0361,2.46,-7,498,49.9
1770115277.6139615,1.4305,-1.15,-250,500,50.0
1770115277.71912,0.0883,21.99,-250,200,20.0
1770115277.8219314,-1.2613,14.61,250,200,20.1
1770115277.925557,-1.0791,17.55,250,200,20.0
1770115278.0187104,-0.0406,23.56,-153,200,20.0
1770115278.1222734,-0.0510,20.47,-119,200,20.0
1770115278.2261777,-0.8128,20.50,250,200,20.0
1770115278.3308997,-0.0040,24.67,-193,200,20.0
1770115278.4247243,0.0889,30.59,-250,200,20.0
1770115278.5288563,0.0986,18.92,-236,200,20.0
1770115278.6316514,0.2480,31.19,-250,200,20.0
1770115278.7363877,0.2232,28.04,-250,200,20.0
1770115278.8287098,0.2448,24.95,-250,200,20.0
1770115278.9320238,0.2785,27.42,-250,200,20.0
1770115279.0358741,-1.0333,-14.54,250,201,20.1
1770115279.1401482,-0.9854,-16.44,250,200,20.0
1770115279.233413,-0.8408,-14.14,250,203,20.4
1770115279.3366873,-0.7396,-10.20,250,292,29.2
1770115279.4401398,-0.6870,-6.81,250,407,40.7
1770115279.54383,-0.7298,-6.09,250,429,43.0
1770115279.6474757,-0.7769,-5.04,250,458,45.9
1770115279.7411144,-0.7014,5.28,250,452,45.2
1770115279.8446338,-0.8754,-2.54,250,498,49.9
1770115279.9479656,-0.9107,3.37,250,490,49.1
1770115280.053011,-1.0768,0.34,250,500,50.0
1770115280.145513,-1.2969,-2.37,250,499,49.9
1770115280.2487354,-1.3887,0.27,250,500,50.0
1770115280.352709,-0.4702,19.09,250,200,20.0
1770115280.45702,0.1079,-5.01,-4,459,45.9
1770115280.5624917,-0.0560,0.44,15,500,50.0
1770115280.656944,1.4069,11.47,-250,254,25.4
1770115280.7620418,1.3915,12.68,-250,225,22.5
1770115280.8560128,1.2937,12.76,-250,223,22.4
1770115280.9687912,1.3528,13.78,-250,207,20.7
1770115281.0613275,1.3007,9.05,-250,330,33.1
1770115281.1677487,1.2821,6.71,-250,410,41.0
1770115281.2719,1.3752,7.89,-250,370,37.1
1770115281.3619769,0.0475,-0.07,-15,500,50.0
1770115281.4653556,0.1758,-0.28,-58,500,50.0
1770115281.5729008,-2.3007,-35.74,250,200,20.0
1770115281.669429,-2.1261,-35.40,250,200,20.0
1770115281.7628005,-1.5077,-11.69,250,248,24.8
1770115281.8668003,-1.4136,-8.45,250,351,35.2
1770115281.9706414,-1.3783,-5.76,250,439,43.9
1770115282.0750356,-1.3762,-5.89,250,435,43.5
1770115282.179163,-1.4682,-10.52,250,282,28.2
1770115282.2720234,-1.4876,-1.13,250,500,50.0
1770115282.3765209,1.4051,-10.81,-250,273,27.4
1770115282.4805527,1.4059,-9.46,-250,317,31.7
1770115282.5865638,1.0575,-16.25,-250,200,20.0
1770115282.6891625,1.0825,7.17,-250,395,39.6
1770115282.7827528,1.0632,4.37,-250,473,47.4
1770115282.8858361,0.9219,-20.18,-250,200,20.0
1770115282.9918025,1.0596,-19.62,-250,200,20.0
1770115283.0958126,1.2424,-10.45,-250,284,28.5
1770115283.1858401,1.4282,-5.46,-250,447,44.8
1770115283.2913551,1.4528,-6.40,-250,420,42.0
1770115283.3952143,1.5640,-5.61,-250,443,44.3
1770115283.4870386,-2.0930,-33.04,250,200,20.0
1770115283.5897224,-0.7346,-30.39,250,200,20.0
1770115283.6937313,-0.2532,1.90,71,500,50.0
1770115283.7975824,0.0367,36.19,-250,200,20.0
1770115283.9005978,-0.2933,-9.82,250,305,30.5
1770115283.993001,-0.3292,-30.13,250,200,20.0
1770115284.0963786,-1.3624,-4.57,250,469,46.9
1770115284.19973,-1.4278,-3.83,250,483,48.4
1770115284.3041906,-1.4628,-3.42,250,490,49.0
1770115284.39827,0.1574,-3.23,-30,492,49.2
1770115284.5032701,1.4205,1.74,-250,500,50.0
1770115284.606726,1.2703,1.31,-250,500,50.0
1770115284.7123902,1.1303,0.20,-250,500,50.0
1770115284.8168607,1.0664,-0.71,-250,500,50.0
1770115284.9081144,1.1567,0.34,-250,500,50.0
1770115285.0131464,1.2010,-4.01,-250,480,48.1
1770115285.1153493,1.3517,-1.99,-250,500,50.0
1770115285.2215085,1.4340,-2.68,-250,497,49.8
1770115285.309037,-0.3377,-4.41,167,472,47.3
1770115285.4136329,-0.1975,-3.86,104,483,48.3
1770115285.5162945,-0.1196,-2.67,62,497,49.8
1770115285.6201272,-0.1399,-2.52,68,498,49.9
1770115285.7139556,-0.3137,-2.43,127,499,49.9
1770115285.8175943,-0.5618,-2.91,220,495,49.6
1770115285.9207244,-0.8646,-2.32,250,499,49.9
1770115286.0231998,-0.2370,1.25,71,500,50.0
1770115286.126785,88.5260,88.89,-250,200,20.0
1770115286.2193315,77.2074,88.73,-250,200,20.0
1770115286.3248165,112.8852,89.16,-250,200,20.0
1770115286.430554,11.2641,82.76,-250,200,20.0
1770115286.5229878,14.5932,84.34,-250,200,20.0
1770115286.626733,18.6399,85.47,-250,200,20.0
1770115286.7300036,21.5089,86.05,-250,200,20.0
1770115286.8334022,21.4062,86.05,-250,200,20.0
1770115286.9368694,19.3367,85.69,-250,200,20.0
1770115287.0406878,19.7124,85.78,-250,200,20.0
1770115287.1330814,4.2633,74.85,-250,200,20.0
1770115287.2364514,1.8975,65.60,-250,200,20.0
1770115287.339875,0.9328,58.17,-250,200,20.0
1770115287.4448826,0.7667,56.78,-250,200,20.0
1770115287.5390878,1.1434,61.01,-250,200,20.0
1770115287.6425128,1.9897,67.11,-250,200,20.0
1770115287.7461684,2.9323,71.62,-250,200,20.0
1770115287.850114,1.0296,58.27,-250,200,20.0
1770115287.942857,0.1189,46.05,-250,200,20.0
1770115288.0462682,-0.3760,36.45,31,200,20.0
1770115288.149598,-0.6377,30.56,250,200,20.0
1770115288.2533512,-0.6723,30.35,250,200,20.0
1770115288.357626,-1.6170,-1.95,250,500,50.0
1770115288.450655,-0.6449,25.15,250,200,20.0
1770115288.5543058,-1.0939,7.19,250,394,39.5
1770115288.6581948,-0.7230,-0.03,248,500,50.0
1770115288.756924,-0.5916,-22.08,250,200,20.0
1770115288.8603137,-1.8832,-24.97,250,200,20.0
1770115288.9634335,-4.9285,-69.02,250,200,20.0
1770115289.058229,-3.8403,-60.05,250,200,20.0
1770115289.1628222,-2.0071,-26.25,250,200,20.0
1770115289.2652168,-4.4959,-74.56,250,200,20.0
1770115289.36915,-1.7409,-60.05,250,200,20.0
1770115289.4631422,-1.9054,-59.35,250,200,20.0
1770115289.5663188,-2.0685,-63.04,250,200,20.0
1770115289.6695735,-1.9931,-62.51,250,200,20.0
1770115289.772974,-2.1597,-64.20,250,200,20.0
1770115289.8778229,0.3407,-29.99,-52,200,20.0
1770115289.981185,0.2971,-26.21,-45,200,20.0
1770115290.0735025,0.4336,-3.78,-130,484,48.5
1770115290.1780353,0.5568,11.38,-250,256,25.7
1770115290.282011,0.5734,0.97,-204,500,50.0
1770115290.3885906,0.2461,-3.32,-61,491,49.1
1770115290.4956698,0.2066,-12.15,-67,236,23.7
1770115290.5907218,-0.8350,15.37,250,200,20.0
1770115290.6957064,-0.7550,12.45,250,230,23.0
1770115290.8012722,-0.7986,-2.33,250,499,49.9
1770115290.892157,-0.5620,-0.86,200,500,50.0
1770115290.9962656,-0.8767,-9.03,250,331,33.2
1770115291.0991752,-0.9542,-13.62,250,209,20.9
1770115291.2024007,-0.8462,-10.23,250,291,29.1
1770115291.2967758,-0.7186,1.75,233,500,50.0
1770115291.401306,-0.0952,-5.79,89,438,43.8
1770115291.5035205,-0.8987,-5.44,250,448,44.8
1770115291.6043265,-0.1002,11.14,-14,263,26.4
1770115291.6971235,-0.7903,-1.62,250,500,50.0
1770115291.8026907,0.2118,-1.87,-57,500,50.0
1770115291.907215,0.2805,6.26,-182,424,42.5
1770115292.0042138,0.0563,25.86,-250,200,20.0
1770115292.1073482,0.0230,26.92,-235,200,20.0
1770115292.1995723,-0.5804,-0.00,199,500,50.0
1770115292.3030245,-0.5430,-1.93,202,500,50.0
1770115292.4051926,-0.4691,7.93,203,369,37.0
1770115292.4966886,-0.4312,2.05,131,499,50.0
1770115292.6000352,-0.3601,7.14,130,396,39.6
1770115292.70424,-0.2741,29.84,-3,200,20.0
1770115292.8089209,-0.3610,26.00,102,200,20.0
1770115292.9140391,-0.4723,24.61,208,200,20.0
1770115293.0174258,0.6096,39.31,-250,200,20.0
1770115293.1104803,0.4860,37.50,-250,200,20.0
1770115293.2133405,0.4115,33.35,-250,200,20.0
1770115293.316383,0.4731,38.36,-250,200,20.0
1770115293.4252963,-1.7990,-1.77,250,500,50.0
1770115293.518508,-1.4186,2.61,250,498,49.8
1770115293.619454,-1.3645,9.50,250,315,31.6
1770115293.7186162,-0.8456,-21.52,250,200,20.0
1770115293.821476,0.6811,12.07,-250,238,23.9
1770115293.9286032,-1.2552,-4.08,250,479,47.9
1770115294.0336463,-0.9294,-7.68,250,378,37.8
1770115294.1227765,0.6943,-38.49,-250,200,20.0
1770115294.224981,0.6968,2.32,-250,499,49.9
1770115294.3244982,0.9420,43.61,-250,200,20.0
1770115294.417175,-0.0140,20.18,-149,200,20.0
1770115294.4982975,0.0402,35.17,-250,200,20.0
1770115294.5711706,0.2237,38.29,-250,200,20.0
1770115294.6437433,0.4699,32.34,-250,200,20.0
1770115294.707203,0.7785,21.06,-250,200,20.0
1770115294.7775855,0.8634,13.70,-250,208,20.8
1770115294.841164,0.7480,6.50,-250,417,41.7
1770115294.903437,0.7065,18.69,-250,200,20.0
1770115294.9759102,0.6132,18.95,-250,200,20.0
1770115295.0593736,0.4982,7.01,-250,400,40.1
1770115295.1312978,0.6098,-2.74,-190,497,49.7
1770115295.2132924,0.9733,-1.49,-250,500,50.0
1770115295.295182,-2.9112,-73.58,250,200,20.0
1770115295.3772707,-0.3578,8.56,147,348,34.8
1770115295.4702313,0.1855,-8.80,-44,339,34.0
1770115295.5731506,0.3159,-44.61,85,200,20.0
1770115295.6751592,1.2513,24.42,-250,200,20.0
1770115295.7680273,1.0757,-31.09,-250,200,20.0
1770115295.8709867,1.0496,-0.42,-250,500,50.0
1770115295.9735823,0.6772,-24.24,-250,200,20.0
1770115296.076001,1.0292,-43.37,-250,200,20.0
1770115296.1784332,1.5441,-20.31,-250,200,20.0
1770115296.2801557,0.5790,-15.55,-250,200,20.0
1770115296.382609,-2.4336,-60.32,250,200,20.0
1770115296.4855094,-0.8908,28.45,250,200,20.0
1770115296.5782402,-1.4546,-15.98,250,200,20.0
1770115296.6802151,-0.9769,-45.26,250,200,20.0
1770115296.7825584,-0.5236,-37.21,250,200,20.0
1770115296.885065,-0.6957,6.57,250,414,41.5
1770115296.9875202,-0.1261,-43.39,250,200,20.0
1770115297.0909731,0.5299,-43.24,-109,200,20.0
1770115297.1940324,0.5605,-4.07,-179,479,48.0
1770115297.2872827,0.6544,23.07,-250,200,20.0
1770115297.3896892,0.3988,15.40,-250,200,20.0
1770115297.4919696,-0.0039,20.61,-161,200,20.0
1770115297.593493,-0.7211,10.31,250,288,28.9
1770115297.6957479,0.1494,39.70,-250,200,20.0
1770115297.7981374,-0.8685,-3.20,250,492,49.3
1770115297.900717,1.2715,16.66,-250,200,20.0
1770115298.0040894,0.3680,-66.24,213,200,20.0
1770115298.0967355,0.1687,-60.13,250,200,20.0
1770115298.1793516,0.1141,-48.13,250,200,20.0
1770115298.2508776,-0.2107,-46.99,250,200,20.0
1770115298.323041,-0.5686,-43.81,250,200,20.0
1770115298.4058235,-0.9775,-41.66,250,200,20.0
1770115298.4776182,-1.2426,-35.37,250,200,20.0
1770115298.5596104,-0.1398,-24.46,250,200,20.0
1770115298.6423354,-0.4017,-36.20,250,200,20.0
1770115298.735312,-0.6262,-43.81,250,200,20.0
1770115298.8279917,-0.7343,-39.57,250,200,20.0
1770115298.9210637,-0.8911,-40.11,250,200,20.0
1770115299.0134706,-0.9065,-36.70,250,200,20.0
1770115299.1162422,-0.7411,-30.27,250,200,20.0
1770115299.2096052,-0.7690,-38.66,250,200,20.0
1770115299.3133936,-0.7570,-34.62,250,200,20.0
1770115299.405817,-0.6992,-26.85,250,200,20.0
1770115299.5082843,-0.4895,18.76,250,200,20.0
1770115299.6108806,-0.8565,15.80,250,200,20.0
1770115299.7038052,-0.4194,-17.17,250,200,20.0
1770115299.820428,-0.8702,-13.81,250,207,20.7
1770115299.9217641,0.3470,-16.86,-163,200,20.0
1770115300.028002,0.3183,-18.32,-126,200,20.0
1770115300.1195393,0.1270,-19.09,43,200,20.0
1770115300.223914,-0.0918,-6.68,98,411,41.1
1770115300.3277428,-0.3818,-20.52,250,200,20.0
1770115300.4342716,-0.5405,-19.71,250,200,20.0
1770115300.5267637,0.3471,-11.02,-170,267,26.7
1770115300.6294127,0.4947,-3.92,-153,482,48.2
1770115300.7315547,0.4992,-2.97,-151,495,49.5
1770115300.8337243,-0.7807,-12.61,250,226,22.7
1770115300.9369006,-0.7752,-3.07,250,494,49.4
1770115301.0404277,-0.7902,-4.15,250,478,47.8
1770115301.1335766,-0.8918,-7.36,250,389,38.9
1770115301.2364814,-0.9212,-8.18,250,361,36.1
1770115301.3396459,-0.9635,-8.18,250,361,36.1
1770115301.444153,-1.0781,-13.69,250,208,20.9
1770115301.536538,-1.0618,-4.28,250,475,47.6
1770115301.6397488,-0.9964,-13.48,250,211,21.1
1770115301.7426217,-1.0159,-8.65,250,344,34.5
1770115301.8459654,-0.9991,-7.95,250,369,36.9
1770115301.9504118,-1.0028,-8.11,250,363,36.3
1770115302.0442278,-0.9951,-7.16,250,395,39.6
1770115302.1484222,-1.0051,-7.20,250,394,39.5
1770115302.2519455,-1.0975,-9.51,250,315,31.5
1770115302.3558881,-0.9467,5.86,250,436,43.6
1770115302.4489045,-0.9391,6.52,250,416,41.7
1770115302.5527108,-0.9966,2.54,250,498,49.8
1770115302.6568832,-1.0170,-0.06,250,500,50.0
1770115302.7607634,-1.0087,1.29,250,500,50.0
1770115302.863837,-1.0976,-6.81,250,407,40.7
1770115302.9568837,-1.0101,-9.29,250,322,32.3
1770115303.059789,-1.0165,-8.26,250,358,35.8
1770115303.1633196,-1.0578,-7.79,250,374,37.4
1770115303.2672634,-1.0739,-6.82,250,406,40.7
1770115303.3604424,-1.0525,-5.41,250,448,44.9
1770115303.4654431,-1.0753,-6.84,250,406,40.6
1770115303.568109,-1.0668,-5.94,250,434,43.4
1770115303.6717794,-1.0771,-7.43,250,386,38.7
1770115303.7765658,-1.0780,-7.35,250,389,38.9
1770115303.8686533,-1.0553,-6.32,250,422,42.3
1770115303.9732862,-1.0486,-5.99,250,432,43.3
1770115304.076591,-1.0489,-5.90,250,435,43.5
1770115304.1808903,-1.0535,-6.14,250,428,42.8
1770115304.2741096,-1.0565,-6.47,250,417,41.8
1770115304.3778102,-1.0481,-6.05,250,430,43.1
1770115304.482592,-1.0534,-5.99,250,432,43.3
1770115304.5754316,-1.0597,-6.51,250,416,41.7
1770115304.6789184,-1.0592,-6.02,250,431,43.2
1770115304.7826676,-1.0593,-6.64,250,412,41.2
1770115304.887101,-1.0583,-6.62,250,413,41.3
1770115304.9918685,-1.0536,-6.01,250,431,43.2
1770115305.0849354,-1.0591,-6.23,250,425,42.5
1770115305.188485,-1.0578,-6.23,250,425,42.5
1770115305.2928233,-1.0549,-6.23,250,425,42.5
1770115305.3967192,-1.0609,-6.50,250,416,41.7
1770115305.4905128,-1.0526,-6.00,250,432,43.2
1770115305.5954902,-1.0562,-6.34,250,421,42.2
1770115305.6993158,-1.0641,-6.51,250,416,41.7
1770115305.7954378,-1.0631,-6.57,250,414,41.5
1770115305.8993866,-1.0559,-6.16,250,427,42.8
1770115306.0054274,-1.0589,-6.16,250,427,42.8
1770115306.0981784,-1.0543,-6.28,250,423,42.4
1770115306.2032862,-1.0624,-6.80,250,407,40.8
1770115306.3085465,-1.0524,-6.00,250,432,43.2
1770115306.402573,-1.0550,-6.30,250,423,42.3
1770115306.5073576,-1.0590,-6.33,250,422,42.2
1770115306.6114168,-1.0553,-5.91,250,434,43.5
1770115306.705185,-1.0638,-6.41,250,419,42.0
1770115306.8082108,-1.0575,-6.28,250,423,42.4
1770115306.9129238,-1.0582,-6.21,250,425,42.6
1770115307.017333,-1.0599,-6.38,250,420,42.1
1770115307.1110988,-1.0626,-6.51,250,416,41.7
1770115307.2167664,-1.0520,-6.10,250,429,42.9
1770115307.32208,-1.0561,-6.15,250,427,42.8
1770115307.4150057,-1.0537,-6.13,250,428,42.8
1770115307.5187652,-1.0468,-5.67,250,441,44.2
1770115307.6231902,-1.0474,-5.68,250,441,44.1
1770115307.7269168,-1.0471,-5.65,250,442,44.2
1770115307.8207653,-1.0549,-6.04,250,431,43.1
1770115307.923852,-1.0452,-5.60,250,443,44.4
1770115308.0282907,-1.0474,-5.63,250,443,44.3
1770115308.1334357,-1.0541,-6.24,250,424,42.5
1770115308.2252777,-1.0565,-6.56,250,415,41.5
1770115308.329011,-1.0430,-5.49,250,446,44.7
1770115308.4336257,-1.0510,-5.94,250,433,43.4
1770115308.5379066,-1.0465,-5.87,250,436,43.6
1770115308.6306338,-1.0553,-6.32,250,422,42.3
1770115308.734539,-1.0453,-5.42,250,448,44.9
1770115308.8378284,-1.0455,-5.49,250,446,44.7
1770115308.9323816,-1.0474,-5.93,250,434,43.4
1770115309.0356154,-1.0468,-5.49,250,446,44.7
1770115309.1395845,-1.0461,-5.81,250,437,43.8
1770115309.2441456,-1.0492,-5.91,250,434,43.5
1770115309.3376136,-1.0517,-6.08,250,429,43.0
1770115309.4426968,-1.0533,-6.11,250,428,42.9
1770115309.5470812,-1.0474,-6.05,250,430,43.1
1770115309.6523056,-1.0394,-5.52,250,445,44.6
1770115309.7455246,-1.0488,-6.01,250,431,43.2
1770115309.8483157,-1.0445,-5.91,250,434,43.5
1770115309.9527695,-1.0457,-5.70,250,441,44.1
1770115310.0453997,-1.0427,-5.64,250,442,44.3
1770115310.1495025,-1.0441,-5.67,250,441,44.2
1770115310.2533085,-1.0418,-5.57,250,444,44.5
1770115310.3572526,-1.0480,-6.04,250,431,43.1
1770115310.449887,-1.0370,-5.09,250,457,45.7
1770115310.5532465,-1.0472,-5.89,250,435,43.5
1770115310.6574295,-1.0403,-5.75,250,439,43.9
1770115310.7607388,-1.0535,-6.25,250,424,42.5
1770115310.8649971,-1.0457,-5.90,250,435,43.5
1770115310.9574933,-1.0366,-5.32,250,451,45.1
1770115311.0615933,-1.0430,-5.37,250,450,45.0
1770115311.164858,-1.0421,-5.47,250,447,44.7
1770115311.2692032,-1.0508,-6.04,250,431,43.1
1770115311.3737912,-1.0359,-5.21,250,454,45.4
1770115311.466009,-1.0389,-5.33,250,450,45.1
1770115311.5702596,-1.0341,-5.36,250,450,45.0
1770115311.6750872,-1.0429,-5.68,250,441,44.2
1770115311.7676353,-1.0373,-5.57,250,444,44.5
1770115311.871811,-1.0369,-5.70,250,440,44.1
1770115311.976556,-1.0427,-5.66,250,442,44.2
1770115312.0693269,-1.0383,-5.31,250,451,45.1
1770115312.1743517,-1.0362,-5.57,250,444,44.5
1770115312.2783282,-1.0338,-5.35,250,450,45.1
1770115312.383182,-1.0316,-4.93,250,461,46.1
1770115312.487375,-1.0383,-5.44,250,448,44.8
1770115312.5797641,-1.0347,-5.14,250,455,45.6
1770115312.6854455,-1.0447,-5.70,250,440,44.1
1770115312.781249,-1.0324,-4.95,250,460,46.1
1770115312.8853128,-1.0360,-5.26,250,452,45.3
1770115312.9899142,-1.0379,-5.44,250,448,44.8
1770115313.0945451,-1.0368,-5.20,250,454,45.4
1770115313.1888585,-1.0346,-5.29,250,452,45.2
1770115313.2925086,-1.0362,-5.61,250,443,44.3
1770115313.396362,-1.0266,-4.82,250,463,46.4
1770115313.5007563,-1.0427,-5.79,250,438,43.8
1770115313.5950122,-1.0426,-5.76,250,439,43.9
1770115313.6984875,-1.0438,-5.93,250,434,43.4
1770115313.802354,-1.0440,-5.61,250,443,44.3
1770115313.8956382,-1.0401,-5.53,250,445,44.6
1770115313.9993322,-1.0415,-5.81,250,437,43.8
1770115314.1027172,-1.0332,-5.42,250,448,44.9
1770115314.2065015,-1.0377,-5.34,250,450,45.1
1770115314.2996292,-1.0294,-4.92,250,461,46.1
1770115314.403194,-1.0397,-5.65,250,442,44.2
1770115314.5071142,-1.0349,-5.52,250,446,44.6
1770115314.6109302,-1.0382,-5.59,250,443,44.4
1770115314.7040527,-1.0315,-5.31,250,451,45.2
1770115314.807637,-1.0376,-5.39,250,449,44.9
1770115314.9109173,-1.0479,-6.07,250,430,43.0
1770115315.0155656,-1.0334,-5.10,250,456,45.7
1770115315.1082237,-1.0333,-5.19,250,454,45.5
1770115315.2117214,-1.0362,-5.49,250,446,44.7
1770115315.3152533,-1.0345,-5.15,250,455,45.6
1770115315.4197476,-1.0339,-5.27,250,452,45.3
1770115315.5228946,-1.0324,-5.13,250,456,45.6
1770115315.6159196,-1.0391,-5.36,250,450,45.0
1770115315.7195837,-1.0362,-5.32,250,451,45.1
1770115315.8233669,-1.0423,-5.69,250,441,44.1
1770115315.9276128,-1.0317,-5.20,250,454,45.4
1770115316.0206347,-1.0348,-5.34,250,450,45.1
1770115316.1241953,-1.0392,-5.38,250,449,45.0
1770115316.227866,-1.0352,-5.20,250,454,45.4
1770115316.3321667,-1.0430,-5.76,250,439,43.9
1770115316.425699,-1.0347,-5.13,250,456,45.6
1770115316.5290809,-1.0405,-5.89,250,435,43.5
1770115316.6325357,-1.0336,-5.21,250,454,45.4
1770115316.736991,-1.0321,-4.94,250,460,46.1
1770115316.8418968,-1.0413,-5.62,250,443,44.3
1770115316.934958,-1.0297,-4.98,250,459,46.0
1770115317.0393906,-1.0311,-5.13,250,456,45.6
1770115317.1429825,-1.0408,-5.73,250,440,44.0
1770115317.2478583,-1.0433,-5.90,250,435,43.5
1770115317.339913,-1.0319,-5.13,250,456,45.6
1770115317.4441812,-1.0316,-5.06,250,457,45.8
1770115317.5482755,-1.0340,-5.19,250,454,45.5
1770115317.6519952,-1.0406,-5.77,250,438,43.9
1770115317.7450652,-1.0375,-5.36,250,450,45.0
1770115317.8482268,-1.0402,-5.65,250,442,44.2
1770115317.952649,-1.0436,-5.89,250,435,43.6
1770115318.057334,-1.0414,-5.75,250,439,44.0
1770115318.1503067,-1.0403,-5.38,250,449,45.0
1770115318.2539308,-1.0344,-5.53,250,445,44.6
1770115318.3574805,-1.0452,-5.89,250,435,43.6
1770115318.4507854,-1.0414,-5.78,250,438,43.9
1770115318.5543525,-1.0311,-5.04,250,458,45.8
1770115318.6578345,-1.0376,-5.63,250,442,44.3
1770115318.761579,-1.0374,-5.31,250,451,45.2
1770115318.8654308,-1.0368,-5.45,250,447,44.8
1770115318.9583938,-1.0358,-5.55,250,445,44.5
1770115319.061885,-1.0421,-5.81,250,437,43.8
1770115319.1661417,-1.0343,-5.10,250,456,45.7
1770115319.2700098,-1.0482,-6.31,250,423,42.3
1770115319.3629744,-1.0459,-6.28,250,423,42.4
1770115319.4672496,-1.0476,-6.22,250,425,42.6
1770115319.571208,-1.0422,-5.96,250,433,43.4
1770115319.675361,-1.0433,-5.82,250,437,43.8
1770115319.7797863,-1.0399,-5.81,250,437,43.8
1770115319.8723273,-1.0476,-6.05,250,430,43.1
1770115319.9760234,-1.0429,-5.91,250,434,43.5
1770115320.0806038,-1.0435,-6.06,250,430,43.0
1770115320.1869276,-1.0390,-5.62,250,443,44.3
1770115320.2780137,-1.0452,-6.23,250,425,42.5
1770115320.3811996,-1.0421,-5.67,250,441,44.2
1770115320.4854925,-1.0495,-6.21,250,426,42.6
1770115320.5778933,-1.0443,-6.05,250,430,43.1
1770115320.6824348,-1.0419,-5.95,250,433,43.4
1770115320.786306,-1.0406,-5.94,250,434,43.4
1770115320.890438,-1.0449,-5.95,250,433,43.4
1770115320.9849615,-1.0462,-6.05,250,430,43.1
1770115321.0901089,-1.0453,-6.11,250,429,42.9
1770115321.1947908,-1.0477,-6.31,250,423,42.3
1770115321.2890286,-1.0389,-5.69,250,441,44.1
1770115321.3931262,-1.0474,-6.21,250,426,42.6
1770115321.500723,-1.0471,-6.20,250,426,42.6
1770115321.5936112,-1.0482,-6.16,250,427,42.7
1770115321.697412,-1.0385,-5.77,250,439,43.9
1770115321.8014996,-1.0425,-6.01,250,432,43.2
1770115321.8980339,-1.0453,-6.21,250,425,42.6
1770115322.0019362,-1.0410,-5.99,250,432,43.2
1770115322.1060343,-1.0425,-6.19,250,426,42.7
1770115322.2112582,-1.0487,-6.55,250,415,41.5
1770115322.3038652,-1.0487,-6.43,250,419,41.9
1770115322.4076247,-1.0345,-5.40,250,449,44.9
1770115322.5115132,-1.0453,-6.10,250,429,42.9
1770115322.604725,-1.0351,-5.61,250,443,44.3
1770115322.7120078,-1.0417,-6.07,250,430,43.0
1770115322.8166978,-1.0389,-5.40,250,449,44.9
1770115322.9096215,-1.0438,-6.00,250,432,43.2
1770115323.0133893,-1.0370,-5.74,250,439,44.0
1770115323.1173887,-1.0420,-6.07,250,430,43.0
1770115323.2216263,-1.0440,-6.18,250,427,42.7
1770115323.3147528,-1.0380,-5.80,250,438,43.8
1770115323.4186413,-1.0330,-5.60,250,443,44.4
1770115323.5227852,-1.0419,-6.16,250,427,42.7
1770115323.6272304,-1.0406,-5.75,250,439,44.0
1770115323.7198014,-1.0421,-5.78,250,438,43.9
1770115323.823796,-1.0389,-5.58,250,444,44.4
1770115323.9281406,-1.0437,-6.08,250,429,43.0
1770115324.0330806,-1.0414,-5.51,250,446,44.6
1770115324.126809,-1.0451,-6.29,250,423,42.4
1770115324.2309752,-1.0420,-6.01,250,432,43.2
1770115324.3355162,-1.0512,-6.08,250,429,43.0
1770115324.4287245,-1.0457,-5.88,250,435,43.6
1770115324.5324888,-1.0430,-6.00,250,432,43.2
1770115324.6366198,-1.0385,-5.75,250,439,44.0
1770115324.7417383,-1.0507,-6.58,250,414,41.5
1770115324.834335,-1.0670,-6.99,250,401,40.1
1770115324.9384215,-1.0637,-6.90,250,404,40.4
1770115325.0417922,-1.0562,-6.49,250,417,41.7
1770115325.1465766,-1.0594,-7.05,250,399,39.9
1770115325.239691,-1.0619,-7.78,250,374,37.5
1770115325.3444715,-1.0434,-6.27,250,424,42.4
1770115325.4483643,-1.0091,-4.44,250,472,47.2
1770115325.5529008,-1.0102,-4.48,250,471,47.2
1770115325.6450088,-1.0095,-4.84,250,463,46.3
1770115325.7489014,-1.0065,-4.78,250,464,46.5
1770115325.8528783,-0.9690,-4.53,250,470,47.0
1770115325.9575448,-0.9881,-6.10,250,429,42.9
1770115326.0491323,-1.0591,-18.84,250,200,20.0
1770115326.1525187,-0.8273,-16.36,250,200,20.0
1770115326.2554326,-0.6059,-21.70,250,200,20.0
1770115326.359729,-0.5511,-24.41,250,200,20.0
1770115326.4637642,-0.3850,-20.77,250,200,20.0
1770115326.556184,-0.2807,-7.26,206,392,39.2
1770115326.6601443,-0.3631,-0.50,128,500,50.0
1770115326.763696,-0.3726,-7.11,250,397,39.7
1770115326.8672087,-0.3893,-7.87,250,371,37.2
1770115326.9606538,-0.3720,-8.55,250,348,34.8
1770115327.0642483,-0.2821,13.29,129,214,21.4
1770115327.1686354,-0.3319,2.98,93,495,49.5
1770115327.2724383,-0.3381,2.58,96,498,49.8
1770115327.3659613,-0.3715,-0.58,132,500,50.0
1770115327.469824,-0.3919,-3.18,164,493,49.3
1770115327.573506,-0.2605,6.97,77,401,40.2
1770115327.6780806,-0.2551,7.01,75,400,40.1
1770115327.773867,-0.2466,7.13,71,396,39.7
1770115327.8777914,-0.2377,7.64,69,379,38.0
1770115327.9826183,-0.2440,6.72,67,410,41.0
1770115328.075574,-0.2420,7.01,68,400,40.1
1770115328.179157,-0.2482,6.90,70,404,40.4
1770115328.2843833,-0.2581,6.49,73,417,41.7
1770115328.389777,-0.2732,5.44,74,447,44.8
1770115328.4823515,-0.2679,5.69,73,441,44.1
1770115328.5887551,-0.2743,5.41,75,449,44.9
1770115328.682918,-0.2727,5.79,76,438,43.8
1770115328.788547,-0.2677,6.21,76,425,42.6
1770115328.8917723,-0.2643,6.09,74,429,43.0
1770115328.9962425,-0.2730,5.88,76,435,43.6
1770115329.0916317,-0.2688,6.32,77,422,42.3
1770115329.1951559,-0.2758,5.67,77,441,44.2
1770115329.2995038,-0.2800,5.60,78,443,44.4
1770115329.393389,-0.2825,5.31,78,451,45.2
1770115329.4980059,-0.2856,5.28,79,452,45.2
1770115329.6012576,-0.2844,5.23,78,453,45.4
1770115329.6946232,-0.2879,4.79,78,464,46.4
1770115329.7983093,-0.2860,5.34,79,450,45.1
1770115329.9025009,-0.2873,5.15,79,455,45.6
1770115330.0060844,-0.2863,5.33,79,450,45.1
1770115330.1107702,-0.2869,5.21,79,454,45.4
1770115330.2034736,-0.2823,5.69,80,441,44.1
1770115330.3077753,-0.2815,5.92,81,434,43.5
1770115330.4113529,-0.2871,5.48,80,447,44.7
1770115330.5058599,-0.2830,5.61,79,443,44.3
1770115330.6095085,-0.2870,5.49,81,446,44.7
1770115330.7145767,-0.2817,5.95,81,433,43.4
1770115330.8177168,-0.2888,5.45,81,447,44.8
1770115330.9109406,-0.2841,5.64,80,442,44.2
1770115331.014535,-0.2895,5.18,80,454,45.5
1770115331.119665,-0.2838,6.10,83,429,42.9
1770115331.216642,-0.2872,5.55,81,445,44.5
1770115331.3226466,-0.2873,5.63,81,442,44.3
1770115331.4259632,-0.2866,5.33,80,450,45.1
1770115331.5194037,-0.2853,5.84,82,437,43.7
1770115331.624872,-0.2871,5.48,80,447,44.7
1770115331.7298884,-0.2915,4.85,79,463,46.3
1770115331.822305,-0.2897,5.13,80,456,45.6
1770115331.9261513,-0.2895,5.33,81,451,45.1
1770115332.03015,-0.2905,5.16,80,455,45.5
1770115332.1346495,-0.2912,5.16,81,455,45.6
1770115332.2274985,-0.2943,5.06,81,458,45.8
1770115332.3310843,-0.2934,4.93,81,461,46.1
1770115332.4352062,-0.2846,5.51,80,446,44.6
1770115332.539603,-0.2868,5.61,81,443,44.3
1770115332.632405,-0.2911,5.11,80,456,45.7
1770115332.7400343,-0.2912,5.44,82,448,44.8
1770115332.8454223,-0.2912,5.15,81,455,45.6
1770115332.9370847,-0.2930,5.12,81,456,45.6
1770115333.040735,-0.2889,5.17,80,455,45.5
1770115333.1446862,-0.2877,5.37,80,450,45.0
1770115333.2489872,-0.2962,4.67,81,467,46.7
1770115333.3419971,-0.2956,5.11,82,456,45.7
1770115333.445819,-0.2951,4.54,80,470,47.0
1770115333.5496683,-0.2953,4.82,81,463,46.4
1770115333.6538572,-0.2968,4.96,82,460,46.0
1770115333.7468662,-0.2958,5.26,83,452,45.3
1770115333.851242,-0.2900,5.02,79,458,45.9
1770115333.9550407,-0.2957,4.96,82,460,46.1
1770115334.0595388,-0.2912,4.91,79,461,46.2
1770115334.1532164,-0.2998,4.73,82,465,46.6
1770115334.2562213,-0.2955,4.85,81,463,46.3
1770115334.360805,-0.2926,4.81,80,464,46.4
1770115334.4569693,-0.2956,5.27,83,452,45.3
1770115334.5611918,-0.2964,5.13,83,456,45.6
1770115334.666195,-0.2944,4.86,81,462,46.3
1770115334.75891,-0.2960,5.01,82,459,45.9
1770115334.8627517,-0.2995,4.80,82,464,46.4
1770115334.9662662,-0.3018,4.53,82,470,47.0
1770115335.0710273,-0.2937,5.13,82,456,45.6
1770115335.176607,-0.2991,4.57,81,469,46.9
1770115335.2721033,-0.2982,4.93,82,461,46.1
1770115335.3789651,-0.2936,5.07,81,457,45.8
1770115335.4697232,-0.2926,5.15,81,455,45.6
1770115335.5731668,-0.2947,5.19,82,454,45.5
1770115335.6777194,-0.2930,5.04,81,458,45.9
1770115335.7823381,-0.2936,5.13,81,456,45.6
1770115335.8746197,-0.2954,5.40,84,449,44.9
1770115335.9784205,-0.2952,4.97,81,460,46.0
1770115336.0824459,-0.2978,4.86,82,462,46.3
1770115336.1771224,-0.2980,5.06,83,458,45.8
1770115336.2807775,-0.2986,4.87,82,462,46.3
1770115336.3848107,-0.2929,5.36,82,450,45.0
1770115336.4887986,-0.2988,5.08,83,457,45.7
1770115336.5821075,-0.3008,4.52,82,470,47.1
1770115336.6860979,-0.2954,5.09,82,457,45.7
1770115336.790717,-0.2961,4.81,81,463,46.4
1770115336.8954115,-0.2934,5.42,83,448,44.9
1770115336.9892101,-0.2942,5.26,82,452,45.3
1770115337.0923986,-0.2963,5.25,83,453,45.3
1770115337.1964622,-0.2899,5.64,83,442,44.3
1770115337.3022606,-0.2981,5.02,83,458,45.9
1770115337.3939097,-0.2897,5.24,80,453,45.3
1770115337.498986,-0.2970,4.73,81,465,46.6
1770115337.603725,-0.2942,5.19,82,454,45.5
1770115337.707502,-0.2988,4.95,83,460,46.1
1770115337.800468,-0.2945,5.28,83,452,45.2
1770115337.905184,-0.2973,4.84,82,463,46.3
1770115338.009145,-0.2942,5.18,82,455,45.5
1770115338.102072,-0.3031,4.89,84,462,46.2
1770115338.208393,-0.2957,4.81,81,464,46.4
1770115338.3132045,-0.2947,5.16,82,455,45.5
1770115338.405564,-0.2956,5.26,83,452,45.3
1770115338.5103126,-0.2926,5.12,81,456,45.7
1770115338.6054578,-0.2982,5.07,83,457,45.8
1770115338.7101507,-0.2906,5.32,81,451,45.1
1770115338.8134034,-0.2986,4.66,82,467,46.7
1770115338.910207,-0.2911,5.34,81,450,45.1
1770115339.0146358,-0.2859,5.70,81,440,44.1
1770115339.1198354,-0.2899,5.56,82,444,44.5
1770115339.214631,-0.2934,5.26,82,452,45.3
1770115339.3189209,-0.2945,3.54,78,488,48.8
1770115339.4243584,-0.3283,-4.03,156,480,48.0
1770115339.5313165,-0.3053,2.92,83,495,49.6
1770115339.6226726,-0.3114,1.52,94,500,50.0
1770115339.728014,-0.3127,0.90,100,500,50.0
1770115339.8327749,-0.3121,1.52,95,500,50.0
1770115339.9248803,-0.3236,1.53,98,500,50.0
1770115340.0282629,-0.4253,-18.08,250,200,20.0
1770115340.1327903,-0.2861,3.51,75,488,48.9
1770115340.2266965,-0.2540,8.50,84,350,35.0
1770115340.3532887,-0.3893,-10.91,250,270,27.0
1770115340.4764738,-0.5532,-15.98,250,200,20.0
1770115340.6117384,-0.4583,-15.21,250,200,20.0
1770115340.7482178,-0.4785,-13.10,250,217,21.7
1770115340.8796358,-0.2414,17.37,68,200,20.0
1770115341.0039694,-0.2926,5.69,84,441,44.1
1770115341.1191313,-0.3090,3.82,84,484,48.4
1770115341.223522,-0.3128,3.09,86,493,49.4
1770115341.3281994,-0.3177,3.25,87,492,49.2
1770115341.4199436,-0.3165,3.38,86,490,49.1
1770115341.5249035,-0.3166,3.14,87,493,49.3
1770115341.6280441,-0.3210,2.78,89,496,49.7
1770115341.7216902,-0.3256,2.47,92,498,49.9
1770115341.8252454,-0.3236,1.72,97,500,50.0
1770115341.92973,-0.3259,1.54,99,500,50.0
1770115342.033509,-0.3281,1.21,103,500,50.0
1770115342.128048,-0.3249,1.75,97,500,50.0
1770115342.2340589,-0.3263,1.76,98,500,50.0
1770115342.3391497,-0.3220,1.82,96,500,50.0
1770115342.4332054,-0.3224,2.25,93,499,50.0
1770115342.5403962,-0.3189,2.20,92,499,50.0
1770115342.634795,-0.3293,1.51,101,500,50.0
1770115342.7387085,-0.3251,2.01,95,499,50.0
1770115342.842848,-0.3172,2.26,91,499,50.0
1770115342.9470572,-0.3283,2.00,96,499,50.0
1770115343.0402088,-0.3249,1.59,98,500,50.0
1770115343.1435368,-0.3247,1.96,95,500,50.0
1770115343.2471867,-0.3269,1.51,100,500,50.0
1770115343.3520133,-0.3278,1.58,100,500,50.0
1770115343.4456308,-0.3246,1.37,100,500,50.0
1770115343.5488257,-0.3281,1.29,102,500,50.0
1770115343.6529326,-0.3246,1.55,99,500,50.0
1770115343.7572024,-0.3236,1.47,99,500,50.0
1770115343.8509579,-0.3268,1.60,99,500,50.0
1770115343.955058,-0.3240,1.61,98,500,50.0
1770115344.0596256,-0.3250,1.63,98,500,50.0
1770115344.152985,-0.3276,0.82,106,500,50.0
1770115344.256408,-0.3303,0.65,108,500,50.0
1770115344.3606093,-0.3244,0.92,104,500,50.0
1770115344.4650805,-0.3310,0.65,108,500,50.0
1770115344.5583463,-0.3285,0.78,106,500,50.0
1770115344.6621006,-0.3303,0.46,109,500,50.0
1770115344.766394,-0.3291,0.61,108,500,50.0
1770115344.8705494,-0.3247,0.91,104,500,50.0
1770115344.9646513,-0.3307,0.29,111,500,50.0
1770115345.0677824,-0.3310,0.21,112,500,50.0
1770115345.1717823,-0.3288,0.59,108,500,50.0
1770115345.276413,-0.3291,0.27,111,500,50.0
1770115345.3689718,-0.3353,-0.22,117,500,50.0
1770115345.472888,-0.3345,-0.48,118,500,50.0
1770115345.576746,-0.3280,0.66,107,500,50.0
1770115345.6697552,-0.3327,-0.11,115,500,50.0
1770115345.774518,-0.3312,-0.16,115,500,50.0
1770115345.8775234,-0.3308,0.10,112,500,50.0
1770115345.9822347,-0.3328,-0.16,115,500,50.0
1770115346.0750172,-0.3305,-0.09,114,500,50.0
1770115346.178976,-0.3344,-0.24,116,500,50.0
1770115346.2829828,-0.3309,0.13,112,500,50.0
1770115346.3866322,-0.3306,0.04,113,500,50.0
1770115346.4798217,-0.3301,0.34,110,500,50.0
1770115346.584034,-0.3321,0.05,113,500,50.0
1770115346.6875277,-0.3279,0.31,110,500,50.0
1770115346.7918437,-0.3308,0.12,112,500,50.0
1770115346.8846347,-0.3318,0.10,113,500,50.0
1770115346.9882338,-0.3299,0.26,111,500,50.0
1770115347.0919588,-0.3340,-0.20,116,500,50.0
1770115347.195865,-0.3334,0.13,113,500,50.0
1770115347.2995796,-0.3284,0.64,107,500,50.0
1770115347.3932986,-0.3315,0.16,112,500,50.0
1770115347.4965436,-0.3298,0.51,109,500,50.0
1770115347.602096,-0.3338,0.17,113,500,50.0
1770115347.6947098,-0.3293,0.55,108,500,50.0
1770115347.79919,-0.3284,0.63,107,500,50.0
1770115347.9043548,-0.3273,0.44,109,500,50.0
1770115348.0100968,-0.3316,0.04,113,500,50.0
1770115348.1047232,-0.3297,-0.02,113,500,50.0
1770115348.2078593,-0.3295,0.26,111,500,50.0
1770115348.3114853,-0.3335,-0.26,116,500,50.0
1770115348.416,-0.3343,-0.09,115,500,50.0
1770115348.509314,-0.3317,0.27,111,500,50.0
1770115348.613209,-0.3270,0.53,108,500,50.0
1770115348.7183588,-0.3306,0.12,112,500,50.0
1770115348.812544,-0.3349,0.03,114,500,50.0
1770115348.9149811,-0.3333,-0.23,116,500,50.0
1770115349.018855,-0.3318,0.09,113,500,50.0
1770115349.1228237,-0.3313,0.07,113,500,50.0
1770115349.2178745,-0.3300,0.17,112,500,50.0
1770115349.324137,-0.3320,0.07,113,500,50.0
1770115349.4297667,-0.3285,0.25,110,500,50.0
1770115349.5220783,-0.3307,-0.00,113,500,50.0
1770115349.625912,-0.3293,0.34,110,500,50.0
1770115349.730633,-0.3313,0.14,112,500,50.0
1770115349.8232045,-0.3298,0.24,111,500,50.0
1770115349.9266808,-0.3317,0.40,110,500,50.0
1770115350.0306137,-0.3330,-0.16,115,500,50.0
1770115350.1349733,-0.3319,0.11,113,500,50.0
1770115350.2395866,-0.3365,-0.47,119,500,50.0
1770115350.3315704,-0.3220,0.89,103,500,50.0
1770115350.4355156,-0.3189,1.23,99,500,50.0
1770115350.5390234,-0.3215,0.82,103,500,50.0
1770115350.6460955,-0.3194,0.79,103,500,50.0
1770115350.7377098,-0.3196,1.15,100,500,50.0
1770115350.8413835,-0.3231,0.45,107,500,50.0
1770115350.945359,-0.3234,1.00,103,500,50.0
1770115351.0387385,-0.3244,0.79,105,500,50.0
1770115351.1425517,-0.3245,0.99,103,500,50.0
1770115351.2464511,-0.3193,1.25,99,500,50.0
1770115351.3503156,-0.3220,0.80,104,500,50.0
1770115351.4440732,-0.3208,1.29,99,500,50.0
1770115351.5478177,-0.3212,1.00,102,500,50.0
1770115351.6537943,-0.3245,0.87,104,500,50.0
1770115351.7578936,-0.3204,1.56,97,500,50.0
1770115351.850393,-0.3195,1.47,98,500,50.0
1770115351.9540205,-0.3213,1.61,97,500,50.0
1770115352.0580497,-0.3186,1.68,96,500,50.0
1770115352.1626987,-0.3202,1.71,96,500,50.0
1770115352.2554672,-0.3253,1.37,100,500,50.0
1770115352.3600085,-0.3206,1.82,95,500,50.0
1770115352.4635112,-0.3231,1.61,98,500,50.0
1770115352.567679,-0.3198,1.77,95,500,50.0
1770115352.6608055,-0.3204,1.94,94,500,50.0
1770115352.76504,-0.3199,1.94,94,500,50.0
1770115352.868386,-0.3212,1.62,97,500,50.0
1770115352.972602,-0.3124,2.30,89,499,50.0
1770115353.0685332,-0.3120,2.44,88,498,49.9
1770115353.1723087,-0.3055,2.85,84,496,49.6
1770115353.2766185,-0.3103,2.33,88,499,49.9
1770115353.3695767,-0.3015,2.90,82,495,49.6
1770115353.4739401,-0.2887,1.36,88,500,50.0
1770115353.5777602,-0.2766,0.27,92,500,50.0
1770115353.6813648,-0.2757,0.94,87,500,50.0
1770115353.776378,-0.2489,-2.13,102,499,50.0
1770115353.880173,-0.3383,-8.09,250,364,36.4
1770115353.9859073,-0.1416,-13.89,231,206,20.6
1770115354.078668,-0.1351,-9.56,166,313,31.4
1770115354.1829612,-0.1480,-13.91,237,205,20.6
1770115354.2864003,-0.1434,-11.98,208,241,24.1
1770115354.3899992,-0.1483,-3.81,85,484,48.4
1770115354.4839563,-0.2853,7.54,95,382,38.3
1770115354.5880306,-0.3060,7.28,103,391,39.2
1770115354.692213,-0.3006,7.97,107,368,36.8
1770115354.7857974,-0.2909,8.33,105,356,35.6
1770115354.8893452,-0.3114,3.13,85,493,49.4
1770115354.9935122,-0.3161,2.58,88,498,49.8
1770115355.0984135,-0.3185,2.17,92,499,50.0
1770115355.1910236,-0.3153,2.50,89,498,49.9
1770115355.2946074,-0.3165,1.83,94,500,50.0
1770115355.3984427,-0.3113,2.58,87,498,49.8
1770115355.5028698,-0.3165,2.61,88,498,49.8
1770115355.6065106,-0.3049,3.33,82,491,49.1
1770115355.6994114,-0.3102,2.89,85,496,49.6
1770115355.8036494,-0.3085,3.13,84,493,49.4
1770115355.909313,-0.3092,2.75,85,497,49.7
1770115356.001749,-0.3118,2.53,87,498,49.9
1770115356.1054277,-0.3127,2.31,89,499,49.9
1770115356.2103274,-0.3176,2.16,92,499,50.0
1770115356.3134983,-0.3222,1.78,96,500,50.0
1770115356.407131,-0.3208,1.51,98,500,50.0
1770115356.5101755,-0.3180,1.94,93,500,50.0
1770115356.6139278,-0.3256,1.62,98,500,50.0
1770115356.7185402,-0.3660,-0.67,131,500,50.0
1770115356.8110697,-0.3506,0.22,118,500,50.0
1770115356.915056,-0.3428,0.54,113,500,50.0
1770115357.0197053,-0.3397,1.01,108,500,50.0
1770115357.1232705,-0.3470,0.47,115,500,50.0
1770115357.216937,-0.3436,0.86,111,500,50.0
1770115357.3206909,-0.3412,0.52,113,500,50.0
1770115357.4245627,-0.3442,0.22,116,500,50.0
1770115357.528571,-0.3423,0.23,115,500,50.0
1770115357.6226938,-0.3485,0.05,119,500,50.0
1770115357.726404,-0.3457,0.17,117,500,50.0
1770115357.8298652,-0.3468,0.28,117,500,50.0
1770115357.9334888,-0.3474,-0.18,120,500,50.0
1770115358.0272799,-0.3445,0.42,115,500,50.0
1770115358.1310165,-0.3436,0.16,116,500,50.0
1770115358.2352142,-0.3443,0.07,117,500,50.0
1770115358.3389578,-0.3484,-0.13,120,500,50.0
1770115358.432671,-0.3428,0.11,117,500,50.0
1770115358.5363019,-0.3440,-0.09,118,500,50.0
1770115358.6401782,-0.3464,-0.26,121,500,50.0
1770115358.7452881,-0.3458,-0.26,120,500,50.0
1770115358.8373828,-0.3473,0.04,119,500,50.0
1770115358.9415462,-0.3435,0.04,117,500,50.0
1770115359.0462446,-0.3445,-0.22,120,500,50.0
1770115359.1488943,-0.3386,0.81,109,500,50.0
1770115359.2425141,-0.3445,0.17,117,500,50.0
1770115359.3456573,-0.3478,-0.20,121,500,50.0
1770115359.4499853,-0.3429,0.25,115,500,50.0
1770115359.5541322,-0.3410,0.26,115,500,50.0
1770115359.6473339,-0.3445,0.18,116,500,50.0
1770115359.7510092,-0.3456,0.22,117,500,50.0
1770115359.854618,-0.3484,-0.56,124,500,50.0
1770115359.9591544,-0.3420,0.09,116,500,50.0
1770115360.0527353,-0.3468,0.11,118,500,50.0
1770115360.1558633,-0.3454,0.14,117,500,50.0
1770115360.2603116,-0.3473,-0.15,120,500,50.0
1770115360.3638105,-0.3462,-0.07,119,500,50.0
1770115360.4572928,-0.3460,-0.25,120,500,50.0
1770115360.560684,-0.3460,-0.02,119,500,50.0
1770115360.6648393,-0.3453,-0.26,120,500,50.0
1770115360.7689874,-0.3445,-0.20,120,500,50.0
1770115360.8624265,-0.3449,-0.33,121,500,50.0
1770115360.9655385,-0.3464,-0.32,121,500,50.0
1770115361.070523,-0.3459,-0.18,120,500,50.0
1770115361.1746078,-0.3472,-0.73,125,500,50.0
1770115361.268023,-0.3449,-0.19,120,500,50.0
1770115361.3713822,-0.3432,0.19,116,500,50.0
1770115361.4763298,-0.3433,-0.05,118,500,50.0
1770115361.5796678,-0.3442,-0.27,120,500,50.0
1770115361.6734824,-0.3479,-0.48,123,500,50.0
1770115361.7776241,-0.3489,-0.82,126,500,50.0
1770115361.881266,-0.3419,-0.11,118,500,50.0
1770115361.975199,-0.3451,-0.20,120,500,50.0
1770115362.0788484,-0.3429,-0.02,118,500,50.0
1770115362.182757,-0.3439,0.17,116,500,50.0
1770115362.2862046,-0.3464,-0.33,121,500,50.0
1770115362.3910773,-0.3448,0.23,116,500,50.0
1770115362.48444,-0.3442,0.00,118,500,50.0
1770115362.5876465,-0.3435,0.23,116,500,50.0
1770115362.6927495,-0.3415,0.26,115,500,50.0
1770115362.7876341,-0.3461,-0.31,121,500,50.0
1770115362.8914535,-0.3454,-0.01,118,500,50.0
1770115362.9959493,-0.3418,0.63,112,500,50.0
1770115363.0997136,-0.3415,0.57,112,500,50.0
1770115363.1930912,-0.3434,0.09,117,500,50.0
1770115363.296989,-0.3443,0.08,117,500,50.0
1770115363.4010918,-0.3439,-0.08,118,500,50.0
1770115363.5060008,-0.3414,0.09,116,500,50.0
1770115363.597829,-0.3450,0.13,117,500,50.0
1770115363.702101,-0.3423,0.16,116,500,50.0
1770115363.8061156,-0.3456,0.00,118,500,50.0
1770115363.9109747,-0.3480,-0.22,121,500,50.0
1770115364.0057511,-0.3432,0.13,116,500,50.0
1770115364.1074893,-0.3428,0.14,116,500,50.0
1770115364.2117436,-0.3410,0.24,115,500,50.0
1770115364.3161147,-0.3455,-0.18,120,500,50.0
1770115364.4088993,-0.3400,0.18,115,500,50.0
1770115364.5137477,-0.3430,-0.22,119,500,50.0
1770115364.6108546,-0.3464,-0.27,121,500,50.0
1770115364.7149289,-0.3420,0.21,115,500,50.0
1770115364.8190486,-0.3463,-0.42,122,500,50.0
1770115364.9234476,-0.3457,-0.21,120,500,50.0
1770115365.0165825,-0.3425,0.07,117,500,50.0
1770115365.1206126,-0.3466,-0.14,120,500,50.0
1770115365.225605,-0.3443,-0.19,119,500,50.0
1770115365.319516,-0.3426,0.33,115,500,50.0
1770115365.4219964,-0.3436,-0.01,118,500,50.0
1770115365.5262456,-0.3476,0.02,119,500,50.0
1770115365.6314745,-0.3432,0.23,116,500,50.0
1770115365.7239594,-0.3428,0.36,114,500,50.0
1770115365.8282592,-0.3444,-0.00,118,500,50.0
1770115365.9321458,-0.3409,0.32,114,500,50.0
1770115366.036936,-0.3428,-0.03,118,500,50.0
1770115366.1293125,-0.3426,0.40,114,500,50.0
1770115366.235855,-0.3443,-0.01,118,500,50.0
1770115366.3384962,-0.3448,0.02,118,500,50.0
1770115366.4331632,-0.3433,0.08,117,500,50.0
1770115366.537289,-0.3433,-0.31,120,500,50.0
1770115366.6410918,-0.3447,-0.50,122,500,50.0
1770115366.7450006,-0.3431,-0.02,118,500,50.0
1770115366.83788,-0.3466,-0.37,122,500,50.0
1770115366.9426556,-0.3450,0.01,118,500,50.0
1770115367.0480042,-0.3474,-0.29,121,500,50.0
1770115367.1417937,-0.3463,-0.15,120,500,50.0
1770115367.2476542,-0.3441,-0.08,118,500,50.0
1770115367.3518531,-0.3452,-0.21,120,500,50.0
1770115367.4452755,-0.3421,-0.14,118,500,50.0
1770115367.548632,-0.3462,-0.50,123,500,50.0
1770115367.6525102,-0.3437,-0.08,118,500,50.0
1770115367.7574987,-0.3388,0.33,113,500,50.0
1770115367.8614633,-0.3468,-0.45,122,500,50.0
1770115367.9536297,-0.3421,0.10,116,500,50.0
1770115368.057959,-0.3428,0.18,116,500,50.0
1770115368.1630795,-0.3411,0.16,115,500,50.0
1770115368.2569885,-0.3431,-0.23,119,500,50.0
1770115368.3609543,-0.3419,-0.23,119,500,50.0
1770115368.4648306,-0.3438,-0.03,118,500,50.0
1770115368.5694191,-0.3428,0.05,117,500,50.0
1770115368.6625483,-0.3457,-0.47,122,500,50.0
1770115368.7665818,-0.3443,-0.46,122,500,50.0
1770115368.871185,-0.3476,-1.01,127,500,50.0
1770115368.9658358,-0.3475,-0.66,124,500,50.0
1770115369.0714493,-0.3499,-0.80,126,500,50.0
1770115369.1753554,-0.3469,-0.68,124,500,50.0
1770115369.268814,-0.3480,-0.59,124,500,50.0
1770115369.372518,-0.3484,-0.67,125,500,50.0
1770115369.4777331,-0.3514,-0.72,126,500,50.0
1770115369.5835533,-0.3481,-0.75,125,500,50.0
1770115369.6751027,-0.3528,-0.99,129,500,50.0
1770115369.7792695,-0.3487,-0.89,126,500,50.0
1770115369.8835418,-0.3488,-0.66,125,500,50.0
1770115369.976401,-0.3456,-0.51,122,500,50.0
1770115370.0807426,-0.3493,-0.67,125,500,50.0
1770115370.185553,-0.3458,-0.60,123,500,50.0
1770115370.2784352,-0.3494,-0.65,125,500,50.0
1770115370.3830347,-0.3497,-0.76,126,500,50.0
1770115370.4861267,-0.3514,-0.72,126,500,50.0
1770115370.5907676,-0.3496,-0.63,125,500,50.0
1770115370.6940167,-0.3486,-0.61,124,500,50.0
1770115370.7993724,-0.3484,-0.85,126,500,50.0
1770115370.8928142,-0.3487,-0.88,126,500,50.0
1770115370.9997396,-0.3481,-0.84,126,500,50.0
1770115371.0928864,-0.3499,-0.79,126,500,50.0
1770115371.1968708,-0.3495,-0.56,124,500,50.0
1770115371.3004797,-0.3482,-0.78,125,500,50.0
1770115371.404779,-0.3499,-0.68,125,500,50.0
1770115371.4979072,-0.3490,-0.83,126,500,50.0
1770115371.601276,-0.3480,-0.86,126,500,50.0
1770115371.7053323,-0.3464,-0.52,123,500,50.0
1770115371.809508,-0.3487,-0.79,126,500,50.0
1770115371.9029808,-0.3491,-0.88,127,500,50.0
1770115372.0066452,-0.3475,-0.74,125,500,50.0
1770115372.1106431,-0.3517,-0.98,128,500,50.0
1770115372.214927,-0.3484,-0.65,124,500,50.0
1770115372.3083057,-0.3486,-0.71,125,500,50.0
1770115372.413593,-0.3494,-0.83,126,500,50.0
1770115372.5192256,-0.3510,-1.09,129,500,50.0
1770115372.6122825,-0.3504,-0.74,126,500,50.0
1770115372.7162607,-0.3495,-0.89,127,500,50.0
1770115372.8206973,-0.3469,-0.65,124,500,50.0
1770115372.9242237,-0.3508,-0.77,126,500,50.0
1770115373.017175,-0.3472,-0.62,124,500,50.0
1770115373.1205487,-0.3457,-0.74,124,500,50.0
1770115373.2245939,-0.3501,-0.91,127,500,50.0
1770115373.329016,-0.3475,-0.67,124,500,50.0
1770115373.4329422,-0.3508,-0.97,128,500,50.0
1770115373.5257735,-0.3458,-0.46,122,500,50.0
1770115373.6297975,-0.3499,-0.74,126,500,50.0
1770115373.7341368,-0.3528,-0.93,128,500,50.0
1770115373.8267493,-0.3483,-0.62,124,500,50.0
1770115373.9302804,-0.3489,-0.54,124,500,50.0
1770115374.0340638,-0.3486,-0.64,124,500,50.0
1770115374.1393902,-0.3455,-0.58,123,500,50.0
1770115374.2311003,-0.3475,-0.48,123,500,50.0
1770115374.3353493,-0.3477,-0.57,124,500,50.0
1770115374.439716,-0.3404,-0.15,118,500,50.0
1770115374.5444198,-0.3459,-0.26,120,500,50.0
1770115374.6371343,-0.3464,-0.46,122,500,50.0
1770115374.7401695,-0.3491,-0.94,127,500,50.0
1770115374.8446734,-0.3454,-0.31,121,500,50.0
1770115374.9478173,-0.3441,-0.63,123,500,50.0
1770115375.0424929,-0.3464,-0.60,123,500,50.0
1770115375.1461058,-0.3429,-0.08,118,500,50.0
1770115375.2504852,-0.3465,-0.45,122,500,50.0
1770115375.3543804,-0.3488,-0.55,124,500,50.0
1770115375.4472106,-0.3478,-0.66,124,500,50.0
1770115375.5524302,-0.3431,-0.35,120,500,50.0
1770115375.6569808,-0.3480,-0.62,124,500,50.0
1770115375.7508953,-0.3483,-0.73,125,500,50.0
1770115375.854871,-0.3442,0.28,116,500,50.0
1770115375.9586132,-0.3461,-0.02,119,500,50.0
1770115376.0624523,-0.3462,0.31,116,500,50.0
1770115376.156189,-0.3469,-0.05,119,500,50.0
1770115376.2597454,-0.3382,1.24,106,500,50.0
1770115376.3638115,-0.3401,1.84,102,500,50.0
1770115376.4678771,-0.3396,1.52,104,500,50.0
1770115376.5614483,-0.3257,3.53,90,488,48.9
1770115376.666891,-0.3314,3.89,92,482,48.3
1770115376.7724547,-0.3283,4.91,95,461,46.2
1770115376.865258,-0.3190,5.24,93,453,45.3
1770115376.9689913,-0.3251,4.87,93,462,46.2
1770115377.0730457,-0.3214,4.70,91,466,46.6
1770115377.1774068,-0.3298,2.67,93,497,49.8
1770115377.2701626,-0.3399,1.10,108,500,50.0
1770115377.3751597,-0.3436,0.58,113,500,50.0
1770115377.477949,-0.3409,0.80,110,500,50.0
1770115377.5836027,-0.3435,0.62,113,500,50.0
1770115377.6765637,-0.3502,-0.20,122,500,50.0
1770115377.7804377,-0.3433,0.54,113,500,50.0
1770115377.8841836,-0.3433,0.29,115,500,50.0
1770115377.9884465,-0.3433,0.43,114,500,50.0
1770115378.08097,-0.3447,0.20,116,500,50.0
1770115378.1849751,-0.3422,0.07,117,500,50.0
1770115378.289214,-0.3418,-0.04,117,500,50.0
1770115378.3823857,-0.3469,-0.06,119,500,50.0
1770115378.4860466,-0.3456,0.01,118,500,50.0
1770115378.5902345,-0.3473,-0.41,122,500,50.0
1770115378.6943119,-0.3474,-0.17,120,500,50.0
1770115378.7875397,-0.3464,-0.25,121,500,50.0
1770115378.8912373,-0.3466,0.12,118,500,50.0
1770115378.9951072,-0.3474,-0.06,119,500,50.0
1770115379.099031,-0.3406,0.48,113,500,50.0
1770115379.1926484,-0.3489,0.21,118,500,50.0
1770115379.296881,-0.3445,0.08,117,500,50.0
1770115379.4012978,-0.3284,1.95,97,500,50.0
1770115379.5041857,-0.3372,1.37,104,500,50.0
1770115379.5980394,-0.3334,1.48,102,500,50.0
1770115379.7016459,-0.3322,1.50,102,500,50.0
1770115379.8063648,-0.3370,1.32,105,500,50.0
1770115379.9105315,-0.3366,0.99,107,500,50.0
1770115380.0037658,-0.3334,1.34,103,500,50.0
1770115380.108299,-0.3365,1.54,103,500,50.0
1770115380.2135682,-0.3428,0.72,112,500,50.0
1770115380.3188527,-0.3395,0.76,110,500,50.0
1770115380.4113727,-0.3370,0.68,110,500,50.0
1770115380.5180383,-0.3437,0.49,114,500,50.0
1770115380.6226146,-0.3401,0.55,112,500,50.0
1770115380.715238,-0.3392,0.53,112,500,50.0
1770115380.8185022,-0.3421,0.57,113,500,50.0
1770115380.9232783,-0.3456,0.23,116,500,50.0
1770115381.0163,-0.3412,0.65,112,500,50.0
1770115381.11985,-0.3446,-0.19,119,500,50.0
1770115381.2263324,-0.3361,0.42,112,500,50.0
1770115381.3285718,-0.3444,0.09,117,500,50.0
1770115381.421605,-0.3409,0.50,113,500,50.0
1770115381.525209,-0.3397,0.28,114,500,50.0
1770115381.629303,-0.3459,-0.21,120,500,50.0
1770115381.733686,-0.3419,0.58,112,500,50.0
1770115381.8263512,-0.3373,0.62,111,500,50.0
1770115381.9300494,-0.3404,0.07,116,500,50.0
1770115382.0349033,-0.3416,0.26,115,500,50.0
1770115382.1276643,-0.3380,0.50,112,500,50.0
1770115382.2324579,-0.3388,0.53,112,500,50.0
1770115382.336115,-0.3422,-0.05,118,500,50.0
1770115382.4402678,-0.3411,0.35,114,500,50.0
1770115382.5442564,-0.3374,0.42,112,500,50.0
1770115382.637223,-0.3381,0.25,114,500,50.0
1770115382.7418664,-0.3362,0.79,109,500,50.0
1770115382.8457549,-0.3414,0.21,115,500,50.0
1770115382.950594,-0.3455,-0.05,119,500,50.0
1770115383.0458026,-0.3421,0.06,117,500,50.0
1770115383.1525831,-0.3470,0.13,118,500,50.0
1770115383.2490509,-0.3360,0.60,110,500,50.0
1770115383.3537486,-0.3378,0.26,114,500,50.0
1770115383.4479375,-0.3394,0.14,115,500,50.0
1770115383.5528417,-0.3387,0.07,115,500,50.0
1770115383.6561952,-0.3412,-0.17,118,500,50.0
1770115383.7606432,-0.3406,0.11,116,500,50.0
1770115383.853199,-0.3393,0.02,116,500,50.0
1770115383.9568932,-0.3349,0.84,108,500,50.0
1770115384.0603983,-0.3392,0.58,111,500,50.0
1770115384.155786,-0.3364,0.58,111,500,50.0
1770115384.2597103,-0.3410,0.67,111,500,50.0
1770115384.363465,-0.3387,0.42,113,500,50.0
1770115384.467363,-0.3374,0.49,112,500,50.0
1770115384.5612533,-0.3455,0.21,117,500,50.0
1770115384.6651785,-0.3437,0.45,114,500,50.0
1770115384.7700243,-0.3406,0.22,115,500,50.0
1770115384.8746958,-0.3388,0.64,111,500,50.0
1770115384.9682755,-0.3392,0.39,113,500,50.0
1770115385.071724,-0.3452,0.12,117,500,50.0
1770115385.1765125,-0.3421,0.28,115,500,50.0
1770115385.2706501,-0.3444,0.20,116,500,50.0
1770115385.3745701,-0.3413,0.29,114,500,50.0
1770115385.479069,-0.3396,0.32,114,500,50.0
1770115385.5828059,-0.3421,0.31,115,500,50.0
1770115385.6756058,-0.3457,-0.05,119,500,50.0
1770115385.7792394,-0.3456,-0.11,119,500,50.0
1770115385.8831468,-0.3406,0.71,111,500,50.0
1770115385.9881566,-0.3453,0.35,115,500,50.0
1770115386.0809863,-0.3458,-0.19,120,500,50.0
1770115386.184688,-0.3481,-0.06,120,500,50.0
1770115386.2889848,-0.3498,-0.38,123,500,50.0
1770115386.3930566,-0.3465,-0.06,119,500,50.0
1770115386.485929,-0.3477,0.20,117,500,50.0
1770115386.5906327,-0.3484,-0.15,120,500,50.0
1770115386.6947422,-0.3427,0.30,115,500,50.0
1770115386.7985072,-0.3455,0.18,117,500,50.0
1770115386.8920593,-0.3373,0.35,113,500,50.0
1770115386.9959717,-0.3442,-0.62,123,500,50.0
1770115387.0995111,-0.3431,-0.46,121,500,50.0
1770115387.20404,-0.3429,-0.23,119,500,50.0
1770115387.2969005,-0.3421,-0.28,119,500,50.0
1770115387.402262,-0.3458,-0.81,125,500,50.0
1770115387.509104,-0.3414,-0.29,119,500,50.0
1770115387.603902,-0.3451,-0.80,125,500,50.0
1770115387.7093184,-0.3408,-0.21,118,500,50.0
1770115387.8023484,-0.3416,-0.28,119,500,50.0
1770115387.9058707,-0.3481,-0.84,126,500,50.0
1770115388.009995,-0.3447,-0.65,123,500,50.0
1770115388.106601,-0.3432,-0.46,121,500,50.0
1770115388.2106252,-0.3431,-0.44,121,500,50.0
1770115388.3154078,-0.3440,-0.45,121,500,50.0
1770115388.4084992,-0.3435,-0.43,121,500,50.0
1770115388.5122015,-0.3473,-0.81,125,500,50.0
1770115388.6162214,-0.3446,-0.35,121,500,50.0
1770115388.7206075,-0.3468,-0.53,123,500,50.0
1770115388.8213842,-0.3464,-0.73,124,500,50.0
1770115388.92611,-0.3438,-0.55,122,500,50.0
1770115389.0202622,-0.3450,-0.75,124,500,50.0
1770115389.1234953,-0.3424,-0.54,122,500,50.0
1770115389.2273111,-0.3462,-0.71,124,500,50.0
1770115389.3316638,-0.3472,-0.79,125,500,50.0
1770115389.4241734,-0.3450,-0.52,122,500,50.0
1770115389.528664,-0.3435,-0.58,122,500,50.0
1770115389.6323366,-0.3430,-0.48,121,500,50.0
1770115389.7256165,-0.3446,-0.57,123,500,50.0
1770115389.8298628,-0.3436,-0.57,122,500,50.0
1770115389.9353867,-0.3420,-0.28,119,500,50.0
1770115390.039846,-0.3417,-0.16,118,500,50.0
1770115390.1330056,-0.3441,-0.30,120,500,50.0
1770115390.2366614,-0.3444,-0.54,122,500,50.0
1770115390.3405585,-0.3416,-0.38,120,500,50.0
1770115390.4342847,-0.3433,-0.35,120,500,50.0
1770115390.5383594,-0.3444,-0.44,121,500,50.0
1770115390.6419396,-0.3459,-0.70,124,500,50.0
1770115390.7460935,-0.3473,-0.82,125,500,50.0
1770115390.8501635,-0.3433,-0.43,121,500,50.0
1770115390.943784,-0.3420,-0.34,120,500,50.0
1770115391.0473216,-0.3456,-0.67,124,500,50.0
1770115391.1540866,-0.3429,-0.53,122,500,50.0
1770115391.2480958,-0.3437,-0.49,122,500,50.0
1770115391.352816,-0.3472,-0.79,125,500,50.0
1770115391.4561803,-0.3414,-0.21,119,500,50.0
1770115391.5502446,-0.3448,-0.73,124,500,50.0
1770115391.6538968,-0.3429,-0.46,121,500,50.0
1770115391.7588222,-0.3442,-0.46,122,500,50.0
1770115391.8529572,-0.3444,-0.56,122,500,50.0
1770115391.961809,-0.3403,-0.07,117,500,50.0
1770115392.055151,-0.3445,-0.81,124,500,50.0
1770115392.1588683,-0.3452,-0.99,126,500,50.0
1770115392.2628393,-0.3448,-0.75,124,500,50.0
1770115392.366828,-0.3436,-0.49,122,500,50.0
1770115392.459752,-0.3446,-0.43,121,500,50.0
1770115392.563215,-0.3408,-0.45,120,500,50.0
1770115392.6683137,-0.3442,-0.59,123,500,50.0
1770115392.772476,-0.3440,-0.69,123,500,50.0
1770115392.8658173,-0.3436,-0.57,122,500,50.0
1770115392.969187,-0.3439,-0.64,123,500,50.0
1770115393.0733328,-0.3448,-0.78,124,500,50.0
1770115393.1772106,-0.3457,-0.49,122,500,50.0
1770115393.2707973,-0.3476,-0.70,125,500,50.0
1770115393.3754582,-0.3414,-0.40,120,500,50.0
1770115393.4796,-0.3466,-0.95,126,500,50.0
1770115393.5839734,-0.3423,-0.27,119,500,50.0
1770115393.6772814,-0.3425,-0.28,119,500,50.0
1770115393.7805593,-0.3443,-0.69,123,500,50.0
1770115393.8853645,-0.3461,-0.67,124,500,50.0
1770115393.9894578,-0.3431,-0.42,121,500,50.0
1770115394.0827506,-0.3473,-0.72,125,500,50.0
1770115394.1875103,-0.3422,-0.41,120,500,50.0
1770115394.2928886,-0.3450,-0.77,124,500,50.0
1770115394.3857124,-0.3434,-0.52,122,500,50.0
1770115394.4893074,-0.3416,-0.39,120,500,50.0
1770115394.5938153,-0.3420,-0.41,120,500,50.0
1770115394.697538,-0.3448,-0.95,126,500,50.0
1770115394.7914732,-0.3459,-0.87,125,500,50.0
1770115394.8958912,-0.3427,-0.29,120,500,50.0
1770115394.9998882,-0.3430,-0.39,121,500,50.0
1770115395.1041884,-0.3429,-0.24,119,500,50.0
1770115395.1977823,-0.3483,-1.14,128,500,50.0
1770115395.3028529,-0.3433,-0.65,123,500,50.0
1770115395.4070675,-0.3403,-0.46,120,500,50.0
1770115395.5001307,-0.3418,-0.28,119,500,50.0
1770115395.6042867,-0.3417,-0.57,122,500,50.0
1770115395.7081983,-0.3447,-0.57,123,500,50.0
1770115395.8124318,-0.3439,-0.65,123,500,50.0
1770115395.905278,-0.3457,-0.63,123,500,50.0
1770115396.0088828,-0.3426,-0.39,120,500,50.0
1770115396.105864,-0.3472,-0.82,125,500,50.0
1770115396.2130783,-0.3473,-0.89,126,500,50.0
1770115396.3167953,-0.3448,-0.70,124,500,50.0
1770115396.4115744,-0.3466,-0.75,125,500,50.0
1770115396.514311,-0.3457,-0.67,124,500,50.0
1770115396.6182542,-0.3466,-0.87,126,500,50.0
1770115396.7244585,-0.3423,-0.27,119,500,50.0
1770115396.8169441,-0.3422,-0.31,120,500,50.0
1770115396.9214563,-0.3429,-0.52,122,500,50.0
1770115397.0247986,-0.3423,-0.01,117,500,50.0
1770115397.1289852,-0.3398,-0.12,117,500,50.0
1770115397.2218232,-0.3398,-0.02,116,500,50.0
1770115397.3257556,-0.3439,-0.54,122,500,50.0
1770115397.430337,-0.3412,-0.03,117,500,50.0
1770115397.523349,-0.3416,0.11,116,500,50.0
1770115397.6267986,-0.3436,-0.10,118,500,50.0
1770115397.7304487,-0.3414,-0.12,118,500,50.0
1770115397.8356285,-0.3439,-0.43,121,500,50.0
1770115397.940686,-0.3435,-0.55,122,500,50.0
1770115398.0331895,-0.3425,-0.25,119,500,50.0
1770115398.1384661,-0.3439,-0.54,122,500,50.0
1770115398.2427962,-0.3391,0.16,115,500,50.0
1770115398.335315,-0.3481,-0.83,126,500,50.0
1770115398.4398859,-0.3458,-0.52,123,500,50.0
1770115398.5438628,-0.3430,-0.53,122,500,50.0
1770115398.6473825,-0.3462,-0.62,123,500,50.0
1770115398.7404294,-0.3416,-0.12,118,500,50.0
1770115398.8441634,-0.3444,-0.79,124,500,50.0
1770115398.9483635,-0.3430,-0.27,120,500,50.0
1770115399.052735,-0.3417,-0.48,121,500,50.0
1770115399.1456046,-0.3436,-0.34,120,500,50.0
1770115399.2511237,-0.3457,-0.60,123,500,50.0
1770115399.3554533,-0.3460,-0.43,122,500,50.0
1770115399.4492037,-0.3427,-0.45,121,500,50.0
1770115399.5527968,-0.3436,-0.35,120,500,50.0
1770115399.6565437,-0.3478,-1.14,128,500,50.0
1770115399.7601588,-0.3407,-0.25,119,500,50.0
1770115399.8543983,-0.3450,-0.76,124,500,50.0
1770115399.9582114,-0.3442,-0.63,123,500,50.0
1770115400.0630307,-0.3407,0.02,116,500,50.0
1770115400.1570542,-0.3427,-0.10,118,500,50.0
1770115400.2613628,-0.3448,-0.72,124,500,50.0
1770115400.365257,-0.3426,-0.33,120,500,50.0
1770115400.4687617,-0.3458,-0.44,122,500,50.0
1770115400.563012,-0.3416,-0.09,118,500,50.0
1770115400.667233,-0.3435,-0.62,123,500,50.0
1770115400.7708926,-0.3433,-0.49,121,500,50.0
1770115400.875991,-0.3430,-0.49,121,500,50.0
1770115400.9707084,-0.3450,-0.53,122,500,50.0
1770115401.0748143,-0.3411,-0.36,120,500,50.0
1770115401.1688948,-0.3413,-0.24,119,500,50.0
1770115401.27293,-0.3480,-0.82,126,500,50.0
1770115401.3774695,-0.3490,-0.94,127,500,50.0
1770115401.480608,-0.3465,-0.97,126,500,50.0
1770115401.578596,-0.3457,-0.62,123,500,50.0
1770115401.6827393,-0.3477,-0.69,125,500,50.0
1770115401.787015,-0.3466,-0.85,125,500,50.0
1770115401.8799393,-0.3441,-0.56,122,500,50.0
1770115401.98436,-0.3467,-0.76,125,500,50.0
1770115402.0879412,-0.3427,-0.60,122,500,50.0
1770115402.1937852,-0.3426,-0.52,121,500,50.0
1770115402.2860842,-0.3433,-0.31,120,500,50.0
1770115402.389905,-0.3440,-0.82,124,500,50.0
1770115402.4938066,-0.3431,-0.42,121,500,50.0
1770115402.5884244,-0.3474,-0.58,124,500,50.0
1770115402.6939163,-0.3438,-0.24,120,500,50.0
1770115402.7981722,-0.3444,-0.51,122,500,50.0
1770115402.8917575,-0.3436,-0.45,121,500,50.0
1770115402.995312,-0.3463,-0.63,124,500,50.0
1770115403.101223,-0.3461,-0.95,126,500,50.0
1770115403.2061443,-0.3420,-0.36,120,500,50.0
1770115403.299123,-0.3433,-0.18,119,500,50.0
1770115403.4034724,-0.3453,-0.41,121,500,50.0
1770115403.507378,-0.3474,-1.01,127,500,50.0
1770115403.6011083,-0.3452,-0.58,123,500,50.0
1770115403.7039897,-0.3418,-0.38,120,500,50.0
1770115403.8085415,-0.3457,-0.81,125,500,50.0
1770115403.9122658,-0.3411,-0.32,119,500,50.0
1770115404.0063245,-0.3436,-0.46,121,500,50.0
1770115404.1097898,-0.3455,-0.60,123,500,50.0
1770115404.2136674,-0.3412,-0.19,118,500,50.0
1770115404.3175793,-0.3438,-0.56,122,500,50.0
1770115404.41284,-0.3476,-0.63,124,500,50.0
1770115404.5187755,-0.3441,-0.48,122,500,50.0
1770115404.6152818,-0.3454,-0.63,123,500,50.0
1770115404.719322,-0.3416,-0.31,119,500,50.0
1770115404.82283,-0.3427,-0.25,119,500,50.0
1770115404.9166243,-0.3449,-0.49,122,500,50.0
1770115405.02039,-0.3454,-0.83,125,500,50.0
1770115405.1248178,-0.3443,-0.29,120,500,50.0
1770115405.230616,-0.3452,-0.58,123,500,50.0
1770115405.323017,-0.3496,-0.90,127,500,50.0
1770115405.4267013,-0.3462,-0.70,124,500,50.0
1770115405.5308585,-0.3461,-0.87,125,500,50.0
1770115405.6346447,-0.3489,-0.81,126,500,50.0
1770115405.7286386,-0.3436,-0.44,121,500,50.0
1770115405.83215,-0.3498,-0.95,127,500,50.0
1770115405.936147,-0.3428,-0.50,121,500,50.0
1770115406.0402524,-0.3427,-0.61,122,500,50.0
1770115406.1338508,-0.3449,-0.63,123,500,50.0
1770115406.2369604,-0.3440,-0.56,122,500,50.0
1770115406.3410308,-0.3450,-0.69,124,500,50.0
1770115406.4450834,-0.3445,-0.79,124,500,50.0
1770115406.5380924,-0.3422,-0.40,120,500,50.0
1770115406.644038,-0.3447,-0.46,122,500,50.0
1770115406.747423,-0.3470,-0.85,126,500,50.0
1770115406.8516333,-0.3405,-0.23,118,500,50.0
1770115406.9554808,-0.3429,-0.18,119,500,50.0
1770115407.0483897,-0.3441,-0.54,122,500,50.0
1770115407.1523888,-0.3471,-0.93,126,500,50.0
1770115407.245968,-0.3452,-0.69,124,500,50.0
1770115407.3504863,-0.3446,-0.61,123,500,50.0
1770115407.4535437,-0.3457,-0.54,123,500,50.0
1770115407.5576491,-0.3447,-0.59,123,500,50.0
1770115407.6538005,-0.3443,-0.81,124,500,50.0
1770115407.7574115,-0.3427,-0.51,121,500,50.0
1770115407.862538,-0.3416,-0.43,120,500,50.0
1770115407.9568746,-0.3470,-0.93,126,500,50.0
1770115408.063875,-0.3424,-0.41,120,500,50.0
1770115408.1590662,-0.3444,-0.74,124,500,50.0
1770115408.2637973,-0.3455,-0.50,122,500,50.0
1770115408.366804,-0.3438,-0.67,123,500,50.0
1770115408.4610107,-0.3444,-0.49,122,500,50.0
1770115408.5652964,-0.3442,-0.52,122,500,50.0
1770115408.6683562,-0.3443,-0.60,123,500,50.0
1770115408.7730296,-0.3449,-0.60,123,500,50.0
1770115408.86595,-0.3416,-0.31,119,500,50.0
1770115408.9695137,-0.3435,-0.44,121,500,50.0
1770115409.0731444,-0.3435,-0.35,120,500,50.0
1770115409.1773486,-0.3442,-0.42,121,500,50.0
1770115409.2745068,-0.3469,-0.74,125,500,50.0
1770115409.3788366,-0.3420,-0.08,118,500,50.0
1770115409.4838614,-0.3426,-0.56,122,500,50.0
1770115409.5766776,-0.3392,-0.02,116,500,50.0
1770115409.6804373,-0.3432,-0.34,120,500,50.0
1770115409.783741,-0.3414,-0.05,117,500,50.0
1770115409.8879564,-0.3454,-0.48,122,500,50.0
1770115409.9818716,-0.3417,-0.31,119,500,50.0
1770115410.0855827,-0.3459,-0.77,125,500,50.0
1770115410.1896722,-0.3409,-0.12,118,500,50.0
1770115410.293492,-0.3416,-0.22,119,500,50.0
1770115410.386573,-0.3430,-0.30,120,500,50.0
1770115410.4903471,-0.3420,-0.25,119,500,50.0
1770115410.5944579,-0.3423,-0.50,121,500,50.0
1770115410.6985178,-0.3418,-0.39,120,500,50.0
1770115410.8030517,-0.3444,-0.68,123,500,50.0
1770115410.8949368,-0.3423,-0.51,121,500,50.0
1770115410.999728,-0.3426,-0.30,120,500,50.0
1770115411.1039748,-0.3430,-0.70,123,500,50.0
1770115411.1971154,-0.3433,-0.29,120,500,50.0
1770115411.3008854,-0.3453,-0.67,124,500,50.0
1770115411.4059706,-0.3460,-0.65,124,500,50.0
1770115411.5124469,-0.3446,-0.86,125,500,50.0
1770115411.603353,-0.3449,-0.48,122,500,50.0
1770115411.7077086,-0.3453,-0.73,124,500,50.0
1770115411.8111446,-0.3443,-0.74,124,500,50.0
1770115411.9158072,-0.3429,-0.72,123,500,50.0
1770115412.0087402,-0.3475,-1.08,128,500,50.0
1770115412.1125956,-0.3467,-0.79,125,500,50.0
1770115412.2164435,-0.3432,-0.39,121,500,50.0
1770115412.3107972,-0.3434,-0.65,123,500,50.0
1770115412.4185834,-0.3447,-0.49,122,500,50.0
1770115412.5224702,-0.3483,-1.04,128,500,50.0
1770115412.6163042,-0.3466,-0.76,125,500,50.0
1770115412.7211974,-0.3448,-0.49,122,500,50.0
1770115412.826155,-0.3449,-0.74,124,500,50.0
1770115412.929703,-0.3467,-0.87,126,500,50.0
1770115413.0221055,-0.3446,-0.55,122,500,50.0
1770115413.1295114,-0.3470,-0.88,126,500,50.0
1770115413.2250001,-0.3411,-0.51,121,500,50.0
1770115413.3296897,-0.3414,-0.23,119,500,50.0
1770115413.4247146,-0.3459,-0.58,123,500,50.0
1770115413.5285778,-0.3441,-0.45,121,500,50.0
1770115413.63265,-0.3450,-0.71,124,500,50.0
1770115413.7368176,-0.3456,-0.88,125,500,50.0
1770115413.8295605,-0.3455,-0.88,125,500,50.0
1770115413.9358544,-0.3483,-0.86,126,500,50.0
1770115414.0394845,-0.3483,-1.22,129,500,50.0
1770115414.1449063,-0.3460,-0.84,125,500,50.0
1770115414.236431,-0.3455,-0.66,124,500,50.0
1770115414.3417635,-0.3449,-0.89,125,500,50.0
1770115414.4441314,-0.3434,-0.52,122,500,50.0
1770115414.5386722,-0.3479,-0.94,127,500,50.0
1770115414.6433363,-0.3461,-1.00,127,500,50.0
1770115414.7476988,-0.3438,-0.83,124,500,50.0
1770115414.8539114,-0.3426,-0.27,119,500,50.0
1770115414.9473565,-0.3460,-0.63,124,500,50.0
1770115415.0520976,-0.3460,-0.87,125,500,50.0
1770115415.1463952,-0.3489,-1.13,128,500,50.0
1770115415.2497764,-0.3468,-1.11,128,500,50.0
1770115415.35454,-0.3455,-0.66,124,500,50.0
1770115415.4576063,-0.3433,-0.57,122,500,50.0
1770115415.552741,-0.3452,-0.88,125,500,50.0
1770115415.6565292,-0.3464,-0.50,123,500,50.0
1770115415.7610133,-0.3446,-0.62,123,500,50.0
1770115415.867404,-0.3481,-1.00,127,500,50.0
1770115415.9575572,-0.3472,-0.84,126,500,50.0
1770115416.0618112,-0.3442,-0.61,123,500,50.0
1770115416.1661482,-0.3407,-0.35,119,500,50.0
1770115416.259468,-0.3466,-0.92,126,500,50.0
1770115416.3634825,-0.3443,-0.59,123,500,50.0
1770115416.4675753,-0.3467,-0.93,126,500,50.0
1770115416.5712445,-0.3428,-0.23,119,500,50.0
1770115416.6648202,-0.3449,-0.46,122,500,50.0
1770115416.7683446,-0.3443,-0.58,123,500,50.0
1770115416.8747108,-0.3452,-0.60,123,500,50.0
1770115416.969634,-0.3456,-0.71,124,500,50.0
1770115417.0783775,-0.3466,-1.01,127,500,50.0
1770115417.181977,-0.3471,-0.93,126,500,50.0
1770115417.2745738,-0.3456,-0.55,123,500,50.0
1770115417.378527,-0.3447,-0.77,124,500,50.0
1770115417.4824421,-0.3450,-0.73,124,500,50.0
1770115417.5798638,-0.3462,-0.68,124,500,50.0
1770115417.685478,-0.3429,-0.51,121,500,50.0
1770115417.7814708,-0.3459,-0.86,125,500,50.0
1770115417.8847182,-0.3464,-0.72,124,500,50.0
1770115417.9813783,-0.3482,-0.89,126,500,50.0
1770115418.0852282,-0.3447,-0.67,123,500,50.0
1770115418.1893132,-0.3464,-0.90,126,500,50.0
1770115418.2932067,-0.3432,-0.53,122,500,50.0
1770115418.3866043,-0.3462,-0.70,124,500,50.0
1770115418.4903293,-0.3429,-0.46,121,500,50.0
1770115418.594478,-0.3437,-0.62,123,500,50.0
1770115418.6985784,-0.3467,-0.97,126,500,50.0
1770115418.7918484,-0.3441,-0.54,122,500,50.0
1770115418.8954628,-0.3471,-1.05,127,500,50.0
1770115418.999428,-0.3435,-0.41,121,500,50.0
1770115419.1035538,-0.3442,-0.74,124,500,50.0
1770115419.1973667,-0.3446,-0.71,124,500,50.0
1770115419.3015914,-0.3451,-0.68,124,500,50.0
1770115419.406163,-0.3446,-0.63,123,500,50.0
1770115419.509784,-0.3450,-0.60,123,500,50.0
1770115419.6021936,-0.3463,-0.83,125,500,50.0
1770115419.706039,-0.3454,-0.80,125,500,50.0
1770115419.8101726,-0.3462,-0.82,125,500,50.0
1770115419.9146507,-0.3432,-0.62,122,500,50.0
1770115420.008125,-0.3441,-0.58,122,500,50.0
1770115420.1117108,-0.3458,-0.77,125,500,50.0
1770115420.2156196,-0.3462,-0.75,125,500,50.0
1770115420.3195853,-0.3450,-0.86,125,500,50.0
1770115420.4236972,-0.3422,-0.47,121,500,50.0
1770115420.5165563,-0.3429,-0.59,122,500,50.0
1770115420.620547,-0.3415,-0.40,120,500,50.0
1770115420.7244706,-0.3490,-0.98,127,500,50.0
1770115420.8175642,-0.3477,-0.97,127,500,50.0
1770115420.921643,-0.3479,-1.12,128,500,50.0
1770115421.0252564,-0.3468,-0.65,124,500,50.0
1770115421.1301112,-0.3457,-0.90,126,500,50.0
1770115421.234884,-0.3441,-0.68,123,500,50.0
1770115421.3280442,-0.3470,-0.96,126,500,50.0
1770115421.4324303,-0.3467,-0.90,126,500,50.0
1770115421.5261989,-0.3442,-0.78,124,500,50.0
1770115421.6320746,-0.3425,-0.74,123,500,50.0
1770115421.7361221,-0.3493,-1.23,129,500,50.0
1770115421.8407362,-0.3438,-0.66,123,500,50.0
1770115421.9339886,-0.3449,-0.71,124,500,50.0
1770115422.0421202,-0.3465,-0.89,126,500,50.0
1770115422.1365895,-0.3480,-1.03,127,500,50.0
1770115422.241388,-0.3469,-0.85,126,500,50.0
1770115422.3442297,-0.3474,-1.14,128,500,50.0
1770115422.4376864,-0.3452,-0.99,126,500,50.0
1770115422.5412016,-0.3466,-1.03,127,500,50.0
1770115422.6451178,-0.3483,-1.06,128,500,50.0
1770115422.7490015,-0.3443,-0.69,123,500,50.0
1770115422.8419774,-0.3438,-0.49,122,500,50.0
1770115422.9501894,-0.3454,-0.69,124,500,50.0
1770115423.055327,-0.3451,-0.60,123,500,50.0
1770115423.1476371,-0.3443,-0.54,122,500,50.0
1770115423.2513454,-0.3443,-0.67,123,500,50.0
1770115423.355312,-0.3475,-1.02,127,500,50.0
1770115423.4602914,-0.3470,-0.89,126,500,50.0
1770115423.5528798,-0.3456,-0.75,124,500,50.0
1770115423.6584089,-0.3476,-0.83,126,500,50.0
1770115423.7645538,-0.3451,-0.81,125,500,50.0
1770115423.8570259,-0.3448,-0.51,122,500,50.0
1770115423.9611678,-0.3456,-1.00,126,500,50.0
1770115424.0665188,-0.3452,-1.09,127,500,50.0
1770115424.160879,-0.3449,-0.92,125,500,50.0
1770115424.2654498,-0.3468,-1.05,127,500,50.0
1770115424.37147,-0.3445,-0.52,122,500,50.0
1770115424.4647708,-0.3417,-0.38,120,500,50.0
1770115424.5691786,-0.3450,-0.52,122,500,50.0
1770115424.6730976,-0.3457,-0.74,124,500,50.0
1770115424.7664998,-0.3452,-0.80,125,500,50.0
1770115424.8702812,-0.3443,-0.64,123,500,50.0
1770115424.973589,-0.3409,-0.46,120,500,50.0
1770115425.0783625,-0.3437,-0.68,123,500,50.0
1770115425.1732845,-0.3478,-0.95,127,500,50.0
1770115425.2758987,-0.3436,-0.80,124,500,50.0
1770115425.3798585,-0.3419,-0.58,122,500,50.0
1770115425.4847577,-0.3452,-0.71,124,500,50.0
1770115425.5781457,-0.3441,-0.69,123,500,50.0
1770115425.688917,-0.3427,-0.32,120,500,50.0
